age_bin,ref_ratio,ref_n,kind
0,1.0,1371,CPU
6,0.8290954773869347,1005,CPU
12,0.7991967871485943,642,CPU
18,0.642346208869814,307,CPU
24,0.5703312803455355,166,CPU
30,0.49445054945054945,84,CPU
36,0.48268670309653916,64,CPU
42,0.3897550111358575,40,CPU
48,0.40680867909675883,10,CPU
54,0.4145226130653266,2,CPU
0,1.0013351134846462,1627,GPU
6,0.9007422852376981,1109,GPU
12,0.8170644959644059,686,GPU
18,0.8289982728842833,830,GPU
24,0.8012172573189522,430,GPU
30,0.7387862796833773,161,GPU
36,0.6390155440414508,57,GPU
42,0.5814285714285714,49,GPU
48,0.5698740613904394,8,GPU
54,0.42604010025062655,2,GPU
60,0.9128985507246377,1,GPU
66,0.4259398496240602,2,GPU
72,0.6200527704485488,1,GPU
78,1.3376251788268956,2,GPU
102,1.912928759894459,1,GPU
