model,rel,n,age_m,launch,price,ratio,vs_normal_pct,kind
Core 14700K,0.3230173015435399,4,33.0,409.0,279.5,0.6833740831295844,38.12892491349764,CPU
Core Ultra 245KF,-0.2993809213603917,1,19.0,294.0,139.99,0.476156462585034,-25.87230125903367,CPU
Core Ultra 250K Plus,-0.25641715948417076,5,4.0,199.0,153.99,0.773819095477387,-22.618090452261296,CPU
Core Ultra 265K,-0.39792461775611593,1,23.0,394.0,170.0,0.43147208121827413,-32.828733903881144,CPU
Core Ultra 270K Plus,-0.15136748849546666,13,4.0,299.0,239.99,0.8026421404682275,-14.046822742474918,CPU
Ryzen 5800XT,0.17214639722329703,1,22.0,249.0,189.99,0.7630120481927711,18.785171867872386,CPU
Ryzen 5900XT,0.09808567008453845,2,23.0,349.0,233.11,0.6679369627507163,10.305728007118864,CPU
Ryzen 7600X,0.3416597682522521,2,45.0,299.0,164.0,0.5484949832775919,40.72814142379357,CPU
Ryzen 7600X3D,0.04045164639886465,2,23.0,299.0,199.99,0.6688628762541806,4.128095880105187,CPU
Ryzen 7700X,0.17027898547321346,2,44.0,399.0,184.99,0.4636340852130326,18.563558028735685,CPU
Ryzen 7700X3D,-0.16130386251960677,2,-0.0,329.0,279.99,0.851033434650456,-14.8966565349544,CPU
Ryzen 7800X3D,0.35321750017469217,4,39.0,449.0,309.995,0.690412026726058,42.36407518746679,CPU
Ryzen 7900X,0.2507277352630332,3,45.0,549.0,274.95,0.5008196721311475,28.49601873536298,CPU
Ryzen 9600X,-0.2493923228238637,9,22.0,279.0,131.35,0.4707885304659498,-22.072581364434797,CPU
Ryzen 9800X3D,0.26299142918221663,6,20.0,479.0,400.24,0.8355741127348644,30.081556985072687,CPU
Ryzen 9850X3D,-0.018221113018361094,3,6.0,499.0,439.99,0.8817434869739479,-1.8056112224448917,CPU
Ryzen 9950X3D,0.019246954977096213,8,16.0,699.0,569.495,0.8147281831187411,1.9433371678951428,CPU
RTX 3050 6GB,0.3775845549722197,1,31.0,179.0,192.91,1.0777094972067038,45.875678371907426,GPU
RTX 4070 Super,0.16427097711878852,1,31.0,599.0,521.54,0.8706844741235392,17.853362747436208,GPU
RTX 5050,0.35443078797167776,1,14.0,249.0,289.99,1.1646184738955823,42.53690860976012,GPU
RTX 5060,0.23813371031271724,5,13.0,299.0,309.99,1.0367558528428094,26.887884366961167,GPU
RTX 5060 Ti 16GB,0.18081122735116673,5,14.0,429.0,419.99,0.978997668997669,19.818897263688907,GPU
RTX 5070,0.20019833929347403,24,16.0,549.0,547.995,0.9981693989071039,22.164503434592,GPU
RTX 5070 Ti,0.3632201687640631,15,16.0,749.0,880.0,1.1748998664886516,43.79524165982538,GPU
RTX 5080,0.3600329469072057,25,17.0,999.0,1169.99,1.1711611611611612,43.33766391095042,GPU
RTX 5090,0.9535028488185628,9,19.0,1999.0,4299.99,2.1510705352676336,159.47828911434817,GPU
RX 7900 XTX,0.4706862043535753,1,43.0,999.0,929.99,0.9309209209209209,60.109249298438506,GPU
RX 9070,0.25694966531202007,31,15.0,549.0,579.99,1.056448087431694,29.298004337434392,GPU
RX 9070 XT,0.2837326248495347,36,16.0,599.0,649.99,1.0851252086811352,32.80777882783037,GPU
