series,trough0,peak,trough1,p_trough0,p_peak,p_trough1,rise_x,up_months,back_months,back_months_120,half_life,fall_months,fall_rate
boj_memory_import,2008-12-01,2010-01-01,2012-04-01,171.0,237.7,150.4,1.3900584795321638,13,20.0,9.0,9.0,27.0,0.016952257883348473
boj_memory_import,2012-04-01,2014-11-01,2016-06-01,150.4,200.6,125.3,1.3337765957446808,31,13.0,4.0,6.0,19.0,0.024768527032937502
boj_memory_import,2016-06-01,2018-02-01,2020-12-01,125.3,190.4,95.5,1.5195530726256985,20,16.0,12.0,11.0,34.0,0.020294143378546483
boj_memory_import,2020-12-01,2021-12-01,2023-09-01,95.5,125.4,66.9,1.3130890052356021,12,13.0,7.0,10.0,21.0,0.029919507669744643
spot_chain,2001-11-01,2002-02-01,2003-04-01,728.1415912679478,1656.2639900111933,892.3423897168132,2.274645494603682,3,38.0,37.0,4.0,14.0,0.044176416613835014
spot_chain,2003-04-01,2004-04-01,2006-04-01,892.3423897168132,1369.8923327747275,587.5426036771115,1.5351644711280228,12,11.0,8.0,8.0,24.0,0.035272444426335293
spot_chain,2006-04-01,2006-10-01,2008-12-01,587.5426036771115,770.9749124890643,91.80446381314232,1.3122025665270045,6,4.0,2.0,3.0,26.0,0.0818459581634414
spot_chain,2008-12-01,2010-02-01,2011-11-01,91.80446381314232,274.8825308617409,67.01914946253494,2.9942174862132354,14,21.0,21.0,10.0,21.0,0.0672078787846129
spot_chain,2011-11-01,2014-11-01,2016-06-01,67.01914946253494,196.0966678516187,59.0762022865048,2.925979655430284,36,17.0,13.0,7.0,19.0,0.06314629295989949
spot_chain,2016-06-01,2018-01-01,2019-12-01,59.0762022865048,146.44579355305606,55.33048401347182,2.4789303964197056,19,22.0,16.0,14.0,23.0,0.04231875415129035
spot_chain,2019-12-01,2021-04-01,2023-08-01,55.33048401347182,130.0500092717952,37.34984620178041,2.3504224044042474,16,19.0,17.0,14.0,28.0,0.04455679533483121
contract_chain,2009-01-01,2013-12-01,2016-07-01,53.174513144429206,142.15721958627086,66.45163192094724,2.6734089544017547,59,80.0,78.0,25.0,31.0,0.024530944575060342
contract_chain,2016-07-01,2017-12-01,2020-10-01,66.45163192094724,156.98397002203893,52.25492360123868,2.362379455312573,17,30.0,28.0,9.0,34.0,0.0323532229516782
contract_chain,2020-10-01,2021-08-01,2023-09-01,52.25492360123868,97.13967461406824,34.20349182088261,1.858957355967995,10,17.0,14.0,11.0,25.0,0.04175288593479572
ddr4_8gb_spot,2016-07-01,2018-01-01,2019-12-01,3.633,9.621,2.757,2.64822460776218,18,17.0,16.0,14.0,23.0,0.05433935118858556
ddr4_8gb_spot,2019-12-01,2020-04-01,2020-08-01,2.757,3.637,2.59,1.3191875226695684,4,3.0,1.0,1.0,4.0,0.08487532257335141
ddr4_8gb_spot,2020-08-01,2021-07-01,2023-09-01,2.59,4.585,1.434,1.7702702702702704,11,14.0,13.0,4.0,26.0,0.04470470628965383
ddr3_2gb_spot,2011-12-01,2014-01-01,2014-04-01,0.72,2.916,2.00175,4.05,25,,,18.0,3.0,0.12539700539193518
ddr3_2gb_spot,2014-04-01,2014-08-01,2014-10-01,2.00175,2.916,2.0692500000000003,1.4567253653053578,4,4.0,1.0,1.0,2.0,0.1715132956815217
ddr3_2gb_spot,2014-10-01,2014-11-01,2016-05-01,2.0692500000000003,2.916,0.89625,1.409206234142805,1,1.0,1.0,1.0,18.0,0.06554159451192881
ddr3_2gb_spot,2016-05-01,2018-05-01,2019-12-01,0.89625,1.8585,0.986,2.073640167364017,24,,13.0,11.0,19.0,0.033361507112351134
ddr3_4gb_spot,2016-05-01,2017-11-01,2019-06-01,1.4495,4.094,1.488,2.8244222145567437,18,33.0,18.0,15.0,19.0,0.053267871096220935
ddr3_4gb_spot,2019-06-01,2020-03-01,2020-08-01,1.488,1.987,1.4135,1.3353494623655915,9,4.0,1.0,2.0,5.0,0.06811141308363437
ddr3_4gb_spot,2020-08-01,2021-03-01,2025-01-01,1.4135,3.464,0.769,2.450654403961797,7,21.0,19.0,17.0,46.0,0.03271931087340613
ddr2_1gb_spot,2008-12-01,2010-02-01,2011-11-01,0.62,2.29,1.08,3.6935483870967745,14,,,21.0,21.0,0.03579003697285809
ddr2_1gb_spot,2011-11-01,2014-02-01,,1.08,1.7755,,1.6439814814814815,27,,12.0,10.0,,
ddr_256mb_spot,2002-06-01,2002-10-01,2003-04-01,5.28,7.07,3.29,1.3390151515151516,4,3.0,3.0,3.0,6.0,0.12749548585520015
ddr_256mb_spot,2003-04-01,2004-04-01,2006-03-01,3.29,5.585,2.095,1.6975683890577506,12,11.0,8.0,7.0,23.0,0.04263177735422012
ddr_256mb_spot,2006-03-01,2006-10-01,,2.095,3.17,,1.513126491646778,7,6.0,4.0,4.0,,
nand_spot_chain,2007-01-01,2007-08-01,2008-12-01,673.2044053248851,1461.3237964892744,194.96463036330837,2.1706985054324575,7,6.0,5.0,3.0,16.0,0.1258924909033603
nand_spot_chain,2008-12-01,2009-02-01,2014-10-01,194.96463036330837,325.0419773201948,106.579289990228,1.6671843334582932,2,36.0,34.0,34.0,68.0,0.016398016468856347
nand_spot_chain,2014-10-01,2014-11-01,2015-11-01,106.579289990228,151.14669164625752,77.62868789219989,1.418161930522485,1,1.0,1.0,1.0,12.0,0.05552614874150333
nand_spot_chain,2015-11-01,2017-10-01,2019-06-01,77.62868789219989,145.15247626071272,77.80395950962328,1.8698303449657765,23,57.0,18.0,14.0,20.0,0.031179621350385572
nand_spot_chain,2019-06-01,2020-03-01,2023-07-01,77.80395950962328,118.47721077217474,37.87534264584491,1.5227658273294014,9,28.0,9.0,5.0,40.0,0.02851050793444978
nand_spot_chain,2023-07-01,2024-03-01,2025-02-01,37.87534264584491,74.1105747271106,48.42596735593354,1.9566971425205273,8,,,7.0,11.0,0.0386838223199989
nand_512_wafer,2019-06-01,2020-03-01,2023-07-01,3.793,5.797499999999999,1.404,1.5284735038228314,9,28.0,8.0,5.0,40.0,0.03545253711359826
nand_512_wafer,2023-07-01,2024-03-01,2024-11-01,1.404,3.764,2.395,2.680911680911681,8,,,,8.0,0.05651237385753182
retail_ssd_mccallum,2016-06-01,2017-06-01,2023-09-01,0.000203,0.000271,3.05e-05,1.334975369458128,12,12.0,8.0,8.0,75.0,0.029125228496884467
retail_mccallum,1987-10-01,1988-07-01,1992-10-01,133.0,505.0,26.3,3.7969924812030076,9,15.0,15.0,12.0,51.0,0.057940970393953746
retail_mccallum,1992-10-01,1993-11-01,1997-03-01,26.3,39.8,3.0,1.5133079847908744,13,28.0,17.0,12.0,40.0,0.06463136559055706
retail_mccallum,1997-03-01,1997-08-01,1998-02-01,3.0,4.13,0.91,1.3766666666666667,5,4.0,2.0,2.0,6.0,0.2520980144073638
retail_mccallum,1998-02-01,1998-04-01,1998-11-01,0.91,1.22,0.84,1.3406593406593406,2,7.0,2.0,2.0,7.0,0.053314892269991844
retail_mccallum,1998-11-01,1999-03-01,1999-07-01,0.84,1.25,0.78,1.4880952380952381,4,4.0,2.0,2.0,4.0,0.11790122765317733
retail_mccallum,1999-07-01,1999-12-01,2000-05-01,0.78,2.35,0.7,3.0128205128205128,5,5.0,4.0,3.0,5.0,0.24221805441896
retail_mccallum,2000-05-01,2000-10-01,2002-02-01,0.7,1.12,0.13,1.6000000000000003,5,4.0,3.0,3.0,16.0,0.13459684461459737
retail_mccallum,2002-02-01,2002-06-01,2003-04-01,0.13,0.33,0.076,2.5384615384615383,4,10.0,10.0,2.0,10.0,0.1468359314174195
retail_mccallum,2003-04-01,2004-06-01,2005-11-01,0.076,0.203,0.116,2.671052631578948,14,23.0,23.0,17.0,17.0,0.03291857576090722
retail_mccallum,2005-11-01,2005-12-01,2008-12-01,0.116,0.185,0.01,1.5948275862068964,1,3.0,3.0,3.0,36.0,0.08104918700234108
retail_mccallum,2008-12-01,2010-05-01,2012-11-01,0.01,0.0242,0.0037,2.42,17,8.0,8.0,6.0,30.0,0.0626006604504154
retail_mccallum,2012-11-01,2014-02-01,2016-06-01,0.0037,0.0095,0.0027,2.5675675675675675,15,22.0,19.0,15.0,28.0,0.04493000091415041
retail_mccallum,2016-06-01,2017-12-01,2019-07-01,0.0027,0.0071,0.0027,2.6296296296296298,18,19.0,18.0,13.0,19.0,0.05088647426510455
retail_mccallum,2019-07-01,2021-04-01,2023-11-01,0.0027,0.004,0.00128,1.4814814814814814,21,8.0,5.0,5.0,31.0,0.03675594461897951
