month,series,median,p25,p75,n
2019-01,accepted_cpu,,,,52
2019-02,accepted_cpu,,,,49
2019-03,accepted_cpu,,,,110
2019-04,accepted_cpu,,,,79
2019-05,accepted_cpu,,,,83
2019-06,accepted_cpu,,,,58
2019-07,accepted_cpu,,,,158
2019-08,accepted_cpu,,,,64
2019-09,accepted_cpu,,,,90
2019-10,accepted_cpu,,,,79
2019-11,accepted_cpu,,,,139
2019-12,accepted_cpu,,,,89
2020-01,accepted_cpu,,,,90
2020-02,accepted_cpu,,,,67
2020-03,accepted_cpu,,,,58
2020-04,accepted_cpu,,,,66
2020-05,accepted_cpu,,,,122
2020-06,accepted_cpu,,,,60
2020-07,accepted_cpu,,,,100
2020-08,accepted_cpu,,,,62
2020-09,accepted_cpu,,,,68
2020-10,accepted_cpu,,,,63
2020-11,accepted_cpu,,,,238
2020-12,accepted_cpu,,,,273
2021-01,accepted_cpu,,,,129
2021-02,accepted_cpu,,,,147
2021-03,accepted_cpu,,,,92
2021-04,accepted_cpu,,,,82
2021-05,accepted_cpu,,,,51
2021-06,accepted_cpu,,,,53
2021-07,accepted_cpu,,,,56
2021-08,accepted_cpu,,,,69
2021-09,accepted_cpu,,,,21
2021-10,accepted_cpu,,,,18
2021-11,accepted_cpu,,,,67
2021-12,accepted_cpu,,,,28
2022-01,accepted_cpu,,,,45
2022-02,accepted_cpu,,,,36
2022-03,accepted_cpu,,,,40
2022-04,accepted_cpu,,,,77
2022-05,accepted_cpu,,,,26
2022-06,accepted_cpu,,,,25
2022-07,accepted_cpu,,,,74
2022-08,accepted_cpu,,,,53
2022-09,accepted_cpu,,,,54
2022-10,accepted_cpu,,,,78
2022-11,accepted_cpu,,,,126
2022-12,accepted_cpu,,,,43
2023-01,accepted_cpu,,,,38
2023-02,accepted_cpu,,,,32
2023-03,accepted_cpu,,,,44
2023-04,accepted_cpu,,,,69
2023-05,accepted_cpu,,,,76
2023-06,accepted_cpu,,,,60
2023-07,accepted_cpu,,,,74
2023-08,accepted_cpu,,,,54
2023-09,accepted_cpu,,,,13
2023-10,accepted_cpu,,,,48
2023-11,accepted_cpu,,,,89
2023-12,accepted_cpu,,,,28
2024-01,accepted_cpu,,,,27
2024-02,accepted_cpu,,,,20
2024-03,accepted_cpu,,,,17
2024-04,accepted_cpu,,,,21
2024-05,accepted_cpu,,,,76
2024-06,accepted_cpu,,,,29
2024-07,accepted_cpu,,,,52
2024-08,accepted_cpu,,,,32
2024-09,accepted_cpu,,,,31
2024-10,accepted_cpu,,,,28
2024-11,accepted_cpu,,,,90
2024-12,accepted_cpu,,,,47
2025-01,accepted_cpu,,,,55
2025-02,accepted_cpu,,,,40
2025-03,accepted_cpu,,,,36
2025-04,accepted_cpu,,,,37
2025-05,accepted_cpu,,,,33
2025-06,accepted_cpu,,,,33
2025-07,accepted_cpu,,,,45
2025-08,accepted_cpu,,,,13
2025-09,accepted_cpu,,,,12
2025-10,accepted_cpu,,,,36
2025-11,accepted_cpu,,,,26
2025-12,accepted_cpu,,,,8
2026-01,accepted_cpu,,,,13
2026-02,accepted_cpu,,,,15
2026-03,accepted_cpu,,,,24
2026-04,accepted_cpu,,,,28
2026-05,accepted_cpu,,,,16
2026-06,accepted_cpu,,,,31
2026-07,accepted_cpu,,,,20
2026-08,accepted_cpu,,,,30
2026-09,accepted_cpu,,,,5
2026-10,accepted_cpu,,,,11
2019-01,accepted_gpu,,,,118
2019-02,accepted_gpu,,,,136
2019-03,accepted_gpu,,,,153
2019-04,accepted_gpu,,,,138
2019-05,accepted_gpu,,,,153
2019-06,accepted_gpu,,,,103
2019-07,accepted_gpu,,,,238
2019-08,accepted_gpu,,,,170
2019-09,accepted_gpu,,,,165
2019-10,accepted_gpu,,,,100
2019-11,accepted_gpu,,,,206
2019-12,accepted_gpu,,,,153
2020-01,accepted_gpu,,,,92
2020-02,accepted_gpu,,,,70
2020-03,accepted_gpu,,,,77
2020-04,accepted_gpu,,,,109
2020-05,accepted_gpu,,,,99
2020-06,accepted_gpu,,,,84
2020-07,accepted_gpu,,,,88
2020-08,accepted_gpu,,,,83
2020-09,accepted_gpu,,,,51
2020-10,accepted_gpu,,,,60
2020-11,accepted_gpu,,,,166
2020-12,accepted_gpu,,,,192
2021-01,accepted_gpu,,,,156
2021-02,accepted_gpu,,,,97
2021-03,accepted_gpu,,,,57
2021-04,accepted_gpu,,,,40
2021-05,accepted_gpu,,,,24
2021-06,accepted_gpu,,,,30
2021-07,accepted_gpu,,,,33
2021-08,accepted_gpu,,,,43
2021-09,accepted_gpu,,,,35
2021-10,accepted_gpu,,,,23
2021-11,accepted_gpu,,,,24
2021-12,accepted_gpu,,,,48
2022-01,accepted_gpu,,,,70
2022-02,accepted_gpu,,,,59
2022-03,accepted_gpu,,,,266
2022-04,accepted_gpu,,,,324
2022-05,accepted_gpu,,,,216
2022-06,accepted_gpu,,,,156
2022-07,accepted_gpu,,,,238
2022-08,accepted_gpu,,,,208
2022-09,accepted_gpu,,,,195
2022-10,accepted_gpu,,,,199
2022-11,accepted_gpu,,,,264
2022-12,accepted_gpu,,,,142
2023-01,accepted_gpu,,,,139
2023-02,accepted_gpu,,,,86
2023-03,accepted_gpu,,,,79
2023-04,accepted_gpu,,,,81
2023-05,accepted_gpu,,,,114
2023-06,accepted_gpu,,,,86
2023-07,accepted_gpu,,,,106
2023-08,accepted_gpu,,,,73
2023-09,accepted_gpu,,,,84
2023-10,accepted_gpu,,,,107
2023-11,accepted_gpu,,,,118
2023-12,accepted_gpu,,,,40
2024-01,accepted_gpu,,,,79
2024-02,accepted_gpu,,,,51
2024-03,accepted_gpu,,,,85
2024-04,accepted_gpu,,,,44
2024-05,accepted_gpu,,,,33
2024-06,accepted_gpu,,,,64
2024-07,accepted_gpu,,,,80
2024-08,accepted_gpu,,,,33
2024-09,accepted_gpu,,,,20
2024-10,accepted_gpu,,,,44
2024-11,accepted_gpu,,,,106
2024-12,accepted_gpu,,,,112
2025-01,accepted_gpu,,,,45
2025-02,accepted_gpu,,,,90
2025-03,accepted_gpu,,,,113
2025-04,accepted_gpu,,,,149
2025-05,accepted_gpu,,,,98
2025-06,accepted_gpu,,,,85
2025-07,accepted_gpu,,,,126
2025-08,accepted_gpu,,,,89
2025-09,accepted_gpu,,,,81
2025-10,accepted_gpu,,,,77
2025-11,accepted_gpu,,,,111
2025-12,accepted_gpu,,,,102
2026-01,accepted_gpu,,,,98
2026-02,accepted_gpu,,,,48
2026-03,accepted_gpu,,,,46
2026-04,accepted_gpu,,,,63
2026-05,accepted_gpu,,,,77
2026-06,accepted_gpu,,,,84
2026-07,accepted_gpu,,,,60
2026-08,accepted_gpu,,,,26
2026-09,accepted_gpu,,,,27
2026-10,accepted_gpu,,,,10
2019-01,accepted_ram,,,,114
2019-02,accepted_ram,,,,126
2019-03,accepted_ram,,,,140
2019-04,accepted_ram,,,,175
2019-05,accepted_ram,,,,209
2019-06,accepted_ram,,,,241
2019-07,accepted_ram,,,,164
2019-08,accepted_ram,,,,116
2019-09,accepted_ram,,,,77
2019-10,accepted_ram,,,,147
2019-11,accepted_ram,,,,279
2019-12,accepted_ram,,,,182
2020-01,accepted_ram,,,,96
2020-02,accepted_ram,,,,59
2020-03,accepted_ram,,,,63
2020-04,accepted_ram,,,,107
2020-05,accepted_ram,,,,128
2020-06,accepted_ram,,,,132
2020-07,accepted_ram,,,,128
2020-08,accepted_ram,,,,146
2020-09,accepted_ram,,,,106
2020-10,accepted_ram,,,,163
2020-11,accepted_ram,,,,189
2020-12,accepted_ram,,,,70
2021-01,accepted_ram,,,,55
2021-02,accepted_ram,,,,45
2021-03,accepted_ram,,,,29
2021-04,accepted_ram,,,,26
2021-05,accepted_ram,,,,35
2021-06,accepted_ram,,,,41
2021-07,accepted_ram,,,,44
2021-08,accepted_ram,,,,77
2021-09,accepted_ram,,,,81
2021-10,accepted_ram,,,,58
2021-11,accepted_ram,,,,76
2021-12,accepted_ram,,,,67
2022-01,accepted_ram,,,,69
2022-02,accepted_ram,,,,19
2022-03,accepted_ram,,,,19
2022-04,accepted_ram,,,,23
2022-05,accepted_ram,,,,30
2022-06,accepted_ram,,,,25
2022-07,accepted_ram,,,,71
2022-08,accepted_ram,,,,55
2022-09,accepted_ram,,,,48
2022-10,accepted_ram,,,,42
2022-11,accepted_ram,,,,78
2022-12,accepted_ram,,,,58
2023-01,accepted_ram,,,,69
2023-02,accepted_ram,,,,36
2023-03,accepted_ram,,,,53
2023-04,accepted_ram,,,,61
2023-05,accepted_ram,,,,32
2023-06,accepted_ram,,,,28
2023-07,accepted_ram,,,,33
2023-08,accepted_ram,,,,18
2023-09,accepted_ram,,,,7
2023-10,accepted_ram,,,,9
2023-11,accepted_ram,,,,11
2023-12,accepted_ram,,,,5
2024-01,accepted_ram,,,,1
2024-02,accepted_ram,,,,6
2024-03,accepted_ram,,,,8
2024-04,accepted_ram,,,,8
2024-05,accepted_ram,,,,7
2024-06,accepted_ram,,,,3
2024-07,accepted_ram,,,,15
2024-08,accepted_ram,,,,2
2024-09,accepted_ram,,,,3
2024-10,accepted_ram,,,,4
2024-11,accepted_ram,,,,15
2024-12,accepted_ram,,,,16
2025-01,accepted_ram,,,,14
2025-02,accepted_ram,,,,2
2025-03,accepted_ram,,,,11
2025-04,accepted_ram,,,,8
2025-05,accepted_ram,,,,11
2025-06,accepted_ram,,,,8
2025-07,accepted_ram,,,,11
2025-08,accepted_ram,,,,6
2025-09,accepted_ram,,,,7
2025-10,accepted_ram,,,,23
2025-11,accepted_ram,,,,73
2025-12,accepted_ram,,,,32
2026-01,accepted_ram,,,,34
2026-02,accepted_ram,,,,12
2026-03,accepted_ram,,,,19
2026-04,accepted_ram,,,,13
2026-05,accepted_ram,,,,3
2026-06,accepted_ram,,,,5
2026-07,accepted_ram,,,,7
2026-08,accepted_ram,,,,4
2019-01,accepted_ssd,,,,131
2019-02,accepted_ssd,,,,148
2019-03,accepted_ssd,,,,157
2019-04,accepted_ssd,,,,158
2019-05,accepted_ssd,,,,178
2019-06,accepted_ssd,,,,201
2019-07,accepted_ssd,,,,154
2019-08,accepted_ssd,,,,105
2019-09,accepted_ssd,,,,69
2019-10,accepted_ssd,,,,98
2019-11,accepted_ssd,,,,221
2019-12,accepted_ssd,,,,140
2020-01,accepted_ssd,,,,53
2020-02,accepted_ssd,,,,41
2020-03,accepted_ssd,,,,74
2020-04,accepted_ssd,,,,90
2020-05,accepted_ssd,,,,129
2020-06,accepted_ssd,,,,141
2020-07,accepted_ssd,,,,183
2020-08,accepted_ssd,,,,171
2020-09,accepted_ssd,,,,175
2020-10,accepted_ssd,,,,220
2020-11,accepted_ssd,,,,317
2020-12,accepted_ssd,,,,143
2021-01,accepted_ssd,,,,104
2021-02,accepted_ssd,,,,68
2021-03,accepted_ssd,,,,79
2021-04,accepted_ssd,,,,59
2021-05,accepted_ssd,,,,46
2021-06,accepted_ssd,,,,94
2021-07,accepted_ssd,,,,55
2021-08,accepted_ssd,,,,86
2021-09,accepted_ssd,,,,80
2021-10,accepted_ssd,,,,85
2021-11,accepted_ssd,,,,154
2021-12,accepted_ssd,,,,84
2022-01,accepted_ssd,,,,98
2022-02,accepted_ssd,,,,72
2022-03,accepted_ssd,,,,53
2022-04,accepted_ssd,,,,65
2022-05,accepted_ssd,,,,53
2022-06,accepted_ssd,,,,73
2022-07,accepted_ssd,,,,116
2022-08,accepted_ssd,,,,150
2022-09,accepted_ssd,,,,75
2022-10,accepted_ssd,,,,103
2022-11,accepted_ssd,,,,204
2022-12,accepted_ssd,,,,141
2023-01,accepted_ssd,,,,110
2023-02,accepted_ssd,,,,157
2023-03,accepted_ssd,,,,148
2023-04,accepted_ssd,,,,123
2023-05,accepted_ssd,,,,144
2023-06,accepted_ssd,,,,132
2023-07,accepted_ssd,,,,183
2023-08,accepted_ssd,,,,90
2023-09,accepted_ssd,,,,59
2023-10,accepted_ssd,,,,77
2023-11,accepted_ssd,,,,100
2023-12,accepted_ssd,,,,36
2024-01,accepted_ssd,,,,22
2024-02,accepted_ssd,,,,34
2024-03,accepted_ssd,,,,37
2024-04,accepted_ssd,,,,26
2024-05,accepted_ssd,,,,18
2024-06,accepted_ssd,,,,26
2024-07,accepted_ssd,,,,40
2024-08,accepted_ssd,,,,22
2024-09,accepted_ssd,,,,24
2024-10,accepted_ssd,,,,38
2024-11,accepted_ssd,,,,70
2024-12,accepted_ssd,,,,30
2025-01,accepted_ssd,,,,17
2025-02,accepted_ssd,,,,31
2025-03,accepted_ssd,,,,26
2025-04,accepted_ssd,,,,15
2025-05,accepted_ssd,,,,10
2025-06,accepted_ssd,,,,17
2025-07,accepted_ssd,,,,32
2025-08,accepted_ssd,,,,28
2025-09,accepted_ssd,,,,21
2025-10,accepted_ssd,,,,35
2025-11,accepted_ssd,,,,37
2025-12,accepted_ssd,,,,50
2026-01,accepted_ssd,,,,54
2026-02,accepted_ssd,,,,29
2026-03,accepted_ssd,,,,38
2026-04,accepted_ssd,,,,9
2026-05,accepted_ssd,,,,8
2026-06,accepted_ssd,,,,18
2026-07,accepted_ssd,,,,13
2026-08,accepted_ssd,,,,30
2026-09,accepted_ssd,,,,17
2026-10,accepted_ssd,,,,7
2025-04,cpu:Core 14600K,189.99,189.99,189.99,2
2025-05,cpu:Core 14600K,164.0,164.0,171.2425,4
2025-06,cpu:Core 14600K,149.0,149.0,149.0,1
2025-08,cpu:Core 14600K,150.0,149.995,157.0,3
2025-09,cpu:Core 14600K,150.0,149.995,157.0,3
2025-10,cpu:Core 14600K,164.99,164.99,164.99,2
2025-11,cpu:Core 14600K,156.995,153.4925,160.4975,2
2025-12,cpu:Core 14600K,169.99,169.99,169.99,1
2019-01,cpu:Core 9700K,389.495,383.0,392.49,4
2019-03,cpu:Core 9700K,409.95,409.95,409.95,1
2019-04,cpu:Core 9700K,389.99,389.99,389.99,3
2019-05,cpu:Core 9700K,374.945,372.4225,377.4675,2
2019-06,cpu:Core 9700K,369.99,362.49,373.74,6
2019-07,cpu:Core 9700K,329.99,322.49,349.99,8
2019-08,cpu:Core 9700K,327.105,301.045,350.0,6
2019-09,cpu:Core 9700K,300.0,299.99,320.0,7
2019-10,cpu:Core 9700K,288.04,288.0,288.04,5
2019-11,cpu:Core 9700K,299.99,299.0,299.995,7
2019-12,cpu:Core 9700K,339.0,334.495,344.495,3
2020-01,cpu:Core 9700K,319.99,309.99,329.99,2
2020-02,cpu:Core 9700K,359.99,354.99,364.99,2
2020-04,cpu:Core 9700K,329.99,284.99,354.99,3
2020-05,cpu:Core 9700K,351.49,337.24,365.74,2
2020-07,cpu:Core 9700K,322.49,311.24,333.74,2
2020-08,cpu:Core 9700K,269.99,269.99,284.99,3
2020-09,cpu:Core 9700K,289.99,265.495,299.99,7
2020-10,cpu:Core 9700K,274.99,199.99,286.995,7
2020-11,cpu:Core 9700K,199.99,199.0,269.0,9
2020-12,cpu:Core 9700K,234.495,217.2425,251.7475,2
2021-01,cpu:Core 9700K,249.99,242.4925,249.99,4
2021-02,cpu:Core 9700K,219.99,219.99,219.99,1
2021-08,cpu:Core 9700K,199.99,199.99,199.99,5
2021-09,cpu:Core 9700K,180.0,165.0,189.995,3
2019-01,cpu:Core 9900K,499.97,499.2375,499.99,6
2019-02,cpu:Core 9900K,467.5,412.0,499.0,5
2019-04,cpu:Core 9900K,489.99,484.495,489.99,7
2019-05,cpu:Core 9900K,474.99,461.995,477.49,3
2019-06,cpu:Core 9900K,474.99,474.99,474.99,1
2019-07,cpu:Core 9900K,385.0,285.0,438.74,7
2019-08,cpu:Core 9900K,449.99,449.99,449.99,1
2019-09,cpu:Core 9900K,475.0,475.0,475.0,1
2019-10,cpu:Core 9900K,449.99,449.99,449.99,1
2019-11,cpu:Core 9900K,449.0,449.0,449.0,1
2019-12,cpu:Core 9900K,459.99,459.99,459.99,1
2020-02,cpu:Core 9900K,429.995,429.9925,429.9975,2
2020-03,cpu:Core 9900K,499.95,499.95,499.95,1
2020-04,cpu:Core 9900K,449.495,430.95,449.99,8
2020-05,cpu:Core 9900K,529.0,529.0,529.0,1
2020-06,cpu:Core 9900K,484.99,484.99,484.99,1
2020-07,cpu:Core 9900K,429.99,424.99,429.995,3
2020-08,cpu:Core 9900K,380.0,379.99,399.99,9
2020-09,cpu:Core 9900K,362.495,353.7425,371.2475,2
2020-10,cpu:Core 9900K,362.49,329.9975,391.24,6
2020-11,cpu:Core 9900K,319.99,319.99,320.0,9
2020-12,cpu:Core 9900K,339.99,334.995,349.99,3
2021-01,cpu:Core 9900K,339.99,339.99,339.99,2
2021-02,cpu:Core 9900K,326.99,326.99,326.99,1
2021-03,cpu:Core 9900K,249.99,249.99,250.0,5
2021-06,cpu:Core 9900K,314.495,312.2425,316.7475,2
2021-07,cpu:Core 9900K,315.0,315.0,315.0,1
2021-08,cpu:Core 9900K,289.0,289.0,289.0,3
2026-04,cpu:Core Ultra 270K Plus,329.0,329.0,329.0,1
2026-05,cpu:Core Ultra 270K Plus,279.99,274.99,279.99,4
2026-06,cpu:Core Ultra 270K Plus,264.99,257.49,264.995,3
2026-08,cpu:Core Ultra 270K Plus,248.495,209.99,262.9925,6
2026-09,cpu:Core Ultra 270K Plus,199.99,199.99,199.99,2
2026-10,cpu:Core Ultra 270K Plus,232.35,232.175,232.52499999999998,2
2019-01,cpu:Ryzen 1600,99.99,99.2475,99.9975,10
2019-02,cpu:Ryzen 1600,97.0,96.0,98.0,2
2019-03,cpu:Ryzen 1600,79.99,79.99,101.4975,18
2019-04,cpu:Ryzen 1600,114.37,99.8425,119.24,14
2019-05,cpu:Ryzen 1600,101.99,99.44,118.99,9
2019-06,cpu:Ryzen 1600,87.99,79.99,96.99,4
2019-07,cpu:Ryzen 1600,86.0,83.0,95.495,3
2019-08,cpu:Ryzen 1600,79.99,79.99,79.99,1
2019-09,cpu:Ryzen 1600,94.29,94.29,94.29,2
2019-10,cpu:Ryzen 1600,80.0,80.0,80.0,1
2019-11,cpu:Ryzen 1600,84.195,83.2925,85.0975,2
2019-12,cpu:Ryzen 1600,85.0,85.0,85.0,3
2020-01,cpu:Ryzen 1600,85.0,85.0,85.0,7
2020-02,cpu:Ryzen 1600,85.0,85.0,87.5,4
2020-03,cpu:Ryzen 1600,85.0,85.0,85.0,2
2020-04,cpu:Ryzen 1600,85.0,85.0,85.0,2
2020-05,cpu:Ryzen 1600,104.99,104.99,105.0,5
2020-06,cpu:Ryzen 1600,104.0,104.0,104.0,1
2020-07,cpu:Ryzen 1600,104.99,104.99,104.99249999999999,4
2020-12,cpu:Ryzen 1600,149.99,149.99,149.99,1
2021-01,cpu:Ryzen 1600,124.7,112.05000000000001,137.35,2
2021-05,cpu:Ryzen 1600,118.01,118.01,118.01,2
2019-01,cpu:Ryzen 2600,154.995,154.99,161.75,6
2019-02,cpu:Ryzen 2600,149.99,149.99,157.495,7
2019-03,cpu:Ryzen 2600,149.99,139.99,154.99,19
2019-04,cpu:Ryzen 2600,149.99,149.99,152.495,3
2019-05,cpu:Ryzen 2600,145.0,144.24,148.7475,10
2019-06,cpu:Ryzen 2600,145.385,133.7425,146.835,4
2019-07,cpu:Ryzen 2600,120.0,119.99,126.5325,14
2019-08,cpu:Ryzen 2600,140.0,140.0,140.0,3
2019-09,cpu:Ryzen 2600,119.99,117.49,119.99,8
2019-10,cpu:Ryzen 2600,118.0,116.495,118.5,3
2019-11,cpu:Ryzen 2600,109.99,109.99,115.6625,8
2019-12,cpu:Ryzen 2600,114.99,110.2,114.99,5
2020-01,cpu:Ryzen 2600,114.99,114.99,119.0,5
2020-02,cpu:Ryzen 2600,109.99,109.99,119.99,5
2020-03,cpu:Ryzen 2600,119.0,119.0,119.0,1
2020-04,cpu:Ryzen 2600,114.99,112.49,117.49,2
2020-06,cpu:Ryzen 2600,98.0,97.0,99.0,2
2020-07,cpu:Ryzen 2600,134.99,134.99,134.99,1
2020-08,cpu:Ryzen 2600,138.95,119.475,139.47,3
2020-09,cpu:Ryzen 2600,139.99,139.99,139.99,1
2020-10,cpu:Ryzen 2600,135.0,135.0,137.0,3
2020-11,cpu:Ryzen 2600,129.0,129.0,129.0,1
2020-12,cpu:Ryzen 2600,159.99,138.985,169.99,3
2019-01,cpu:Ryzen 2700X,279.99,279.99,279.99,1
2019-03,cpu:Ryzen 2700X,284.99,284.99,284.99,6
2019-04,cpu:Ryzen 2700X,278.98,274.485,304.49,3
2019-05,cpu:Ryzen 2700X,258.99,253.7,269.49,3
2019-06,cpu:Ryzen 2700X,269.99,264.995,277.49,3
2019-07,cpu:Ryzen 2700X,199.99,199.99,199.99,30
2019-08,cpu:Ryzen 2700X,238.99,238.99,238.99,1
2019-09,cpu:Ryzen 2700X,199.99,197.99,219.2225,12
2019-10,cpu:Ryzen 2700X,194.495,182.4925,199.99,12
2019-11,cpu:Ryzen 2700X,161.5,159.0,169.995,23
2019-12,cpu:Ryzen 2700X,159.0,158.9975,161.43,8
2020-01,cpu:Ryzen 2700X,165.0,164.865,179.165,12
2020-02,cpu:Ryzen 2700X,166.745,158.365,169.2475,4
2020-03,cpu:Ryzen 2700X,189.99,189.99,189.99,1
2020-07,cpu:Ryzen 2700X,230.99,230.99,230.99,1
2020-08,cpu:Ryzen 2700X,224.0,224.0,224.0,1
2020-09,cpu:Ryzen 2700X,222.99,222.99,222.99,1
2020-10,cpu:Ryzen 2700X,267.49,236.24,298.74,2
2020-11,cpu:Ryzen 2700X,209.99,209.99,209.99,1
2021-01,cpu:Ryzen 2700X,274.99,274.99,274.99,1
2019-07,cpu:Ryzen 3600,180.0,179.995,189.995,3
2019-08,cpu:Ryzen 3600,184.495,179.99,189.2475,4
2019-09,cpu:Ryzen 3600,189.99,188.29000000000002,189.995,7
2019-10,cpu:Ryzen 3600,162.49,154.99,172.49,4
2019-11,cpu:Ryzen 3600,178.695,175.5425,181.8475,2
2019-12,cpu:Ryzen 3600,170.0,170.0,170.0,5
2020-01,cpu:Ryzen 3600,169.99,154.99,179.99,15
2020-02,cpu:Ryzen 3600,162.49,149.99,171.24,12
2020-03,cpu:Ryzen 3600,164.99,160.0,164.99,5
2020-04,cpu:Ryzen 3600,164.995,159.99,165.0,8
2020-05,cpu:Ryzen 3600,167.0,159.99,172.39,23
2020-06,cpu:Ryzen 3600,166.0,164.995,166.99,11
2020-07,cpu:Ryzen 3600,159.985,158.97,163.74,18
2020-08,cpu:Ryzen 3600,169.495,166.7475,171.2425,4
2020-09,cpu:Ryzen 3600,174.99,174.99,175.0,12
2020-10,cpu:Ryzen 3600,174.99,174.99,175.7425,10
2020-11,cpu:Ryzen 3600,192.23,185.26999999999998,199.99,23
2020-12,cpu:Ryzen 3600,199.99,199.0,200.0,88
2021-01,cpu:Ryzen 3600,199.0,179.99,199.99,17
2021-02,cpu:Ryzen 3600,194.995,194.99,195.0,6
2021-03,cpu:Ryzen 3600,179.995,169.9975,189.9925,2
2021-05,cpu:Ryzen 3600,199.99,199.99,199.99,7
2022-03,cpu:Ryzen 3600,119.99,119.99,119.99,1
2022-08,cpu:Ryzen 3600,132.99,126.995,132.99,3
2022-10,cpu:Ryzen 3600,79.99,79.99,79.99,1
2022-11,cpu:Ryzen 3600,109.99,109.99,109.99,1
2022-12,cpu:Ryzen 3600,99.0,99.0,99.0,1
2023-05,cpu:Ryzen 3600,84.49,79.74,89.24,2
2023-06,cpu:Ryzen 3600,82.2,82.2,82.2,1
2023-07,cpu:Ryzen 3600,79.99,79.99,79.99,1
2023-09,cpu:Ryzen 3600,79.98,79.98,79.98,1
2024-04,cpu:Ryzen 3600,82.49,81.24,83.74,2
2019-07,cpu:Ryzen 3700X,329.74,329.0,329.99,19
2019-08,cpu:Ryzen 3700X,309.99,309.99,309.99,1
2019-10,cpu:Ryzen 3700X,319.99,319.0,329.99,5
2019-11,cpu:Ryzen 3700X,308.995,299.7425,309.99,16
2019-12,cpu:Ryzen 3700X,279.99,279.99,299.99,5
2020-01,cpu:Ryzen 3700X,279.99,279.99,279.99,1
2020-02,cpu:Ryzen 3700X,304.99,302.49,307.49,2
2020-03,cpu:Ryzen 3700X,284.99,281.24,284.9975,10
2020-04,cpu:Ryzen 3700X,288.495,283.4975,289.7425,4
2020-05,cpu:Ryzen 3700X,274.99,274.99,279.99,19
2020-06,cpu:Ryzen 3700X,269.99,259.99,274.49,9
2020-07,cpu:Ryzen 3700X,259.99,259.0,259.99,9
2020-08,cpu:Ryzen 3700X,279.99,274.99,284.99,2
2020-09,cpu:Ryzen 3700X,273.47,272.6,273.535,4
2020-10,cpu:Ryzen 3700X,282.175,269.36,297.49,4
2020-11,cpu:Ryzen 3700X,279.99,279.99,280.0,13
2020-12,cpu:Ryzen 3700X,329.0,320.4975,329.25,4
2021-01,cpu:Ryzen 3700X,319.99,308.49,319.99,3
2021-03,cpu:Ryzen 3700X,283.995,283.4975,284.4925,2
2021-04,cpu:Ryzen 3700X,318.995,313.4975,324.4925,2
2021-05,cpu:Ryzen 3700X,304.99,302.495,304.995,3
2021-06,cpu:Ryzen 3700X,272.645,269.1475,276.1425,2
2021-07,cpu:Ryzen 3700X,247.28,243.635,258.64,3
2021-08,cpu:Ryzen 3700X,240.0,239.99,260.0,5
2019-07,cpu:Ryzen 3900X,499.99,499.0,499.99,9
2019-08,cpu:Ryzen 3900X,499.99,499.0,500.0,9
2019-09,cpu:Ryzen 3900X,574.11,569.51,681.5550000000001,3
2019-10,cpu:Ryzen 3900X,499.95,499.0,508.78,18
2019-11,cpu:Ryzen 3900X,499.99,499.99,499.99,4
2019-12,cpu:Ryzen 3900X,493.84,480.0,495.99,13
2020-01,cpu:Ryzen 3900X,469.995,464.9925,479.95,8
2020-02,cpu:Ryzen 3900X,469.995,442.4925,488.9,4
2020-03,cpu:Ryzen 3900X,418.89,400.0,419.99,13
2020-04,cpu:Ryzen 3900X,419.99,419.99,426.995,3
2020-05,cpu:Ryzen 3900X,409.99,404.99,418.265,15
2020-06,cpu:Ryzen 3900X,409.99,409.0,415.0,9
2020-07,cpu:Ryzen 3900X,399.99,394.99,419.97,7
2020-08,cpu:Ryzen 3900X,464.435,447.2125,481.6575,2
2020-10,cpu:Ryzen 3900X,399.99,399.495,414.99,3
2020-11,cpu:Ryzen 3900X,421.995,420.4975,423.4925,2
2020-12,cpu:Ryzen 3900X,517.0,490.5,543.5,2
2021-01,cpu:Ryzen 3900X,350.0,350.0,350.0,1
2021-03,cpu:Ryzen 3900X,485.0,485.0,485.0,1
2021-06,cpu:Ryzen 3900X,419.99,419.99,419.99,1
2021-07,cpu:Ryzen 3900X,399.99,389.99,409.99,2
2021-09,cpu:Ryzen 3900X,369.99,369.99,369.99,1
2022-07,cpu:Ryzen 3900X,299.0,299.0,299.0,1
2022-08,cpu:Ryzen 3900X,269.99,269.99,269.99,1
2022-09,cpu:Ryzen 3900X,269.99,269.99,269.99,1
2023-11,cpu:Ryzen 3900X,365.99,365.99,365.99,1
2022-04,cpu:Ryzen 5500,159.0,159.0,159.0,1
2022-05,cpu:Ryzen 5500,134.0,134.0,134.5,3
2022-09,cpu:Ryzen 5500,109.0,109.0,109.0,1
2022-10,cpu:Ryzen 5500,99.0,99.0,99.0,2
2022-11,cpu:Ryzen 5500,94.0,91.5,96.5,2
2022-12,cpu:Ryzen 5500,93.98,93.98,93.98,1
2023-04,cpu:Ryzen 5500,87.39500000000001,87.1975,87.5925,2
2023-05,cpu:Ryzen 5500,86.98,86.98,86.98,2
2023-09,cpu:Ryzen 5500,85.0,85.0,85.0,1
2024-01,cpu:Ryzen 5500,96.0,96.0,96.0,1
2024-06,cpu:Ryzen 5500,82.99,82.99,82.99,1
2024-07,cpu:Ryzen 5500,87.06,87.06,87.06,1
2024-09,cpu:Ryzen 5500,81.97,81.97,81.97,1
2025-03,cpu:Ryzen 5500,76.0,76.0,76.0,1
2025-04,cpu:Ryzen 5500,74.0,74.0,74.0,3
2025-10,cpu:Ryzen 5500,54.99,49.99,55.0,5
2026-01,cpu:Ryzen 5500,69.0,69.0,69.0,1
2026-04,cpu:Ryzen 5500,71.995,70.99249999999999,72.9975,2
2026-06,cpu:Ryzen 5500,69.99,69.99,69.99,2
2026-07,cpu:Ryzen 5500,74.0,74.0,74.0,1
2026-08,cpu:Ryzen 5500,74.0,73.0,74.0,3
2020-11,cpu:Ryzen 5600X,299.0,299.0,299.99,34
2020-12,cpu:Ryzen 5600X,299.0,299.0,299.99,44
2021-01,cpu:Ryzen 5600X,299.495,299.0,306.6,38
2021-02,cpu:Ryzen 5600X,299.99,299.0,299.9975,34
2021-03,cpu:Ryzen 5600X,299.0,299.0,299.99,21
2021-04,cpu:Ryzen 5600X,299.0,299.0,299.99,23
2021-05,cpu:Ryzen 5600X,299.99,299.0,299.99,7
2021-06,cpu:Ryzen 5600X,294.495,292.2425,296.7475,2
2021-07,cpu:Ryzen 5600X,279.99,269.99,289.99,9
2021-08,cpu:Ryzen 5600X,272.99,268.0,279.99,9
2021-09,cpu:Ryzen 5600X,259.34,245.69,263.66499999999996,3
2021-11,cpu:Ryzen 5600X,269.99,259.99,279.99,2
2021-12,cpu:Ryzen 5600X,250.0,250.0,250.0,1
2022-01,cpu:Ryzen 5600X,260.0,256.99,269.0,11
2022-02,cpu:Ryzen 5600X,227.49,224.99,237.49,4
2022-03,cpu:Ryzen 5600X,210.0,209.99,225.0,9
2022-04,cpu:Ryzen 5600X,209.0,206.5,209.0,4
2022-05,cpu:Ryzen 5600X,199.99,199.99,199.99,2
2022-06,cpu:Ryzen 5600X,164.99,152.49,177.49,2
2022-07,cpu:Ryzen 5600X,174.99,174.99,174.99,4
2022-08,cpu:Ryzen 5600X,194.985,192.4875,197.4825,2
2022-09,cpu:Ryzen 5600X,186.70499999999998,183.3475,190.0625,2
2022-10,cpu:Ryzen 5600X,164.99,159.99,164.99,9
2022-11,cpu:Ryzen 5600X,154.485,152.2375,156.7325,2
2023-03,cpu:Ryzen 5600X,151.315,148.6575,153.9725,2
2023-05,cpu:Ryzen 5600X,124.235,111.6175,136.8525,2
2023-06,cpu:Ryzen 5600X,143.99,143.99,143.99,1
2023-07,cpu:Ryzen 5600X,133.08,133.08,135.03500000000003,3
2023-08,cpu:Ryzen 5600X,157.86,157.86,157.86,1
2023-10,cpu:Ryzen 5600X,169.99,169.99,169.99,2
2024-03,cpu:Ryzen 5600X,99.99,99.99,99.99,1
2024-05,cpu:Ryzen 5600X,119.0,119.0,121.5,4
2024-06,cpu:Ryzen 5600X,99.99,99.99,99.99,1
2024-07,cpu:Ryzen 5600X,120.0,120.0,120.0,1
2024-11,cpu:Ryzen 5600X,102.495,101.24249999999999,103.7475,2
2020-11,cpu:Ryzen 5800X,449.0,449.0,449.995,43
2020-12,cpu:Ryzen 5800X,449.0,449.0,479.245,40
2021-01,cpu:Ryzen 5800X,449.0,449.0,449.99,25
2021-02,cpu:Ryzen 5800X,449.0,449.0,449.99,27
2021-03,cpu:Ryzen 5800X,449.0,449.0,449.99,12
2021-04,cpu:Ryzen 5800X,440.0,434.0,447.99,13
2021-05,cpu:Ryzen 5800X,420.0,419.0,429.0,13
2021-06,cpu:Ryzen 5800X,384.495,369.99,399.2475,4
2021-07,cpu:Ryzen 5800X,397.99,397.89,398.495,7
2021-08,cpu:Ryzen 5800X,373.32500000000005,342.2425,396.745,4
2021-09,cpu:Ryzen 5800X,363.99,349.0,368.99,5
2021-11,cpu:Ryzen 5800X,329.0,299.995,355.33000000000004,7
2021-12,cpu:Ryzen 5800X,299.99,295.73,320.49,3
2022-01,cpu:Ryzen 5800X,346.995,340.49,351.25,4
2022-02,cpu:Ryzen 5800X,299.99,299.99,315.7475,6
2022-04,cpu:Ryzen 5800X,312.0,312.0,312.0,1
2022-05,cpu:Ryzen 5800X,279.995,264.9975,294.9925,2
2022-06,cpu:Ryzen 5800X,299.0,299.0,299.0,1
2022-07,cpu:Ryzen 5800X,274.99,269.0,274.99,5
2022-08,cpu:Ryzen 5800X,269.0,257.5,274.0,3
2022-09,cpu:Ryzen 5800X,244.41,239.99,245.99,5
2022-11,cpu:Ryzen 5800X,229.0,199.99,239.0,11
2022-12,cpu:Ryzen 5800X,237.0,237.0,237.0,1
2023-02,cpu:Ryzen 5800X,249.0,249.0,249.0,1
2023-03,cpu:Ryzen 5800X,212.815,212.4075,213.2225,2
2023-04,cpu:Ryzen 5800X,229.77,214.385,245.15500000000003,2
2023-05,cpu:Ryzen 5800X,150.0,150.0,150.0,1
2023-06,cpu:Ryzen 5800X,198.99,198.99,198.99,1
2023-07,cpu:Ryzen 5800X,271.49,244.74,298.24,2
2023-08,cpu:Ryzen 5800X,189.0,189.0,189.0,2
2023-11,cpu:Ryzen 5800X,192.0,174.0,210.3675,6
2023-12,cpu:Ryzen 5800X,207.495,207.2425,207.7475,2
2024-01,cpu:Ryzen 5800X,449.0,449.0,449.0,1
2024-04,cpu:Ryzen 5800X,175.0,175.0,175.0,1
2024-05,cpu:Ryzen 5800X,175.0,175.0,175.0,2
2024-06,cpu:Ryzen 5800X,171.5,162.315,179.0,4
2024-09,cpu:Ryzen 5800X,179.0,179.0,179.0,1
2024-10,cpu:Ryzen 5800X,121.6,121.6,124.8,7
2025-01,cpu:Ryzen 5800X,209.0,209.0,209.0,1
2026-06,cpu:Ryzen 5800X,189.99,189.99,189.99,1
2022-04,cpu:Ryzen 5800X3D,449.99,449.0,449.99,10
2022-06,cpu:Ryzen 5800X3D,449.0,449.0,449.0,2
2022-07,cpu:Ryzen 5800X3D,409.5,399.0,422.2425,8
2022-08,cpu:Ryzen 5800X3D,399.995,388.7475,407.2675,6
2022-09,cpu:Ryzen 5800X3D,382.49,369.1225,395.4975,6
2022-10,cpu:Ryzen 5800X3D,359.99,329.99,363.7475,14
2022-11,cpu:Ryzen 5800X3D,329.0,329.0,329.0,31
2022-12,cpu:Ryzen 5800X3D,319.99,319.99,328.99,9
2023-01,cpu:Ryzen 5800X3D,299.99,299.99,326.49,7
2023-02,cpu:Ryzen 5800X3D,315.495,309.25,322.39250000000004,6
2023-03,cpu:Ryzen 5800X3D,309.5,309.0,312.4975,4
2023-04,cpu:Ryzen 5800X3D,266.97,182.25,299.98,18
2023-05,cpu:Ryzen 5800X3D,294.99,269.495,294.99,11
2023-06,cpu:Ryzen 5800X3D,280.11,279.99,284.05,11
2023-07,cpu:Ryzen 5800X3D,277.7,277.7,277.7,4
2023-08,cpu:Ryzen 5800X3D,269.99,262.49,269.99,6
2023-09,cpu:Ryzen 5800X3D,284.995,277.2475,292.1775,4
2023-10,cpu:Ryzen 5800X3D,298.495,294.2425,302.7475,2
2023-11,cpu:Ryzen 5800X3D,290.0,290.0,290.0,13
2024-01,cpu:Ryzen 5800X3D,289.99,289.99,289.99,1
2024-02,cpu:Ryzen 5800X3D,279.99,274.99,283.03999999999996,3
2024-03,cpu:Ryzen 5800X3D,293.995,286.4925,301.4975,2
2024-05,cpu:Ryzen 5800X3D,259.0,251.18,274.38,9
2024-07,cpu:Ryzen 5800X3D,192.98,192.98,192.98,1
2024-09,cpu:Ryzen 5800X3D,463.99,463.99,463.99,1
2024-10,cpu:Ryzen 5800X3D,254.98,254.98,254.98,3
2026-01,cpu:Ryzen 5800X3D,199.97,199.97,199.98000000000002,3
2026-02,cpu:Ryzen 5800X3D,340.59,340.59,340.59,1
2026-06,cpu:Ryzen 5800X3D,349.99,349.495,349.99,7
2026-07,cpu:Ryzen 5800X3D,299.99,299.99,299.99,2
2026-08,cpu:Ryzen 5800X3D,299.99,299.99,299.99,1
2020-11,cpu:Ryzen 5900X,561.54,549.0,600.0,19
2020-12,cpu:Ryzen 5900X,549.0,549.0,549.0,10
2021-01,cpu:Ryzen 5900X,549.0,549.0,551.5,4
2021-02,cpu:Ryzen 5900X,549.0,549.0,549.2475,4
2021-03,cpu:Ryzen 5900X,899.99,864.495,899.99,3
2021-04,cpu:Ryzen 5900X,549.495,549.0,549.99,6
2021-05,cpu:Ryzen 5900X,549.99,549.99,550.0,5
2021-06,cpu:Ryzen 5900X,549.99,549.7425000000001,569.2475,8
2021-07,cpu:Ryzen 5900X,549.0,549.0,549.0,9
2021-08,cpu:Ryzen 5900X,519.99,499.99,539.99,5
2021-09,cpu:Ryzen 5900X,524.495,512.2425000000001,536.7475,2
2021-10,cpu:Ryzen 5900X,519.0,508.5,534.495,3
2021-11,cpu:Ryzen 5900X,479.0,469.99,481.5,7
2021-12,cpu:Ryzen 5900X,481.495,480.2475,482.7425,2
2022-01,cpu:Ryzen 5900X,449.99,449.99,449.99,1
2022-02,cpu:Ryzen 5900X,460.0,450.0,470.0,2
2022-03,cpu:Ryzen 5900X,400.0,399.995,420.0,3
2022-04,cpu:Ryzen 5900X,369.99,292.99,379.495,15
2022-05,cpu:Ryzen 5900X,392.0,391.0,393.0,2
2022-06,cpu:Ryzen 5900X,396.0,396.0,396.0,1
2022-07,cpu:Ryzen 5900X,349.99,334.365,356.74,10
2022-08,cpu:Ryzen 5900X,299.99,299.495,329.99,3
2022-09,cpu:Ryzen 5900X,344.38,344.38,344.38,1
2022-10,cpu:Ryzen 5900X,349.0,335.0,349.99,5
2022-11,cpu:Ryzen 5900X,340.86,329.0,342.0,5
2022-12,cpu:Ryzen 5900X,349.99,349.99,349.99,1
2023-02,cpu:Ryzen 5900X,344.0,344.0,344.0,1
2023-03,cpu:Ryzen 5900X,319.99,319.99,319.99,1
2023-05,cpu:Ryzen 5900X,312.495,311.7475,313.2425,2
2023-06,cpu:Ryzen 5900X,299.99,299.99,320.74,3
2023-07,cpu:Ryzen 5900X,275.0,274.95500000000004,282.495,3
2023-11,cpu:Ryzen 5900X,288.99,288.99,288.9925,8
2023-12,cpu:Ryzen 5900X,289.49,284.24,289.99,4
2024-04,cpu:Ryzen 5900X,264.995,264.9925,264.9975,2
2024-05,cpu:Ryzen 5900X,251.55,251.55,251.55,1
2024-06,cpu:Ryzen 5900X,244.0,241.5,246.5,2
2024-07,cpu:Ryzen 5900X,219.99,217.49,222.49,2
2024-10,cpu:Ryzen 5900X,204.24,203.18,208.18,4
2024-11,cpu:Ryzen 5900X,226.96,226.48000000000002,226.97,3
2020-11,cpu:Ryzen 5950X,799.495,799.0,799.9975,6
2020-12,cpu:Ryzen 5950X,799.0,741.865,799.0,6
2021-02,cpu:Ryzen 5950X,799.99,799.99,799.99,1
2021-04,cpu:Ryzen 5950X,799.99,799.0,824.9975,8
2021-05,cpu:Ryzen 5950X,799.0,773.2375,809.2475,4
2021-06,cpu:Ryzen 5950X,799.0,799.0,799.99,11
2021-07,cpu:Ryzen 5950X,799.0,799.0,849.0,5
2021-08,cpu:Ryzen 5950X,675.0,640.0,739.0,5
2021-09,cpu:Ryzen 5950X,706.55,690.325,722.775,2
2021-10,cpu:Ryzen 5950X,739.0,739.0,739.0,1
2021-11,cpu:Ryzen 5950X,709.485,679.715,721.485,4
2021-12,cpu:Ryzen 5950X,496.99,496.99,496.99,1
2022-01,cpu:Ryzen 5950X,519.99,519.99,519.99,1
2022-02,cpu:Ryzen 5950X,519.99,519.99,599.0,5
2022-03,cpu:Ryzen 5950X,549.99,539.99,589.99,9
2022-04,cpu:Ryzen 5950X,530.99,529.495,540.5550000000001,7
2022-06,cpu:Ryzen 5950X,461.82,461.82,558.475,3
2022-07,cpu:Ryzen 5950X,499.0,499.0,523.995,3
2022-08,cpu:Ryzen 5950X,549.0,549.0,549.0,1
2022-09,cpu:Ryzen 5950X,499.99,499.99,499.99,1
2022-11,cpu:Ryzen 5950X,499.0,499.0,499.0,2
2023-01,cpu:Ryzen 5950X,480.0,480.0,480.0,1
2023-03,cpu:Ryzen 5950X,409.99,409.99,409.99,1
2023-06,cpu:Ryzen 5950X,436.99,436.99,436.99,1
2023-07,cpu:Ryzen 5950X,390.0,390.0,394.995,3
2024-01,cpu:Ryzen 5950X,371.995,364.99,394.0,6
2024-07,cpu:Ryzen 5950X,292.49,289.99,293.99,5
2024-12,cpu:Ryzen 5950X,310.99,310.99,310.99,1
2025-07,cpu:Ryzen 5950X,274.99,274.99,274.99,1
2026-01,cpu:Ryzen 5950X,351.0,351.0,351.0,1
2023-04,cpu:Ryzen 7800X3D,449.0,449.0,449.99,14
2023-05,cpu:Ryzen 7800X3D,419.99,415.9925,419.99,8
2023-08,cpu:Ryzen 7800X3D,384.0,369.99,384.99,17
2023-10,cpu:Ryzen 7800X3D,349.0,349.0,350.0,17
2023-11,cpu:Ryzen 7800X3D,350.37,344.775,369.2475,12
2023-12,cpu:Ryzen 7800X3D,348.97,344.2025,357.67,8
2024-02,cpu:Ryzen 7800X3D,351.995,345.99,356.5,4
2024-04,cpu:Ryzen 7800X3D,358.99,358.935,358.99,3
2024-05,cpu:Ryzen 7800X3D,278.5,278.0,313.13,13
2024-06,cpu:Ryzen 7800X3D,340.0,340.0,340.0,1
2024-07,cpu:Ryzen 7800X3D,369.99,354.99,384.495,3
2024-08,cpu:Ryzen 7800X3D,309.0,308.0,309.99,14
2024-09,cpu:Ryzen 7800X3D,329.0,319.0,599.98,5
2024-10,cpu:Ryzen 7800X3D,404.495,387.2425,421.7475,2
2024-11,cpu:Ryzen 7800X3D,350.0,349.0,374.5,3
2024-12,cpu:Ryzen 7800X3D,359.0,349.0,369.99,13
2025-01,cpu:Ryzen 7800X3D,399.99,359.0,429.99,5
2025-02,cpu:Ryzen 7800X3D,399.0,399.0,399.25,4
2025-03,cpu:Ryzen 7800X3D,395.0,379.99,399.0,5
2025-04,cpu:Ryzen 7800X3D,339.0,329.0,363.9975,4
2025-05,cpu:Ryzen 7800X3D,342.495,299.7425,385.095,4
2025-06,cpu:Ryzen 7800X3D,359.99,327.49,360.0,8
2025-07,cpu:Ryzen 7800X3D,299.99,299.0,320.0,5
2025-08,cpu:Ryzen 7800X3D,339.99,339.99,339.99,2
2025-09,cpu:Ryzen 7800X3D,359.0,359.0,359.0,1
2025-10,cpu:Ryzen 7800X3D,319.495,304.7425,333.4975,6
2025-11,cpu:Ryzen 7800X3D,279.99,279.99,319.495,3
2025-12,cpu:Ryzen 7800X3D,315.0,315.0,315.0,1
2026-01,cpu:Ryzen 7800X3D,315.0,305.5,315.0,3
2026-02,cpu:Ryzen 7800X3D,297.0,297.0,297.0,1
2026-03,cpu:Ryzen 7800X3D,304.5,282.25,326.75,2
2026-04,cpu:Ryzen 7800X3D,324.99,323.99,333.49,4
2026-05,cpu:Ryzen 7800X3D,145.0,145.0,230.495,3
2026-06,cpu:Ryzen 7800X3D,309.995,294.9975,324.9925,2
2026-08,cpu:Ryzen 7800X3D,313.695,288.0425,339.34749999999997,2
2022-10,cpu:Ryzen 7900X,529.99,529.99,529.99,1
2022-11,cpu:Ryzen 7900X,473.99,459.0,474.0,5
2022-12,cpu:Ryzen 7900X,429.5,429.5,429.5,1
2023-01,cpu:Ryzen 7900X,419.99,419.99,419.99,3
2023-04,cpu:Ryzen 7900X,419.97,419.97,419.97,1
2023-05,cpu:Ryzen 7900X,310.0,180.0,350.325,8
2023-07,cpu:Ryzen 7900X,356.15,356.1475,356.15,4
2023-08,cpu:Ryzen 7900X,349.0,349.0,349.0,1
2023-09,cpu:Ryzen 7900X,348.99,348.99,348.99,1
2023-11,cpu:Ryzen 7900X,288.1,288.1,288.1,1
2024-09,cpu:Ryzen 7900X,280.82,280.82,280.82,1
2024-10,cpu:Ryzen 7900X,320.0,320.0,320.0,1
2024-11,cpu:Ryzen 7900X,351.99,351.99,351.99,1
2024-12,cpu:Ryzen 7900X,342.5,337.75,347.25,2
2025-07,cpu:Ryzen 7900X,288.0,288.0,288.0,1
2025-10,cpu:Ryzen 7900X,245.875,226.3125,265.4375,2
2026-02,cpu:Ryzen 7900X,239.99,239.99,239.9925,4
2026-03,cpu:Ryzen 7900X,229.99,214.99,239.9925,4
2026-04,cpu:Ryzen 7900X,199.99,199.99,199.99,2
2026-05,cpu:Ryzen 7900X,200.0,200.0,200.0,1
2026-07,cpu:Ryzen 7900X,274.95,274.95,274.95,2
2026-08,cpu:Ryzen 7900X,315.0,315.0,315.0,1
2024-09,cpu:Ryzen 9600X,229.0,229.0,229.0,1
2025-02,cpu:Ryzen 9600X,99.0,99.0,99.0,1
2025-03,cpu:Ryzen 9600X,229.0,228.5,229.5,3
2025-04,cpu:Ryzen 9600X,213.99,199.495,221.99,3
2025-05,cpu:Ryzen 9600X,179.99,179.99,179.99,1
2025-06,cpu:Ryzen 9600X,182.49,174.99,188.14000000000001,4
2025-07,cpu:Ryzen 9600X,156.0,149.99,156.9975,8
2025-11,cpu:Ryzen 9600X,194.99,187.495,199.99,3
2026-04,cpu:Ryzen 9600X,174.0,167.0,177.0,3
2026-06,cpu:Ryzen 9600X,131.35,130.33,138.13,6
2026-07,cpu:Ryzen 9600X,174.99,174.99,174.99,1
2026-08,cpu:Ryzen 9600X,149.495,136.7475,162.2425,2
2024-11,cpu:Ryzen 9800X3D,479.0,479.0,479.7425,46
2024-12,cpu:Ryzen 9800X3D,479.0,474.0,479.2475,8
2025-01,cpu:Ryzen 9800X3D,479.0,477.5,479.0,35
2025-02,cpu:Ryzen 9800X3D,479.0,479.0,479.99,24
2025-03,cpu:Ryzen 9800X3D,479.0,470.0,479.0,5
2025-04,cpu:Ryzen 9800X3D,459.91499999999996,454.1275,466.4975,4
2025-05,cpu:Ryzen 9800X3D,466.0,399.495,484.0,11
2025-06,cpu:Ryzen 9800X3D,440.47,386.5,444.6775,6
2025-07,cpu:Ryzen 9800X3D,399.99,399.99,454.99,5
2025-09,cpu:Ryzen 9800X3D,429.99,407.49,429.99,6
2025-10,cpu:Ryzen 9800X3D,405.0,399.9925,421.2425,6
2025-11,cpu:Ryzen 9800X3D,379.99,379.99,399.99,9
2025-12,cpu:Ryzen 9800X3D,283.14,283.14,341.565,3
2026-02,cpu:Ryzen 9800X3D,429.99,429.99,429.99,1
2026-03,cpu:Ryzen 9800X3D,420.0,412.5,422.4875,4
2026-04,cpu:Ryzen 9800X3D,414.95,412.45,417.45,2
2026-05,cpu:Ryzen 9800X3D,419.99,399.99,439.99,4
2026-06,cpu:Ryzen 9800X3D,394.495,391.7475,397.2425,2
2026-07,cpu:Ryzen 9800X3D,400.49,400.24,410.24,3
2026-10,cpu:Ryzen 9800X3D,411.0,411.0,411.0,1
2025-03,cpu:Ryzen 9950X3D,699.0,699.0,699.0,2
2025-05,cpu:Ryzen 9950X3D,699.0,641.7475,711.7475,4
2025-06,cpu:Ryzen 9950X3D,629.99,599.495,649.995,3
2025-07,cpu:Ryzen 9950X3D,599.99,599.99,599.99,1
2025-10,cpu:Ryzen 9950X3D,619.99,619.99,619.99,1
2025-11,cpu:Ryzen 9950X3D,500.0,500.0,500.0,1
2026-04,cpu:Ryzen 9950X3D,573.995,573.9925000000001,573.9975,2
2026-07,cpu:Ryzen 9950X3D,569.99,569.0,599.99,5
2026-08,cpu:Ryzen 9950X3D,569.0,559.5,569.495,3
2024-12,gpu:Arc B580,249.99,249.99,249.99,2
2025-01,gpu:Arc B580,269.99,259.99,269.99,17
2025-02,gpu:Arc B580,274.995,267.4925,284.7425,8
2025-04,gpu:Arc B580,300.0,290.0,310.0,5
2025-05,gpu:Arc B580,289.99,249.99,300.0,5
2025-06,gpu:Arc B580,249.99,249.99,249.99,3
2025-07,gpu:Arc B580,259.0,250.0,264.99,8
2025-08,gpu:Arc B580,259.995,252.49,260.0,6
2025-09,gpu:Arc B580,250.0,250.0,250.0,7
2025-10,gpu:Arc B580,242.5,238.75,246.25,2
2025-11,gpu:Arc B580,235.0,235.0,250.0,5
2025-12,gpu:Arc B580,234.995,230.0,239.99,4
2026-01,gpu:Arc B580,246.0,246.0,246.0,1
2026-03,gpu:Arc B580,290.0,290.0,290.0,1
2026-04,gpu:Arc B580,290.0,290.0,290.0,1
2026-06,gpu:Arc B580,294.995,292.4925,297.4975,2
2026-07,gpu:Arc B580,289.99,289.99,289.99,1
2019-01,gpu:RTX 2070,479.99,474.995,489.99,15
2019-02,gpu:RTX 2070,489.99,445.0,536.75,22
2019-03,gpu:RTX 2070,499.0,469.0,499.99,25
2019-04,gpu:RTX 2070,476.24,463.74,499.99,24
2019-05,gpu:RTX 2070,459.5,436.24,479.99,16
2019-06,gpu:RTX 2070,454.995,450.0,479.99,8
2019-07,gpu:RTX 2070,424.5,399.99,437.5,34
2019-08,gpu:RTX 2070,419.99,419.99,464.99,12
2019-09,gpu:RTX 2070,439.99,419.0,439.99,5
2019-10,gpu:RTX 2070,444.495,436.75,454.9925,8
2019-11,gpu:RTX 2070,399.99,399.99,414.5,11
2019-12,gpu:RTX 2070,406.42,399.99,429.635,4
2020-01,gpu:RTX 2070,434.5,421.5,467.25,4
2020-02,gpu:RTX 2070,399.99,399.99,399.99,1
2020-03,gpu:RTX 2070,380.0,377.495,396.49,7
2020-04,gpu:RTX 2070,380.0,379.9925,383.0,10
2020-05,gpu:RTX 2070,469.0,444.0,484.0,3
2020-06,gpu:RTX 2070,394.99,392.49,397.49,2
2020-07,gpu:RTX 2070,382.49,372.4975,384.9975,6
2020-08,gpu:RTX 2070,389.995,379.9925,399.9975,2
2019-07,gpu:RTX 2070 Super,529.99,499.99,549.99,63
2019-08,gpu:RTX 2070 Super,534.99,499.99,549.99,33
2019-09,gpu:RTX 2070 Super,539.99,499.99,542.49,20
2019-10,gpu:RTX 2070 Super,500.0,495.995,501.245,7
2019-11,gpu:RTX 2070 Super,489.495,469.99,499.99,30
2019-12,gpu:RTX 2070 Super,484.99,472.49,502.9975,22
2020-01,gpu:RTX 2070 Super,489.99,469.995,509.99,11
2020-02,gpu:RTX 2070 Super,489.99,473.98,502.49,9
2020-03,gpu:RTX 2070 Super,480.0,479.99,509.99,5
2020-04,gpu:RTX 2070 Super,500.0,484.495,506.25,15
2020-05,gpu:RTX 2070 Super,502.5,499.99,549.99,25
2020-06,gpu:RTX 2070 Super,499.99,499.0,519.995,23
2020-07,gpu:RTX 2070 Super,516.995,499.0,539.99,10
2020-08,gpu:RTX 2070 Super,499.495,485.245,499.9975,10
2020-10,gpu:RTX 2070 Super,499.0,499.0,499.0,1
2020-12,gpu:RTX 2070 Super,649.0,649.0,649.0,1
2021-01,gpu:RTX 2070 Super,649.0,649.0,649.0,2
2021-02,gpu:RTX 2070 Super,649.0,649.0,649.0,2
2021-03,gpu:RTX 2070 Super,659.99,659.99,659.99,1
2021-04,gpu:RTX 2070 Super,683.95,683.95,683.95,1
2021-09,gpu:RTX 2070 Super,616.9,616.9,616.9,2
2022-07,gpu:RTX 2070 Super,395.0,395.0,395.0,1
2019-01,gpu:RTX 2080,699.99,650.0,699.99,17
2019-02,gpu:RTX 2080,686.5,679.615,742.4925000000001,22
2019-03,gpu:RTX 2080,731.495,659.7425000000001,772.4925000000001,20
2019-04,gpu:RTX 2080,669.99,654.495,784.99,27
2019-05,gpu:RTX 2080,694.995,656.7475,729.99,24
2019-06,gpu:RTX 2080,679.99,659.99,739.495,11
2019-07,gpu:RTX 2080,619.495,599.2475,682.4925000000001,30
2019-08,gpu:RTX 2080,639.0,599.495,684.99,11
2019-09,gpu:RTX 2080,664.995,644.52,682.49,12
2019-10,gpu:RTX 2080,649.99,629.9925000000001,659.99,10
2019-11,gpu:RTX 2080,604.99,599.245,609.99,10
2019-12,gpu:RTX 2080,644.5,596.7475,662.49,12
2020-01,gpu:RTX 2080,569.99,569.99,599.99,7
2020-02,gpu:RTX 2080,713.37,605.0,754.99,7
2020-03,gpu:RTX 2080,636.98,593.49,687.99,3
2020-04,gpu:RTX 2080,588.0,563.995,603.5,3
2020-05,gpu:RTX 2080,649.0,649.0,649.0,1
2020-06,gpu:RTX 2080,494.95,494.95,494.95,1
2020-07,gpu:RTX 2080,779.99,779.99,779.99,1
2020-08,gpu:RTX 2080,864.99,832.49,897.49,2
2020-09,gpu:RTX 2080,400.0,400.0,400.0,1
2020-12,gpu:RTX 3060 Ti,426.49,399.7425,454.75,20
2021-01,gpu:RTX 3060 Ti,449.99,399.99,530.0,9
2021-02,gpu:RTX 3060 Ti,494.795,417.39250000000004,527.0325,6
2021-03,gpu:RTX 3060 Ti,459.0,459.0,492.5,3
2021-04,gpu:RTX 3060 Ti,470.495,439.99,493.2475,4
2021-05,gpu:RTX 3060 Ti,399.0,399.0,399.0,1
2021-07,gpu:RTX 3060 Ti,749.99,749.99,750.0,5
2021-08,gpu:RTX 3060 Ti,584.495,577.2425000000001,591.7475,2
2021-09,gpu:RTX 3060 Ti,520.0,495.0,545.0,2
2021-10,gpu:RTX 3060 Ti,1000.0,1000.0,1000.0,1
2021-12,gpu:RTX 3060 Ti,774.495,712.2425000000001,836.7475,2
2022-01,gpu:RTX 3060 Ti,399.99,399.2475,624.99,6
2022-02,gpu:RTX 3060 Ti,604.985,579.99,632.4925000000001,8
2022-03,gpu:RTX 3060 Ti,594.495,549.99,609.99,32
2022-04,gpu:RTX 3060 Ti,529.99,499.99,549.99,37
2022-05,gpu:RTX 3060 Ti,465.59,465.0,523.79,13
2022-06,gpu:RTX 3060 Ti,465.59,465.59,500.0,9
2022-07,gpu:RTX 3060 Ti,403.99,384.94,431.2425,4
2022-08,gpu:RTX 3060 Ti,399.99,399.99,429.99,9
2022-09,gpu:RTX 3060 Ti,399.99,399.99,479.0,11
2022-10,gpu:RTX 3060 Ti,399.99,399.99,401.49,4
2022-11,gpu:RTX 3060 Ti,399.0,394.5,399.99,7
2022-12,gpu:RTX 3060 Ti,390.0,390.0,390.0,1
2023-01,gpu:RTX 3060 Ti,349.99,342.995,364.99,3
2023-02,gpu:RTX 3060 Ti,399.0,399.0,399.0,1
2023-05,gpu:RTX 3060 Ti,314.99,309.99,317.495,3
2023-06,gpu:RTX 3060 Ti,274.99,274.99,279.99,5
2023-07,gpu:RTX 3060 Ti,319.99,297.49,334.99,3
2023-09,gpu:RTX 3060 Ti,334.99,334.99,334.99,1
2024-01,gpu:RTX 3060 Ti,349.99,349.99,349.99,1
2024-03,gpu:RTX 3060 Ti,320.0,320.0,320.0,1
2024-04,gpu:RTX 3060 Ti,319.99,319.99,319.99,1
2020-10,gpu:RTX 3070,554.99,527.49,582.49,2
2020-11,gpu:RTX 3070,564.495,549.99,603.7425000000001,46
2020-12,gpu:RTX 3070,569.03,552.25,599.7125000000001,30
2021-01,gpu:RTX 3070,619.0,589.495,710.0,23
2021-02,gpu:RTX 3070,699.99,644.36,749.99,17
2021-03,gpu:RTX 3070,770.0,683.08,1199.99,17
2021-04,gpu:RTX 3070,499.99,499.0,499.99,5
2021-05,gpu:RTX 3070,499.0,499.0,499.0,1
2021-06,gpu:RTX 3070,974.995,937.4975,1012.4925000000001,2
2021-07,gpu:RTX 3070,882.495,831.2425000000001,933.7475,2
2021-09,gpu:RTX 3070,869.99,869.99,869.99,1
2021-11,gpu:RTX 3070,889.99,879.99,937.49,4
2021-12,gpu:RTX 3070,839.99,824.99,854.99,2
2022-01,gpu:RTX 3070,830.0,779.0,830.0,3
2022-02,gpu:RTX 3070,821.49,802.24,840.74,2
2022-03,gpu:RTX 3070,719.99,700.2475,734.7425000000001,12
2022-04,gpu:RTX 3070,629.995,629.99,662.2425000000001,12
2022-05,gpu:RTX 3070,579.99,562.6925,629.99,26
2022-06,gpu:RTX 3070,579.99,549.99,599.99,20
2022-07,gpu:RTX 3070,534.86,511.9975,557.25,16
2022-08,gpu:RTX 3070,501.99,492.265,524.7425000000001,12
2022-09,gpu:RTX 3070,517.0,499.99,589.99,7
2022-10,gpu:RTX 3070,499.99,479.0,503.19,5
2022-11,gpu:RTX 3070,459.99,449.99,499.0,17
2022-12,gpu:RTX 3070,479.0,409.99,479.0,5
2023-01,gpu:RTX 3070,439.99,409.99,469.99,2
2023-02,gpu:RTX 3070,299.99,299.99,299.99,1
2023-03,gpu:RTX 3070,454.0,454.0,454.0,1
2023-05,gpu:RTX 3070,399.5,399.25,399.75,2
2023-06,gpu:RTX 3070,409.99,409.99,409.99,2
2023-07,gpu:RTX 3070,354.99,325.59,360.79,5
2023-08,gpu:RTX 3070,379.99,379.99,379.99,1
2023-09,gpu:RTX 3070,409.99,409.99,409.99,1
2025-01,gpu:RTX 3070,399.99,399.99,399.99,1
2020-09,gpu:RTX 3080,749.0,729.0,799.99,29
2020-10,gpu:RTX 3080,849.99,749.7425000000001,883.4925000000001,16
2020-11,gpu:RTX 3080,780.0,769.99,846.9975,24
2020-12,gpu:RTX 3080,809.0,760.0,826.995,23
2021-01,gpu:RTX 3080,949.99,859.99,1037.0,17
2021-02,gpu:RTX 3080,829.995,699.9925000000001,884.2475,10
2021-03,gpu:RTX 3080,969.99,834.99,1284.99,3
2021-04,gpu:RTX 3080,699.99,699.99,1099.9925,4
2021-05,gpu:RTX 3080,1169.99,934.99,1534.99,3
2021-06,gpu:RTX 3080,1049.99,649.9925000000001,1473.7425,4
2021-07,gpu:RTX 3080,924.995,887.4975,962.4925000000001,2
2021-08,gpu:RTX 3080,1149.0,1074.0,1224.0,2
2021-09,gpu:RTX 3080,1519.495,1459.2475,1579.7425,2
2021-10,gpu:RTX 3080,1349.99,1349.99,1349.99,1
2021-12,gpu:RTX 3080,1049.99,699.7425000000001,1529.99,4
2022-01,gpu:RTX 3080,1024.495,699.2475,1374.0,14
2022-02,gpu:RTX 3080,1211.9850000000001,1065.4925,1358.4775,2
2022-03,gpu:RTX 3080,1119.99,1069.99,1271.98,37
2022-04,gpu:RTX 3080,979.99,899.99,999.99,81
2022-05,gpu:RTX 3080,859.995,831.24,899.99,54
2022-06,gpu:RTX 3080,799.99,772.4975,799.9975,38
2022-07,gpu:RTX 3080,794.495,749.99,799.0,70
2022-08,gpu:RTX 3080,798.985,740.0,799.99,36
2022-09,gpu:RTX 3080,749.99,700.2175,799.0,22
2022-10,gpu:RTX 3080,779.0,699.0,779.0,8
2022-11,gpu:RTX 3080,699.99,579.0,699.99,5
2022-12,gpu:RTX 3080,740.0,734.5,759.5,3
2023-01,gpu:RTX 3080,785.0,780.5,789.5,2
2023-03,gpu:RTX 3080,649.0,649.0,674.495,3
2024-03,gpu:RTX 3080,499.99,499.99,499.99,1
2024-06,gpu:RTX 3080,749.99,749.99,749.99,1
2024-10,gpu:RTX 3080,350.0,350.0,350.0,2
2025-03,gpu:RTX 5070,549.99,549.99,610.0,36
2025-04,gpu:RTX 5070,549.99,549.99,599.0,31
2025-05,gpu:RTX 5070,549.99,549.495,599.99,11
2025-06,gpu:RTX 5070,549.99,549.0,549.99,15
2025-07,gpu:RTX 5070,549.495,539.99,549.99,8
2025-08,gpu:RTX 5070,534.99,523.2475,546.74,6
2025-09,gpu:RTX 5070,523.79,499.5,523.79,11
2025-10,gpu:RTX 5070,499.99,469.99,499.99,9
2025-11,gpu:RTX 5070,479.99,457.25,489.0,14
2025-12,gpu:RTX 5070,499.99,499.0,499.99,16
2026-01,gpu:RTX 5070,544.495,535.99,549.0,18
2026-02,gpu:RTX 5070,549.0,549.0,549.7425000000001,6
2026-03,gpu:RTX 5070,549.995,519.9975,611.7475,8
2026-04,gpu:RTX 5070,550.0,543.5,561.0,11
2026-05,gpu:RTX 5070,549.99,509.995,549.995,11
2026-06,gpu:RTX 5070,549.99,510.0,550.0,11
2026-07,gpu:RTX 5070,521.99,509.99,577.66,9
2026-08,gpu:RTX 5070,579.99,549.99,589.99,3
2026-09,gpu:RTX 5070,679.0,679.0,679.0,1
2025-02,gpu:RTX 5070 Ti,969.475,954.7125000000001,984.2375,2
2025-03,gpu:RTX 5070 Ti,829.99,750.0,970.0,25
2025-04,gpu:RTX 5070 Ti,829.99,769.495,844.99,35
2025-05,gpu:RTX 5070 Ti,829.99,824.99,838.5,19
2025-06,gpu:RTX 5070 Ti,749.99,749.99,806.25,14
2025-07,gpu:RTX 5070 Ti,749.99,749.99,764.5,55
2025-08,gpu:RTX 5070 Ti,749.99,749.99,749.99,19
2025-09,gpu:RTX 5070 Ti,749.99,700.0,749.99,9
2025-10,gpu:RTX 5070 Ti,690.0,687.4925000000001,749.2475,12
2025-11,gpu:RTX 5070 Ti,719.99,699.0,729.99,21
2025-12,gpu:RTX 5070 Ti,739.99,679.99,749.99,9
2026-01,gpu:RTX 5070 Ti,749.99,749.99,789.995,31
2026-02,gpu:RTX 5070 Ti,899.0,869.99,899.0,14
2026-03,gpu:RTX 5070 Ti,835.0,750.0,899.7425000000001,10
2026-04,gpu:RTX 5070 Ti,879.99,829.99,897.15,7
2026-05,gpu:RTX 5070 Ti,829.49,799.7425000000001,884.99,12
2026-06,gpu:RTX 5070 Ti,869.99,750.0,889.99,5
2026-07,gpu:RTX 5070 Ti,880.0,879.99,899.495,7
2026-08,gpu:RTX 5070 Ti,778.04,778.04,778.04,1
2026-09,gpu:RTX 5070 Ti,999.495,999.2475,999.7425000000001,2
2025-01,gpu:RTX 5080,999.99,999.99,999.99,1
2025-02,gpu:RTX 5080,1429.99,1422.4925,1484.99,4
2025-03,gpu:RTX 5080,1380.0,1249.995,1404.99,11
2025-04,gpu:RTX 5080,1359.99,1309.99,1568.495,11
2025-05,gpu:RTX 5080,1229.0,999.495,1258.915,7
2025-06,gpu:RTX 5080,999.99,999.99,999.99,1
2025-07,gpu:RTX 5080,999.99,999.0,1049.495,11
2025-08,gpu:RTX 5080,999.0,999.0,999.99,26
2025-09,gpu:RTX 5080,999.0,929.0,999.0,17
2025-10,gpu:RTX 5080,989.5,980.0,999.7425000000001,6
2025-11,gpu:RTX 5080,964.495,851.75,984.99,4
2025-12,gpu:RTX 5080,999.99,999.0,999.99,17
2026-01,gpu:RTX 5080,999.99,999.0,1052.4925,20
2026-02,gpu:RTX 5080,1250.0,1125.0,1254.5,3
2026-03,gpu:RTX 5080,1229.99,1229.99,1229.99,1
2026-04,gpu:RTX 5080,1199.0,1180.0,1214.495,3
2026-05,gpu:RTX 5080,1120.0,1120.0,1216.0,5
2026-06,gpu:RTX 5080,1149.99,990.0,1184.99,11
2026-07,gpu:RTX 5080,1169.99,1166.8400000000001,1184.99,12
2026-09,gpu:RTX 5080,1549.0,1524.0,1574.0,2
2025-02,gpu:RTX 5090,2650.0,2529.99,3079.99,5
2025-03,gpu:RTX 5090,2599.0,2599.0,2599.0,1
2025-04,gpu:RTX 5090,3349.99,3259.0,3995.99,5
2025-05,gpu:RTX 5090,2640.0,2639.0,2759.99,5
2025-06,gpu:RTX 5090,2759.0,2694.25,2876.7475,4
2025-07,gpu:RTX 5090,2499.99,2399.99,2510.0,9
2025-08,gpu:RTX 5090,1999.99,1999.0,2199.0,21
2025-09,gpu:RTX 5090,1999.99,1999.0,1999.9975,14
2025-10,gpu:RTX 5090,1999.99,1999.495,1999.99,7
2025-11,gpu:RTX 5090,1999.0,1999.0,1999.99,8
2025-12,gpu:RTX 5090,1999.495,1999.0,1999.9975,10
2026-01,gpu:RTX 5090,1999.99,1999.0,1999.99,5
2026-02,gpu:RTX 5090,3299.99,3299.0,3747.4925,8
2026-03,gpu:RTX 5090,2999.99,2999.99,2999.99,1
2026-04,gpu:RTX 5090,1946.495,1169.7475,2723.2425,2
2026-06,gpu:RTX 5090,3499.99,3499.99,3499.99,1
2026-07,gpu:RTX 5090,1300.0,1300.0,1300.0,1
2026-09,gpu:RTX 5090,4499.0,4299.495,4574.99,7
2019-07,gpu:RX 5700 XT,399.0,399.0,399.0,1
2019-08,gpu:RX 5700 XT,409.99,409.0,424.99,25
2019-09,gpu:RX 5700 XT,419.99,409.99,439.99,68
2019-10,gpu:RX 5700 XT,399.99,360.495,419.99,23
2019-11,gpu:RX 5700 XT,394.495,369.99,408.7375,44
2019-12,gpu:RX 5700 XT,389.99,369.99,399.99,41
2020-01,gpu:RX 5700 XT,379.99,364.2475,399.2475,24
2020-02,gpu:RX 5700 XT,369.99,359.99,389.99,13
2020-03,gpu:RX 5700 XT,354.995,337.5,379.75,14
2020-04,gpu:RX 5700 XT,369.99,352.49,394.9925,18
2020-05,gpu:RX 5700 XT,389.99,379.99,399.995,15
2020-06,gpu:RX 5700 XT,399.0,367.49,409.495,19
2020-07,gpu:RX 5700 XT,379.99,371.2475,409.0,18
2020-08,gpu:RX 5700 XT,384.995,379.99,409.99,18
2020-09,gpu:RX 5700 XT,379.99,374.99,384.99,2
2020-10,gpu:RX 5700 XT,377.49,359.9975,389.99,8
2020-11,gpu:RX 5700 XT,389.99,374.495,424.99,11
2020-12,gpu:RX 5700 XT,419.99,409.99,429.99,10
2021-01,gpu:RX 5700 XT,520.0,500.0,529.99,5
2021-04,gpu:RX 5700 XT,679.0,679.0,679.0,1
2021-08,gpu:RX 5700 XT,599.99,599.99,599.99,1
2022-02,gpu:RX 5700 XT,599.0,599.0,599.0,2
2022-12,gpu:RX 5700 XT,158.99,158.99,158.99,1
2023-01,gpu:RX 5700 XT,229.99,229.99,229.99,1
2023-02,gpu:RX 5700 XT,231.99,231.99,231.99,1
2024-02,gpu:RX 5700 XT,129.99,129.99,129.99,1
2024-03,gpu:RX 5700 XT,209.99,209.99,209.99,1
2025-01,gpu:RX 5700 XT,169.95,166.475,173.425,2
2021-03,gpu:RX 6700 XT,829.0,549.99,829.99,5
2021-04,gpu:RX 6700 XT,849.495,771.5,929.7425000000001,4
2021-05,gpu:RX 6700 XT,1302.0,1185.25,1346.25,4
2021-06,gpu:RX 6700 XT,899.99,899.495,959.99,3
2021-07,gpu:RX 6700 XT,939.99,899.0,949.99,5
2021-08,gpu:RX 6700 XT,799.495,799.0,799.99,8
2021-09,gpu:RX 6700 XT,849.99,820.99,849.995,7
2021-10,gpu:RX 6700 XT,864.495,849.99,896.7475,4
2021-12,gpu:RX 6700 XT,899.0,824.495,949.495,3
2022-01,gpu:RX 6700 XT,654.495,567.2425000000001,741.7475,2
2022-03,gpu:RX 6700 XT,599.99,549.99,629.99,29
2022-04,gpu:RX 6700 XT,534.99,518.7425000000001,586.24,20
2022-05,gpu:RX 6700 XT,499.99,498.9925,499.99,18
2022-06,gpu:RX 6700 XT,479.99,469.99,499.99,13
2022-07,gpu:RX 6700 XT,449.99,443.0,449.99,17
2022-08,gpu:RX 6700 XT,415.99,399.99,449.99,17
2022-09,gpu:RX 6700 XT,379.99,369.76750000000004,402.49,24
2022-10,gpu:RX 6700 XT,369.99,349.99,389.99,13
2022-11,gpu:RX 6700 XT,356.995,349.2475,369.7425,34
2022-12,gpu:RX 6700 XT,364.99,359.99,377.4925,10
2023-01,gpu:RX 6700 XT,352.49,349.99,358.74,6
2023-02,gpu:RX 6700 XT,359.99,354.99,364.99,3
2023-03,gpu:RX 6700 XT,350.0,347.5,359.5,3
2023-04,gpu:RX 6700 XT,359.5,345.375,361.6875,4
2023-05,gpu:RX 6700 XT,329.995,319.9925,346.7475,6
2023-06,gpu:RX 6700 XT,314.495,309.99,319.99,8
2023-07,gpu:RX 6700 XT,300.0,299.99,314.5,7
2023-08,gpu:RX 6700 XT,319.99,314.99,324.99,3
2023-09,gpu:RX 6700 XT,314.495,311.7475,317.2425,2
2023-10,gpu:RX 6700 XT,304.5,299.9975,309.2475,4
2023-11,gpu:RX 6700 XT,299.99,299.99,299.99,6
2023-12,gpu:RX 6700 XT,299.995,299.9925,299.9975,2
2024-05,gpu:RX 6700 XT,289.99,289.99,289.99,1
2024-08,gpu:RX 6700 XT,279.99,279.99,279.99,1
2024-10,gpu:RX 6700 XT,199.99,199.99,199.99,1
2024-11,gpu:RX 6700 XT,269.995,269.9925,269.9975,2
2020-11,gpu:RX 6800 XT,701.355,696.825,716.78,4
2020-12,gpu:RX 6800 XT,886.66,767.8299999999999,893.3299999999999,3
2021-01,gpu:RX 6800 XT,974.495,836.5,1057.2425,4
2021-02,gpu:RX 6800 XT,1109.0,1074.995,1109.99,7
2021-03,gpu:RX 6800 XT,1113.995,1095.9975,1131.9925,2
2021-04,gpu:RX 6800 XT,649.99,649.99,649.99,1
2021-06,gpu:RX 6800 XT,649.5,649.25,649.75,2
2021-07,gpu:RX 6800 XT,1469.995,1404.9975,1534.9925,2
2021-08,gpu:RX 6800 XT,1259.0,1254.5,1379.5,3
2022-01,gpu:RX 6800 XT,1399.0,1399.0,1399.0,1
2022-03,gpu:RX 6800 XT,999.99,910.9925000000001,1024.99,4
2022-04,gpu:RX 6800 XT,899.0,859.0,899.495,7
2022-05,gpu:RX 6800 XT,784.5,717.49,799.99,10
2022-06,gpu:RX 6800 XT,699.99,699.99,759.99,9
2022-07,gpu:RX 6800 XT,689.99,669.99,699.99,16
2022-08,gpu:RX 6800 XT,614.99,590.9925000000001,643.74,12
2022-09,gpu:RX 6800 XT,587.7,574.9,599.99,12
2022-10,gpu:RX 6800 XT,534.995,519.99,542.4975,28
2022-11,gpu:RX 6800 XT,539.99,519.99,554.7425000000001,42
2022-12,gpu:RX 6800 XT,554.99,529.99,569.99,46
2023-01,gpu:RX 6800 XT,554.99,519.99,567.99,21
2023-02,gpu:RX 6800 XT,544.99,519.99,552.99,12
2023-03,gpu:RX 6800 XT,549.99,544.0,554.99,7
2023-04,gpu:RX 6800 XT,519.99,519.99,530.79,9
2023-05,gpu:RX 6800 XT,509.99,499.99,510.0,17
2023-06,gpu:RX 6800 XT,504.99,499.7425,512.49,8
2023-07,gpu:RX 6800 XT,480.0,479.99,499.0,5
2023-08,gpu:RX 6800 XT,499.99,499.99,504.0,7
2023-09,gpu:RX 6800 XT,484.52,429.99,489.99,5
2023-10,gpu:RX 6800 XT,479.99,479.99,479.99,2
2023-11,gpu:RX 6800 XT,449.99,400.49,459.495,7
2023-12,gpu:RX 6800 XT,439.99,410.995,444.99,3
2024-02,gpu:RX 6800 XT,489.99,474.99,489.99,3
2024-03,gpu:RX 6800 XT,416.99,416.99,416.99,1
2024-04,gpu:RX 6800 XT,479.99,479.99,479.99,1
2024-05,gpu:RX 6800 XT,409.99,409.99,409.99,2
2024-06,gpu:RX 6800 XT,429.99,429.99,429.99,1
2024-07,gpu:RX 6800 XT,419.99,409.99,429.99,2
2024-11,gpu:RX 6800 XT,399.0,399.0,399.0,1
2024-12,gpu:RX 6800 XT,459.99,459.99,459.99,1
2025-08,gpu:RX 6800 XT,375.0,375.0,375.0,1
2026-02,gpu:RX 6800 XT,400.0,400.0,400.0,1
2020-12,gpu:RX 6900 XT,999.5,999.0,1037.4975,4
2021-01,gpu:RX 6900 XT,1509.995,1504.9975,1514.9925,2
2021-02,gpu:RX 6900 XT,1429.495,1414.7425,1444.2475,2
2021-03,gpu:RX 6900 XT,1499.0,1249.495,1514.5,3
2021-04,gpu:RX 6900 XT,2499.99,2432.2425,2519.99,4
2021-05,gpu:RX 6900 XT,2623.99,2619.99,2629.0,5
2021-06,gpu:RX 6900 XT,1949.99,1874.99,2014.7425,4
2021-07,gpu:RX 6900 XT,1599.0,1599.0,1599.0,1
2021-08,gpu:RX 6900 XT,1900.0,1900.0,1900.0,1
2021-09,gpu:RX 6900 XT,1699.495,1549.0,1727.49,4
2021-10,gpu:RX 6900 XT,1799.99,1714.495,1799.995,3
2021-11,gpu:RX 6900 XT,1524.995,1499.99,1599.0,8
2021-12,gpu:RX 6900 XT,1499.995,1499.99,1537.4925,6
2022-01,gpu:RX 6900 XT,1500.0,1484.5,1549.5,3
2022-02,gpu:RX 6900 XT,1399.99,1349.495,1459.995,3
2022-03,gpu:RX 6900 XT,1250.0,1174.995,1324.995,11
2022-04,gpu:RX 6900 XT,1049.99,999.0,1099.99,17
2022-05,gpu:RX 6900 XT,949.99,899.99,999.99,16
2022-06,gpu:RX 6900 XT,899.0,834.995,899.99,15
2022-07,gpu:RX 6900 XT,779.995,744.9925000000001,799.99,16
2022-08,gpu:RX 6900 XT,709.99,699.99,748.4875,18
2022-09,gpu:RX 6900 XT,699.99,679.19,734.99,19
2022-10,gpu:RX 6900 XT,679.99,649.99,699.99,33
2022-11,gpu:RX 6900 XT,662.0,629.9975,679.2475,28
2022-12,gpu:RX 6900 XT,679.99,669.495,699.495,19
2023-01,gpu:RX 6900 XT,639.99,624.99,654.99,2
2023-02,gpu:RX 6900 XT,609.99,604.495,614.995,3
2023-03,gpu:RX 6900 XT,629.99,614.99,639.99,3
2023-04,gpu:RX 6900 XT,579.99,567.745,582.995,3
2023-05,gpu:RX 6900 XT,579.99,575.4675,579.9925000000001,4
2023-10,gpu:RX 6900 XT,467.77,467.77,514.995,7
2024-05,gpu:RX 6900 XT,429.99,414.99,464.99,3
2024-06,gpu:RX 6900 XT,449.995,449.9925,449.9975,2
2024-07,gpu:RX 6900 XT,379.99,379.99,379.99,1
2024-08,gpu:RX 6900 XT,379.99,379.99,379.99,1
2022-12,gpu:RX 7900 XT,899.0,899.0,899.0,6
2023-01,gpu:RX 7900 XT,889.8399999999999,879.99,899.99,8
2023-02,gpu:RX 7900 XT,849.99,829.99,849.99,9
2023-03,gpu:RX 7900 XT,799.99,799.99,832.49,11
2023-04,gpu:RX 7900 XT,779.99,767.7425000000001,781.49,8
2023-05,gpu:RX 7900 XT,700.0,700.0,729.995,7
2023-06,gpu:RX 7900 XT,719.99,699.99,719.99,5
2023-07,gpu:RX 7900 XT,704.99,699.99,715.4975,10
2023-08,gpu:RX 7900 XT,754.99,752.49,762.49,3
2023-09,gpu:RX 7900 XT,749.99,749.495,824.495,3
2023-10,gpu:RX 7900 XT,399.99,399.0,719.99,19
2023-11,gpu:RX 7900 XT,709.99,709.99,709.99,5
2023-12,gpu:RX 7900 XT,340.0,340.0,340.0,1
2024-01,gpu:RX 7900 XT,709.99,709.99,710.0,5
2024-02,gpu:RX 7900 XT,685.0,669.99,699.0,9
2024-03,gpu:RX 7900 XT,539.0,504.2425,546.5,14
2024-04,gpu:RX 7900 XT,608.37,608.37,608.37,1
2024-06,gpu:RX 7900 XT,689.495,689.2475,689.7425000000001,2
2024-07,gpu:RX 7900 XT,671.6949999999999,649.99,693.4,4
2024-10,gpu:RX 7900 XT,624.99,624.0,649.99,7
2024-11,gpu:RX 7900 XT,619.99,619.2475,620.0,18
2024-12,gpu:RX 7900 XT,623.32,449.0,639.99,19
2025-01,gpu:RX 7900 XT,579.0,539.0,619.0,2
2025-02,gpu:RX 7900 XT,673.5,650.0,712.49,20
2025-04,gpu:RX 7900 XT,649.99,649.7425000000001,649.99,8
2025-09,gpu:RX 7900 XT,599.99,599.99,599.99,1
2025-10,gpu:RX 7900 XT,579.99,579.99,579.99,1
2026-01,gpu:RX 7900 XT,530.0,530.0,530.0,1
2026-04,gpu:RX 7900 XT,699.99,699.99,699.99,1
2022-12,gpu:RX 7900 XTX,1099.495,1062.2425,1174.99,6
2023-01,gpu:RX 7900 XTX,1034.495,999.0,1049.99,14
2023-02,gpu:RX 7900 XTX,1079.99,1004.985,1104.9850000000001,7
2023-03,gpu:RX 7900 XTX,999.99,999.495,1044.495,7
2023-04,gpu:RX 7900 XTX,969.99,957.49,1004.99,4
2023-05,gpu:RX 7900 XTX,959.99,939.99,1002.49,15
2023-06,gpu:RX 7900 XTX,939.995,886.4975,968.7425000000001,14
2023-07,gpu:RX 7900 XTX,899.99,819.99,899.99,13
2023-08,gpu:RX 7900 XTX,944.5,925.0,1002.25,6
2023-09,gpu:RX 7900 XTX,889.99,889.99,889.99,5
2023-10,gpu:RX 7900 XTX,894.99,563.5,899.9975,14
2023-11,gpu:RX 7900 XTX,799.495,455.0,889.99,20
2023-12,gpu:RX 7900 XTX,959.99,874.14,959.99,3
2024-01,gpu:RX 7900 XTX,650.0,650.0,747.5,14
2024-02,gpu:RX 7900 XTX,854.49,783.7425000000001,922.4925000000001,4
2024-03,gpu:RX 7900 XTX,722.0,630.75,784.25,12
2024-04,gpu:RX 7900 XTX,849.99,824.495,894.99,7
2024-06,gpu:RX 7900 XTX,699.0,699.0,699.99,9
2024-08,gpu:RX 7900 XTX,619.0,619.0,619.7425000000001,6
2024-10,gpu:RX 7900 XTX,788.49,778.1175000000001,806.2125,12
2024-11,gpu:RX 7900 XTX,764.98,579.0,819.5550000000001,11
2024-12,gpu:RX 7900 XTX,799.0,764.98,817.745,15
2025-01,gpu:RX 7900 XTX,829.99,799.99,830.0,5
2025-02,gpu:RX 7900 XTX,919.99,886.4975,970.4975,22
2025-03,gpu:RX 7900 XTX,999.0,999.0,999.0,1
2025-04,gpu:RX 7900 XTX,999.99,999.99,999.99,3
2025-09,gpu:RX 7900 XTX,500.0,499.99,699.99,5
2026-01,gpu:RX 7900 XTX,900.0,900.0,900.0,1
2026-07,gpu:RX 7900 XTX,929.99,929.99,929.99,1
2025-06,gpu:RX 9060 XT 16GB,349.99,349.99,349.99,24
2025-07,gpu:RX 9060 XT 16GB,359.99,359.99,369.99,5
2025-09,gpu:RX 9060 XT 16GB,349.995,349.9925,349.9975,2
2025-10,gpu:RX 9060 XT 16GB,354.99,352.49,357.49,2
2025-11,gpu:RX 9060 XT 16GB,339.0,330.0,339.98,9
2025-12,gpu:RX 9060 XT 16GB,249.99,249.99,249.99,1
2026-02,gpu:RX 9060 XT 16GB,379.99,379.99,379.99,1
2026-03,gpu:RX 9060 XT 16GB,250.0,249.995,334.995,3
2026-04,gpu:RX 9060 XT 16GB,419.99,419.99,419.99,6
2026-05,gpu:RX 9060 XT 16GB,399.99,387.49,462.49,4
2026-06,gpu:RX 9060 XT 16GB,399.99,389.99,399.99,9
2026-07,gpu:RX 9060 XT 16GB,399.495,377.2425,399.99,6
2026-10,gpu:RX 9060 XT 16GB,479.99,479.99,479.99,1
2025-03,gpu:RX 9070,659.99,549.99,669.99,11
2025-04,gpu:RX 9070,679.99,669.495,686.485,7
2025-05,gpu:RX 9070,659.99,649.99,676.7475,6
2025-06,gpu:RX 9070,599.0,574.495,599.99,7
2025-07,gpu:RX 9070,549.99,549.99,562.4925000000001,4
2025-08,gpu:RX 9070,599.99,599.99,599.99,1
2025-09,gpu:RX 9070,519.99,519.99,534.99,3
2025-10,gpu:RX 9070,550.0,549.99,574.99,11
2025-11,gpu:RX 9070,520.0,509.995,534.995,7
2025-12,gpu:RX 9070,514.495,485.24,521.6175000000001,6
2026-01,gpu:RX 9070,499.99,499.2475,537.49,6
2026-02,gpu:RX 9070,592.5450000000001,589.6175000000001,598.8225,4
2026-04,gpu:RX 9070,533.06,499.595,566.525,2
2026-05,gpu:RX 9070,559.99,541.98,592.0,9
2026-06,gpu:RX 9070,577.49,549.2475,579.99,16
2026-07,gpu:RX 9070,559.99,519.99,579.99,9
2026-08,gpu:RX 9070,580.0,529.995,604.995,3
2026-09,gpu:RX 9070,619.99,619.99,619.99,1
2026-10,gpu:RX 9070,649.99,639.99,659.99,2
2025-03,gpu:RX 9070 XT,739.5,699.99,789.9925000000001,22
2025-04,gpu:RX 9070 XT,729.99,720.0,804.19,31
2025-05,gpu:RX 9070 XT,720.0,699.0,729.99,31
2025-06,gpu:RX 9070 XT,719.99,699.0,729.99,9
2025-07,gpu:RX 9070 XT,709.495,694.2475,749.99,8
2025-08,gpu:RX 9070 XT,709.495,697.4925000000001,719.2475,4
2025-09,gpu:RX 9070 XT,684.495,664.9925000000001,711.7475,4
2025-10,gpu:RX 9070 XT,600.0,599.99,637.49,14
2025-11,gpu:RX 9070 XT,599.99,599.0,649.99,25
2025-12,gpu:RX 9070 XT,579.99,551.305,622.4925000000001,12
2026-01,gpu:RX 9070 XT,589.99,584.99,594.99,2
2026-02,gpu:RX 9070 XT,649.995,649.99,687.5,6
2026-03,gpu:RX 9070 XT,659.995,637.49,699.9925000000001,12
2026-04,gpu:RX 9070 XT,700.0,649.99,700.0,9
2026-05,gpu:RX 9070 XT,680.0,649.79,689.99,13
2026-06,gpu:RX 9070 XT,649.99,629.99,649.99,17
2026-07,gpu:RX 9070 XT,685.49,670.1175000000001,689.9925000000001,4
2026-08,gpu:RX 9070 XT,649.99,649.99,673.4925000000001,8
2026-09,gpu:RX 9070 XT,739.99,719.99,764.99,3
2026-10,gpu:RX 9070 XT,739.99,739.99,744.99,4
2019-01,posts_all,,,,1785
2019-02,posts_all,,,,1872
2019-03,posts_all,,,,2146
2019-04,posts_all,,,,2126
2019-05,posts_all,,,,2250
2019-06,posts_all,,,,1988
2019-07,posts_all,,,,2551
2019-08,posts_all,,,,1788
2019-09,posts_all,,,,1751
2019-10,posts_all,,,,1950
2019-11,posts_all,,,,3500
2019-12,posts_all,,,,2402
2020-01,posts_all,,,,1621
2020-02,posts_all,,,,1927
2020-03,posts_all,,,,1752
2020-04,posts_all,,,,2343
2020-05,posts_all,,,,3153
2020-06,posts_all,,,,2766
2020-07,posts_all,,,,2168
2020-08,posts_all,,,,1817
2020-09,posts_all,,,,1646
2020-10,posts_all,,,,2518
2020-11,posts_all,,,,4094
2020-12,posts_all,,,,2921
2021-01,posts_all,,,,1764
2021-02,posts_all,,,,1475
2021-03,posts_all,,,,1576
2021-04,posts_all,,,,1346
2021-05,posts_all,,,,1186
2021-06,posts_all,,,,1306
2021-07,posts_all,,,,1182
2021-08,posts_all,,,,1315
2021-09,posts_all,,,,1028
2021-10,posts_all,,,,993
2021-11,posts_all,,,,2082
2021-12,posts_all,,,,1348
2022-01,posts_all,,,,1222
2022-02,posts_all,,,,797
2022-03,posts_all,,,,1040
2022-04,posts_all,,,,1286
2022-05,posts_all,,,,1175
2022-06,posts_all,,,,887
2022-07,posts_all,,,,1435
2022-08,posts_all,,,,1237
2022-09,posts_all,,,,1040
2022-10,posts_all,,,,1268
2022-11,posts_all,,,,2427
2022-12,posts_all,,,,1245
2023-01,posts_all,,,,1014
2023-02,posts_all,,,,883
2023-03,posts_all,,,,997
2023-04,posts_all,,,,986
2023-05,posts_all,,,,976
2023-06,posts_all,,,,871
2023-07,posts_all,,,,1182
2023-08,posts_all,,,,804
2023-09,posts_all,,,,574
2023-10,posts_all,,,,870
2023-11,posts_all,,,,1275
2023-12,posts_all,,,,581
2024-01,posts_all,,,,531
2024-02,posts_all,,,,487
2024-03,posts_all,,,,556
2024-04,posts_all,,,,436
2024-05,posts_all,,,,580
2024-06,posts_all,,,,509
2024-07,posts_all,,,,813
2024-08,posts_all,,,,518
2024-09,posts_all,,,,367
2024-10,posts_all,,,,555
2024-11,posts_all,,,,1161
2024-12,posts_all,,,,709
2025-01,posts_all,,,,452
2025-02,posts_all,,,,571
2025-03,posts_all,,,,600
2025-04,posts_all,,,,563
2025-05,posts_all,,,,451
2025-06,posts_all,,,,488
2025-07,posts_all,,,,667
2025-08,posts_all,,,,434
2025-09,posts_all,,,,433
2025-10,posts_all,,,,699
2025-11,posts_all,,,,1085
2025-12,posts_all,,,,716
2026-01,posts_all,,,,664
2026-02,posts_all,,,,568
2026-03,posts_all,,,,621
2026-04,posts_all,,,,634
2026-05,posts_all,,,,517
2026-06,posts_all,,,,620
2026-07,posts_all,,,,564
2026-08,posts_all,,,,536
2026-09,posts_all,,,,400
2026-10,posts_all,,,,125
2019-01,posts_cpu,,,,100
2019-02,posts_cpu,,,,79
2019-03,posts_cpu,,,,185
2019-04,posts_cpu,,,,156
2019-05,posts_cpu,,,,153
2019-06,posts_cpu,,,,92
2019-07,posts_cpu,,,,213
2019-08,posts_cpu,,,,103
2019-09,posts_cpu,,,,133
2019-10,posts_cpu,,,,142
2019-11,posts_cpu,,,,213
2019-12,posts_cpu,,,,125
2020-01,posts_cpu,,,,143
2020-02,posts_cpu,,,,105
2020-03,posts_cpu,,,,78
2020-04,posts_cpu,,,,112
2020-05,posts_cpu,,,,189
2020-06,posts_cpu,,,,101
2020-07,posts_cpu,,,,145
2020-08,posts_cpu,,,,99
2020-09,posts_cpu,,,,123
2020-10,posts_cpu,,,,119
2020-11,posts_cpu,,,,414
2020-12,posts_cpu,,,,383
2021-01,posts_cpu,,,,161
2021-02,posts_cpu,,,,178
2021-03,posts_cpu,,,,122
2021-04,posts_cpu,,,,95
2021-05,posts_cpu,,,,77
2021-06,posts_cpu,,,,73
2021-07,posts_cpu,,,,74
2021-08,posts_cpu,,,,92
2021-09,posts_cpu,,,,32
2021-10,posts_cpu,,,,28
2021-11,posts_cpu,,,,93
2021-12,posts_cpu,,,,44
2022-01,posts_cpu,,,,59
2022-02,posts_cpu,,,,41
2022-03,posts_cpu,,,,46
2022-04,posts_cpu,,,,106
2022-05,posts_cpu,,,,33
2022-06,posts_cpu,,,,32
2022-07,posts_cpu,,,,102
2022-08,posts_cpu,,,,75
2022-09,posts_cpu,,,,81
2022-10,posts_cpu,,,,129
2022-11,posts_cpu,,,,194
2022-12,posts_cpu,,,,85
2023-01,posts_cpu,,,,52
2023-02,posts_cpu,,,,44
2023-03,posts_cpu,,,,61
2023-04,posts_cpu,,,,95
2023-05,posts_cpu,,,,96
2023-06,posts_cpu,,,,78
2023-07,posts_cpu,,,,94
2023-08,posts_cpu,,,,62
2023-09,posts_cpu,,,,25
2023-10,posts_cpu,,,,62
2023-11,posts_cpu,,,,107
2023-12,posts_cpu,,,,38
2024-01,posts_cpu,,,,46
2024-02,posts_cpu,,,,28
2024-03,posts_cpu,,,,28
2024-04,posts_cpu,,,,34
2024-05,posts_cpu,,,,87
2024-06,posts_cpu,,,,50
2024-07,posts_cpu,,,,68
2024-08,posts_cpu,,,,46
2024-09,posts_cpu,,,,39
2024-10,posts_cpu,,,,32
2024-11,posts_cpu,,,,113
2024-12,posts_cpu,,,,54
2025-01,posts_cpu,,,,72
2025-02,posts_cpu,,,,55
2025-03,posts_cpu,,,,59
2025-04,posts_cpu,,,,57
2025-05,posts_cpu,,,,45
2025-06,posts_cpu,,,,59
2025-07,posts_cpu,,,,66
2025-08,posts_cpu,,,,24
2025-09,posts_cpu,,,,25
2025-10,posts_cpu,,,,57
2025-11,posts_cpu,,,,41
2025-12,posts_cpu,,,,21
2026-01,posts_cpu,,,,20
2026-02,posts_cpu,,,,23
2026-03,posts_cpu,,,,32
2026-04,posts_cpu,,,,36
2026-05,posts_cpu,,,,24
2026-06,posts_cpu,,,,35
2026-07,posts_cpu,,,,37
2026-08,posts_cpu,,,,41
2026-09,posts_cpu,,,,7
2026-10,posts_cpu,,,,12
2019-01,posts_gpu,,,,245
2019-02,posts_gpu,,,,220
2019-03,posts_gpu,,,,252
2019-04,posts_gpu,,,,280
2019-05,posts_gpu,,,,292
2019-06,posts_gpu,,,,200
2019-07,posts_gpu,,,,393
2019-08,posts_gpu,,,,256
2019-09,posts_gpu,,,,253
2019-10,posts_gpu,,,,163
2019-11,posts_gpu,,,,333
2019-12,posts_gpu,,,,233
2020-01,posts_gpu,,,,164
2020-02,posts_gpu,,,,121
2020-03,posts_gpu,,,,120
2020-04,posts_gpu,,,,211
2020-05,posts_gpu,,,,198
2020-06,posts_gpu,,,,159
2020-07,posts_gpu,,,,184
2020-08,posts_gpu,,,,154
2020-09,posts_gpu,,,,142
2020-10,posts_gpu,,,,144
2020-11,posts_gpu,,,,383
2020-12,posts_gpu,,,,359
2021-01,posts_gpu,,,,219
2021-02,posts_gpu,,,,147
2021-03,posts_gpu,,,,119
2021-04,posts_gpu,,,,80
2021-05,posts_gpu,,,,60
2021-06,posts_gpu,,,,52
2021-07,posts_gpu,,,,77
2021-08,posts_gpu,,,,70
2021-09,posts_gpu,,,,67
2021-10,posts_gpu,,,,44
2021-11,posts_gpu,,,,51
2021-12,posts_gpu,,,,81
2022-01,posts_gpu,,,,112
2022-02,posts_gpu,,,,110
2022-03,posts_gpu,,,,344
2022-04,posts_gpu,,,,410
2022-05,posts_gpu,,,,271
2022-06,posts_gpu,,,,198
2022-07,posts_gpu,,,,296
2022-08,posts_gpu,,,,252
2022-09,posts_gpu,,,,245
2022-10,posts_gpu,,,,239
2022-11,posts_gpu,,,,320
2022-12,posts_gpu,,,,174
2023-01,posts_gpu,,,,174
2023-02,posts_gpu,,,,100
2023-03,posts_gpu,,,,102
2023-04,posts_gpu,,,,90
2023-05,posts_gpu,,,,160
2023-06,posts_gpu,,,,116
2023-07,posts_gpu,,,,127
2023-08,posts_gpu,,,,98
2023-09,posts_gpu,,,,98
2023-10,posts_gpu,,,,135
2023-11,posts_gpu,,,,157
2023-12,posts_gpu,,,,65
2024-01,posts_gpu,,,,110
2024-02,posts_gpu,,,,68
2024-03,posts_gpu,,,,104
2024-04,posts_gpu,,,,66
2024-05,posts_gpu,,,,71
2024-06,posts_gpu,,,,85
2024-07,posts_gpu,,,,107
2024-08,posts_gpu,,,,45
2024-09,posts_gpu,,,,24
2024-10,posts_gpu,,,,63
2024-11,posts_gpu,,,,160
2024-12,posts_gpu,,,,163
2025-01,posts_gpu,,,,66
2025-02,posts_gpu,,,,143
2025-03,posts_gpu,,,,167
2025-04,posts_gpu,,,,190
2025-05,posts_gpu,,,,131
2025-06,posts_gpu,,,,116
2025-07,posts_gpu,,,,153
2025-08,posts_gpu,,,,112
2025-09,posts_gpu,,,,98
2025-10,posts_gpu,,,,109
2025-11,posts_gpu,,,,164
2025-12,posts_gpu,,,,131
2026-01,posts_gpu,,,,117
2026-02,posts_gpu,,,,68
2026-03,posts_gpu,,,,74
2026-04,posts_gpu,,,,79
2026-05,posts_gpu,,,,101
2026-06,posts_gpu,,,,107
2026-07,posts_gpu,,,,84
2026-08,posts_gpu,,,,38
2026-09,posts_gpu,,,,37
2026-10,posts_gpu,,,,12
2019-01,posts_ram,,,,142
2019-02,posts_ram,,,,142
2019-03,posts_ram,,,,170
2019-04,posts_ram,,,,221
2019-05,posts_ram,,,,253
2019-06,posts_ram,,,,292
2019-07,posts_ram,,,,217
2019-08,posts_ram,,,,135
2019-09,posts_ram,,,,99
2019-10,posts_ram,,,,171
2019-11,posts_ram,,,,327
2019-12,posts_ram,,,,203
2020-01,posts_ram,,,,116
2020-02,posts_ram,,,,79
2020-03,posts_ram,,,,80
2020-04,posts_ram,,,,135
2020-05,posts_ram,,,,167
2020-06,posts_ram,,,,153
2020-07,posts_ram,,,,163
2020-08,posts_ram,,,,186
2020-09,posts_ram,,,,140
2020-10,posts_ram,,,,211
2020-11,posts_ram,,,,243
2020-12,posts_ram,,,,102
2021-01,posts_ram,,,,67
2021-02,posts_ram,,,,56
2021-03,posts_ram,,,,33
2021-04,posts_ram,,,,34
2021-05,posts_ram,,,,39
2021-06,posts_ram,,,,48
2021-07,posts_ram,,,,47
2021-08,posts_ram,,,,83
2021-09,posts_ram,,,,91
2021-10,posts_ram,,,,65
2021-11,posts_ram,,,,82
2021-12,posts_ram,,,,75
2022-01,posts_ram,,,,76
2022-02,posts_ram,,,,27
2022-03,posts_ram,,,,22
2022-04,posts_ram,,,,30
2022-05,posts_ram,,,,37
2022-06,posts_ram,,,,34
2022-07,posts_ram,,,,74
2022-08,posts_ram,,,,70
2022-09,posts_ram,,,,67
2022-10,posts_ram,,,,57
2022-11,posts_ram,,,,93
2022-12,posts_ram,,,,65
2023-01,posts_ram,,,,77
2023-02,posts_ram,,,,42
2023-03,posts_ram,,,,55
2023-04,posts_ram,,,,70
2023-05,posts_ram,,,,33
2023-06,posts_ram,,,,38
2023-07,posts_ram,,,,38
2023-08,posts_ram,,,,22
2023-09,posts_ram,,,,10
2023-10,posts_ram,,,,9
2023-11,posts_ram,,,,13
2023-12,posts_ram,,,,6
2024-01,posts_ram,,,,3
2024-02,posts_ram,,,,9
2024-03,posts_ram,,,,12
2024-04,posts_ram,,,,13
2024-05,posts_ram,,,,9
2024-06,posts_ram,,,,6
2024-07,posts_ram,,,,17
2024-08,posts_ram,,,,2
2024-09,posts_ram,,,,4
2024-10,posts_ram,,,,5
2024-11,posts_ram,,,,18
2024-12,posts_ram,,,,24
2025-01,posts_ram,,,,16
2025-02,posts_ram,,,,4
2025-03,posts_ram,,,,14
2025-04,posts_ram,,,,16
2025-05,posts_ram,,,,16
2025-06,posts_ram,,,,13
2025-07,posts_ram,,,,12
2025-08,posts_ram,,,,11
2025-09,posts_ram,,,,10
2025-10,posts_ram,,,,26
2025-11,posts_ram,,,,96
2025-12,posts_ram,,,,45
2026-01,posts_ram,,,,47
2026-02,posts_ram,,,,18
2026-03,posts_ram,,,,21
2026-04,posts_ram,,,,18
2026-05,posts_ram,,,,5
2026-06,posts_ram,,,,5
2026-07,posts_ram,,,,8
2026-08,posts_ram,,,,8
2026-09,posts_ram,,,,1
2019-01,posts_ssd,,,,168
2019-02,posts_ssd,,,,175
2019-03,posts_ssd,,,,210
2019-04,posts_ssd,,,,198
2019-05,posts_ssd,,,,221
2019-06,posts_ssd,,,,232
2019-07,posts_ssd,,,,196
2019-08,posts_ssd,,,,123
2019-09,posts_ssd,,,,98
2019-10,posts_ssd,,,,125
2019-11,posts_ssd,,,,286
2019-12,posts_ssd,,,,181
2020-01,posts_ssd,,,,73
2020-02,posts_ssd,,,,71
2020-03,posts_ssd,,,,95
2020-04,posts_ssd,,,,123
2020-05,posts_ssd,,,,174
2020-06,posts_ssd,,,,171
2020-07,posts_ssd,,,,230
2020-08,posts_ssd,,,,221
2020-09,posts_ssd,,,,220
2020-10,posts_ssd,,,,273
2020-11,posts_ssd,,,,388
2020-12,posts_ssd,,,,183
2021-01,posts_ssd,,,,120
2021-02,posts_ssd,,,,88
2021-03,posts_ssd,,,,95
2021-04,posts_ssd,,,,71
2021-05,posts_ssd,,,,51
2021-06,posts_ssd,,,,105
2021-07,posts_ssd,,,,65
2021-08,posts_ssd,,,,102
2021-09,posts_ssd,,,,93
2021-10,posts_ssd,,,,102
2021-11,posts_ssd,,,,182
2021-12,posts_ssd,,,,105
2022-01,posts_ssd,,,,113
2022-02,posts_ssd,,,,88
2022-03,posts_ssd,,,,65
2022-04,posts_ssd,,,,93
2022-05,posts_ssd,,,,73
2022-06,posts_ssd,,,,93
2022-07,posts_ssd,,,,137
2022-08,posts_ssd,,,,178
2022-09,posts_ssd,,,,87
2022-10,posts_ssd,,,,123
2022-11,posts_ssd,,,,250
2022-12,posts_ssd,,,,165
2023-01,posts_ssd,,,,128
2023-02,posts_ssd,,,,190
2023-03,posts_ssd,,,,185
2023-04,posts_ssd,,,,139
2023-05,posts_ssd,,,,162
2023-06,posts_ssd,,,,148
2023-07,posts_ssd,,,,210
2023-08,posts_ssd,,,,106
2023-09,posts_ssd,,,,66
2023-10,posts_ssd,,,,90
2023-11,posts_ssd,,,,114
2023-12,posts_ssd,,,,39
2024-01,posts_ssd,,,,26
2024-02,posts_ssd,,,,37
2024-03,posts_ssd,,,,45
2024-04,posts_ssd,,,,35
2024-05,posts_ssd,,,,21
2024-06,posts_ssd,,,,32
2024-07,posts_ssd,,,,50
2024-08,posts_ssd,,,,24
2024-09,posts_ssd,,,,31
2024-10,posts_ssd,,,,45
2024-11,posts_ssd,,,,83
2024-12,posts_ssd,,,,36
2025-01,posts_ssd,,,,24
2025-02,posts_ssd,,,,38
2025-03,posts_ssd,,,,38
2025-04,posts_ssd,,,,20
2025-05,posts_ssd,,,,10
2025-06,posts_ssd,,,,25
2025-07,posts_ssd,,,,39
2025-08,posts_ssd,,,,32
2025-09,posts_ssd,,,,31
2025-10,posts_ssd,,,,51
2025-11,posts_ssd,,,,59
2025-12,posts_ssd,,,,66
2026-01,posts_ssd,,,,72
2026-02,posts_ssd,,,,40
2026-03,posts_ssd,,,,55
2026-04,posts_ssd,,,,18
2026-05,posts_ssd,,,,10
2026-06,posts_ssd,,,,23
2026-07,posts_ssd,,,,25
2026-08,posts_ssd,,,,36
2026-09,posts_ssd,,,,21
2026-10,posts_ssd,,,,7
2019-01,ram_ddr4_16gb_kit_usd,101.445,89.99249999999999,127.4925,86
2019-02,ram_ddr4_16gb_kit_usd,99.99,84.9975,110.4975,84
2019-03,ram_ddr4_16gb_kit_usd,89.99,81.3025,104.99,102
2019-04,ram_ddr4_16gb_kit_usd,90.99,76.4825,104.99,130
2019-05,ram_ddr4_16gb_kit_usd,79.99,69.44,94.99249999999999,144
2019-06,ram_ddr4_16gb_kit_usd,74.99,64.99,99.99,168
2019-07,ram_ddr4_16gb_kit_usd,69.99,59.99,89.99,121
2019-08,ram_ddr4_16gb_kit_usd,72.99,64.99,101.5,71
2019-09,ram_ddr4_16gb_kit_usd,76.74,65.24,99.0,58
2019-10,ram_ddr4_16gb_kit_usd,76.99,64.0,101.2475,116
2019-11,ram_ddr4_16gb_kit_usd,62.29,56.99,89.99249999999999,196
2019-12,ram_ddr4_16gb_kit_usd,69.99,57.99,99.2475,104
2020-01,ram_ddr4_16gb_kit_usd,67.99,61.99,97.99,63
2020-02,ram_ddr4_16gb_kit_usd,69.99,59.99,99.99,41
2020-03,ram_ddr4_16gb_kit_usd,90.0,76.99,104.0,41
2020-04,ram_ddr4_16gb_kit_usd,75.995,69.99,100.0,72
2020-05,ram_ddr4_16gb_kit_usd,70.0,62.99,99.99,89
2020-06,ram_ddr4_16gb_kit_usd,69.99,59.99,83.99,83
2020-07,ram_ddr4_16gb_kit_usd,62.995000000000005,58.0,74.99,74
2020-08,ram_ddr4_16gb_kit_usd,62.99,53.74,80.7475,80
2020-09,ram_ddr4_16gb_kit_usd,59.49,49.99,69.99,67
2020-10,ram_ddr4_16gb_kit_usd,66.245,55.18,74.99249999999999,84
2020-11,ram_ddr4_16gb_kit_usd,62.99,51.99,77.49,107
2020-12,ram_ddr4_16gb_kit_usd,65.99,62.995000000000005,70.49,23
2021-01,ram_ddr4_16gb_kit_usd,79.8,72.74,84.99,28
2021-02,ram_ddr4_16gb_kit_usd,71.97999999999999,67.86,84.9975,24
2021-03,ram_ddr4_16gb_kit_usd,76.99,71.07,98.0,17
2021-04,ram_ddr4_16gb_kit_usd,84.495,76.38499999999999,95.74,14
2021-05,ram_ddr4_16gb_kit_usd,94.99,78.89,113.7475,16
2021-06,ram_ddr4_16gb_kit_usd,99.99,77.59,114.99,11
2021-07,ram_ddr4_16gb_kit_usd,79.99,74.99,89.99,21
2021-08,ram_ddr4_16gb_kit_usd,74.99,68.99,89.99,37
2021-09,ram_ddr4_16gb_kit_usd,69.0,58.5,75.0,33
2021-10,ram_ddr4_16gb_kit_usd,59.995000000000005,51.49,75.75,28
2021-11,ram_ddr4_16gb_kit_usd,59.99,53.99,66.99,29
2021-12,ram_ddr4_16gb_kit_usd,72.99,57.0,76.99,26
2022-01,ram_ddr4_16gb_kit_usd,54.99,50.99,69.99,25
2022-02,ram_ddr4_16gb_kit_usd,92.99,56.99,94.99,7
2022-03,ram_ddr4_16gb_kit_usd,79.34,69.24249999999999,90.49,8
2022-04,ram_ddr4_16gb_kit_usd,59.99,56.99,72.74,6
2022-05,ram_ddr4_16gb_kit_usd,70.0,52.485,76.495,11
2022-06,ram_ddr4_16gb_kit_usd,48.365,45.4275,49.99,6
2022-07,ram_ddr4_16gb_kit_usd,46.99,19.8,54.99,23
2022-08,ram_ddr4_16gb_kit_usd,59.99,47.705,84.495,19
2022-09,ram_ddr4_16gb_kit_usd,47.99,45.24,49.99,10
2022-10,ram_ddr4_16gb_kit_usd,46.79,41.49,55.49,11
2022-11,ram_ddr4_16gb_kit_usd,49.99,40.894999999999996,55.99,15
2022-12,ram_ddr4_16gb_kit_usd,57.5,53.9925,63.24249999999999,6
2023-01,ram_ddr4_16gb_kit_usd,52.99,49.99,56.0,13
2023-02,ram_ddr4_16gb_kit_usd,54.99,39.480000000000004,57.49,7
2023-03,ram_ddr4_16gb_kit_usd,55.99,43.49,66.99,6
2023-04,ram_ddr4_16gb_kit_usd,39.99,36.99,48.49,11
2023-05,ram_ddr4_16gb_kit_usd,46.99,41.49,48.49,3
2023-06,ram_ddr4_16gb_kit_usd,40.99,40.99,40.99,1
2023-07,ram_ddr4_16gb_kit_usd,35.99,34.99,36.99,2
2023-10,ram_ddr4_16gb_kit_usd,36.495000000000005,33.485,38.4975,4
2024-02,ram_ddr4_16gb_kit_usd,39.99,39.99,39.99,1
2025-04,ram_ddr4_16gb_kit_usd,22.99,22.99,22.99,1
2026-01,ram_ddr4_16gb_kit_usd,51.0,51.0,51.0,1
2026-02,ram_ddr4_16gb_kit_usd,58.97,58.97,58.97,1
2026-04,ram_ddr4_16gb_kit_usd,99.99000000000001,84.99,114.99000000000001,2
2019-01,ram_ddr4_usd_per_gb,6.249375,5.624375,7.49953125,107
2019-02,ram_ddr4_usd_per_gb,6.24875,5.3125,6.8745312499999995,120
2019-03,ram_ddr4_usd_per_gb,5.624375,5.0,6.32796875,136
2019-04,ram_ddr4_usd_per_gb,5.6240625,4.74875,6.2964062499999995,174
2019-05,ram_ddr4_usd_per_gb,4.999375,4.293125,5.936875,205
2019-06,ram_ddr4_usd_per_gb,4.686875,4.02765625,5.890234375,240
2019-07,ram_ddr4_usd_per_gb,4.374375,3.749375,5.5775,160
2019-08,ram_ddr4_usd_per_gb,4.561875,4.0625,6.124375,113
2019-09,ram_ddr4_usd_per_gb,4.561875,4.06234375,5.843125,75
2019-10,ram_ddr4_usd_per_gb,4.686875,3.93734375,6.1875,143
2019-11,ram_ddr4_usd_per_gb,3.891796875,3.4375,4.9996875,270
2019-12,ram_ddr4_usd_per_gb,4.0621875,3.624375,5.2965625,175
2020-01,ram_ddr4_usd_per_gb,4.061875,3.624375,5.070078125,94
2020-02,ram_ddr4_usd_per_gb,4.3434375,3.749375,5.28125,58
2020-03,ram_ddr4_usd_per_gb,4.999375,4.218125,6.2184375,59
2020-04,ram_ddr4_usd_per_gb,4.686875,4.0625,5.8275,104
2020-05,ram_ddr4_usd_per_gb,4.5309375,3.936875,6.046875,128
2020-06,ram_ddr4_usd_per_gb,4.061875,3.624375,4.874375,131
2020-07,ram_ddr4_usd_per_gb,3.74953125,3.374609375,4.3746875,128
2020-08,ram_ddr4_usd_per_gb,3.59359375,3.1246875,4.561875,146
2020-09,ram_ddr4_usd_per_gb,3.6034375,3.124375,4.249375,104
2020-10,ram_ddr4_usd_per_gb,3.624375,3.1246875,4.686875,159
2020-11,ram_ddr4_usd_per_gb,3.74984375,3.0935156249999998,4.483828125,186
2020-12,ram_ddr4_usd_per_gb,4.0625,3.5934765625,4.6871875,66
2021-01,ram_ddr4_usd_per_gb,4.6871875,3.9059375,5.1875,54
2021-02,ram_ddr4_usd_per_gb,4.374375,4.0621875,5.0,45
2021-03,ram_ddr4_usd_per_gb,4.811875,4.375,5.625,29
2021-04,ram_ddr4_usd_per_gb,4.99984375,4.5,5.897890625,26
2021-05,ram_ddr4_usd_per_gb,5.1521875,4.733593750000001,6.811875,34
2021-06,ram_ddr4_usd_per_gb,5.3125,4.523046875,6.601484375,36
2021-07,ram_ddr4_usd_per_gb,4.79625,4.375,5.624375,44
2021-08,ram_ddr4_usd_per_gb,4.811875,4.2475,5.46875,73
2021-09,ram_ddr4_usd_per_gb,4.374375,3.749375,4.843125000000001,78
2021-10,ram_ddr4_usd_per_gb,3.749375,3.124375,4.60921875,55
2021-11,ram_ddr4_usd_per_gb,3.69359375,3.17140625,4.218515625,72
2021-12,ram_ddr4_usd_per_gb,4.186875,3.436875,4.811875,61
2022-01,ram_ddr4_usd_per_gb,3.186875,2.8121875,3.75,57
2022-02,ram_ddr4_usd_per_gb,5.811875,3.343125,5.936875,11
2022-03,ram_ddr4_usd_per_gb,4.655625,3.515546875,5.554140625,14
2022-04,ram_ddr4_usd_per_gb,3.515625,3.2809375,3.788984375,15
2022-05,ram_ddr4_usd_per_gb,3.4375,3.123125,4.561875,21
2022-06,ram_ddr4_usd_per_gb,3.0934375000000003,2.772890625,3.4684375,20
2022-07,ram_ddr4_usd_per_gb,2.874375,2.4996875,3.749375,57
2022-08,ram_ddr4_usd_per_gb,3.1246875,2.6875,4.0621875,41
2022-09,ram_ddr4_usd_per_gb,2.67125,2.49984375,3.12453125,31
2022-10,ram_ddr4_usd_per_gb,2.68703125,2.232109375,3.2419531249999998,26
2022-11,ram_ddr4_usd_per_gb,2.569296875,2.1872656249999998,3.124609375,46
2022-12,ram_ddr4_usd_per_gb,2.9059375,2.4996875,3.4640625,28
2023-01,ram_ddr4_usd_per_gb,2.686875,2.494609375,3.1559375000000003,35
2023-02,ram_ddr4_usd_per_gb,2.578125,2.186875,3.1246875,21
2023-03,ram_ddr4_usd_per_gb,2.34359375,2.007734375,3.0153125,27
2023-04,ram_ddr4_usd_per_gb,2.15578125,1.8826171875,2.54671875,38
2023-05,ram_ddr4_usd_per_gb,1.9684374999999998,1.640625,2.2965625,16
2023-06,ram_ddr4_usd_per_gb,1.5934375,1.56234375,1.835859375,18
2023-07,ram_ddr4_usd_per_gb,1.9684375,1.7340625,2.3121875,17
2023-08,ram_ddr4_usd_per_gb,2.3590625,1.4841796875,3.163984375,8
2023-09,ram_ddr4_usd_per_gb,1.33125,1.33125,1.33125,1
2023-10,ram_ddr4_usd_per_gb,2.015234375,1.8200390625,2.32796875,6
2023-11,ram_ddr4_usd_per_gb,1.4473046875,1.41115234375,1.48345703125,2
2024-02,ram_ddr4_usd_per_gb,1.49984375,1.48421875,2.499375,5
2024-03,ram_ddr4_usd_per_gb,2.5621875,1.7809375,2.5621875,5
2024-05,ram_ddr4_usd_per_gb,1.6871875,1.5857812500000001,1.9371874999999998,3
2024-06,ram_ddr4_usd_per_gb,1.8746875,1.8746875,1.8746875,1
2024-07,ram_ddr4_usd_per_gb,1.5621875,1.5621875,1.5621875,1
2024-09,ram_ddr4_usd_per_gb,1.585859375,1.5272265624999999,1.6444921875,2
2024-11,ram_ddr4_usd_per_gb,1.5309375,1.507578125,1.7028125,3
2024-12,ram_ddr4_usd_per_gb,1.4059375,1.4059375,1.4059375,2
2025-01,ram_ddr4_usd_per_gb,1.8746875,1.8746875,1.8746875,1
2025-03,ram_ddr4_usd_per_gb,1.546640625,1.523125,1.7498046875,4
2025-04,ram_ddr4_usd_per_gb,1.436875,1.436875,1.436875,1
2025-09,ram_ddr4_usd_per_gb,1.5621875,1.5621875,1.5621875,1
2025-11,ram_ddr4_usd_per_gb,2.8125,2.8125,2.8125,1
2025-12,ram_ddr4_usd_per_gb,2.4684375,2.4684375,2.4684375,1
2026-01,ram_ddr4_usd_per_gb,3.1875,3.0625,3.554609375,3
2026-02,ram_ddr4_usd_per_gb,4.186484375,3.9360546875,4.4369140625,2
2026-03,ram_ddr4_usd_per_gb,5.62484375,5.156171875,6.093515625,2
2026-04,ram_ddr4_usd_per_gb,6.249375000000001,5.311875,7.186875000000001,2
2026-06,ram_ddr4_usd_per_gb,2.45296875,2.45296875,2.45296875,1
2026-08,ram_ddr4_usd_per_gb,4.37421875,3.436484375,5.3119531250000005,2
2021-06,ram_ddr5_32gb_kit_usd,310.99,310.99,310.99,1
2021-12,ram_ddr5_32gb_kit_usd,314.99,307.49,324.99,3
2022-01,ram_ddr5_32gb_kit_usd,434.99,411.99,454.99,6
2022-02,ram_ddr5_32gb_kit_usd,349.99,349.99,349.99,7
2022-03,ram_ddr5_32gb_kit_usd,382.49,280.49,476.9925,4
2022-04,ram_ddr5_32gb_kit_usd,145.99,145.99,145.99,1
2022-05,ram_ddr5_32gb_kit_usd,208.99,199.7425,233.49,4
2022-06,ram_ddr5_32gb_kit_usd,195.49,190.24,202.74,3
2022-07,ram_ddr5_32gb_kit_usd,174.09,154.74,179.99,8
2022-08,ram_ddr5_32gb_kit_usd,164.99,157.5,199.99,13
2022-09,ram_ddr5_32gb_kit_usd,166.99,159.99,239.99,13
2022-10,ram_ddr5_32gb_kit_usd,230.99,174.99,241.49,7
2022-11,ram_ddr5_32gb_kit_usd,187.49,134.49,219.99,16
2022-12,ram_ddr5_32gb_kit_usd,139.495,119.89,174.9925,24
2023-01,ram_ddr5_32gb_kit_usd,149.99,125.885,159.99,27
2023-02,ram_ddr5_32gb_kit_usd,124.495,102.99,147.7475,12
2023-03,ram_ddr5_32gb_kit_usd,131.495,116.7475,142.99,24
2023-04,ram_ddr5_32gb_kit_usd,99.99,98.2475,117.49,18
2023-05,ram_ddr5_32gb_kit_usd,89.99,79.985,117.49,11
2023-06,ram_ddr5_32gb_kit_usd,129.99,106.49,144.99,8
2023-07,ram_ddr5_32gb_kit_usd,95.99,79.49,110.99,15
2023-08,ram_ddr5_32gb_kit_usd,87.0,85.995,108.99,7
2023-09,ram_ddr5_32gb_kit_usd,99.99,99.99,99.99,1
2023-10,ram_ddr5_32gb_kit_usd,89.99,79.97999999999999,102.49,3
2023-11,ram_ddr5_32gb_kit_usd,82.99,67.99,90.0,5
2023-12,ram_ddr5_32gb_kit_usd,74.99,64.49,86.49,3
2024-02,ram_ddr5_32gb_kit_usd,89.99,89.99,89.99,1
2024-03,ram_ddr5_32gb_kit_usd,139.99,139.99,159.99,3
2024-04,ram_ddr5_32gb_kit_usd,79.99,75.97,86.0,5
2024-05,ram_ddr5_32gb_kit_usd,85.49,82.69,85.49,3
2024-06,ram_ddr5_32gb_kit_usd,92.99,92.99,92.99,1
2024-07,ram_ddr5_32gb_kit_usd,85.99,85.225,88.9975,6
2024-10,ram_ddr5_32gb_kit_usd,90.435,85.99,98.6575,4
2024-11,ram_ddr5_32gb_kit_usd,89.99,82.99,127.99,9
2024-12,ram_ddr5_32gb_kit_usd,75.22,73.845,82.495,7
2025-01,ram_ddr5_32gb_kit_usd,90.495,84.74,93.75,4
2025-02,ram_ddr5_32gb_kit_usd,75.0,75.0,75.0,1
2025-03,ram_ddr5_32gb_kit_usd,87.935,79.035,99.99,4
2025-04,ram_ddr5_32gb_kit_usd,74.99,72.495,78.19999999999999,3
2025-05,ram_ddr5_32gb_kit_usd,81.41,67.99,89.99,5
2025-06,ram_ddr5_32gb_kit_usd,79.99,78.495,84.99,7
2025-07,ram_ddr5_32gb_kit_usd,81.99,74.3725,89.24,6
2025-08,ram_ddr5_32gb_kit_usd,80.0,52.995,85.0,3
2025-09,ram_ddr5_32gb_kit_usd,72.66499999999999,71.0025,80.565,4
2025-10,ram_ddr5_32gb_kit_usd,94.995,88.22749999999999,104.0,10
2025-11,ram_ddr5_32gb_kit_usd,149.99,111.24,172.25,40
2025-12,ram_ddr5_32gb_kit_usd,199.99,160.74,211.74,20
2026-01,ram_ddr5_32gb_kit_usd,260.99,229.0,292.99,17
2026-02,ram_ddr5_32gb_kit_usd,288.0,288.0,329.99,5
2026-03,ram_ddr5_32gb_kit_usd,259.49,239.0,350.0,9
2026-04,ram_ddr5_32gb_kit_usd,269.99,269.0,299.99,9
2026-05,ram_ddr5_32gb_kit_usd,294.5,282.25,306.75,2
2026-06,ram_ddr5_32gb_kit_usd,339.99,304.99,339.99,3
2026-07,ram_ddr5_32gb_kit_usd,377.995,329.4925,398.62,4
2026-08,ram_ddr5_32gb_kit_usd,379.99,379.99,379.99,1
2021-06,ram_ddr5_usd_per_gb,9.7184375,9.7184375,9.7184375,1
2021-11,ram_ddr5_usd_per_gb,9.3428125,8.92078125,9.76484375,2
2021-12,ram_ddr5_usd_per_gb,9.6090625,9.358984375,9.9996875,4
2022-01,ram_ddr5_usd_per_gb,13.4371875,11.33734375,14.0621875,7
2022-02,ram_ddr5_usd_per_gb,10.9371875,10.327578125,10.9371875,8
2022-03,ram_ddr5_usd_per_gb,11.9528125,8.7653125,14.906015625,4
2022-04,ram_ddr5_usd_per_gb,8.04671875,6.304453125,8.866796875,3
2022-05,ram_ddr5_usd_per_gb,6.24984375,6.249453125,6.671640625,6
2022-06,ram_ddr5_usd_per_gb,6.33546875,6.02703125,6.561953125,4
2022-07,ram_ddr5_usd_per_gb,4.97140625,4.647890625,5.5825,12
2022-08,ram_ddr5_usd_per_gb,5.118281250000001,4.7459765625,5.97625,14
2022-09,ram_ddr5_usd_per_gb,5.0,4.73421875,7.3903125,15
2022-10,ram_ddr5_usd_per_gb,6.249375,5.3121875,7.2809375,9
2022-11,ram_ddr5_usd_per_gb,5.8590625,4.32,6.8746875,22
2022-12,ram_ddr5_usd_per_gb,4.5309375,3.7496875,5.468671875,26
2023-01,ram_ddr5_usd_per_gb,4.6871875,3.998046875,5.0465625,28
2023-02,ram_ddr5_usd_per_gb,4.046875,3.335625,4.515546875,14
2023-03,ram_ddr5_usd_per_gb,4.0625,3.6246875,4.4371875,25
2023-04,ram_ddr5_usd_per_gb,3.1246875,3.054609375,3.5153125,20
2023-05,ram_ddr5_usd_per_gb,2.702890625,2.5703125,3.5153515625,16
2023-06,ram_ddr5_usd_per_gb,3.6715625,3.202955729166667,4.3746875,10
2023-07,ram_ddr5_usd_per_gb,2.906015625,2.53875,3.4059375,16
2023-08,ram_ddr5_usd_per_gb,2.71875,2.695078125,3.2340625,8
2023-09,ram_ddr5_usd_per_gb,3.031171875,2.8515104166666667,3.1013671875,4
2023-10,ram_ddr5_usd_per_gb,2.8121875,2.4993749999999997,3.2028125,3
2023-11,ram_ddr5_usd_per_gb,2.53890625,2.1246875,2.6482031249999998,8
2023-12,ram_ddr5_usd_per_gb,2.0153125,1.6755078125,2.523125,4
2024-01,ram_ddr5_usd_per_gb,2.89046875,2.89046875,2.89046875,1
2024-02,ram_ddr5_usd_per_gb,2.8121875,2.8121875,2.8121875,1
2024-03,ram_ddr5_usd_per_gb,4.3746875,4.3746875,4.9996875,3
2024-04,ram_ddr5_usd_per_gb,2.65609375,2.4368749999999997,2.671796875,7
2024-05,ram_ddr5_usd_per_gb,2.6715625,2.5840625,2.6715625,3
2024-06,ram_ddr5_usd_per_gb,2.784921875,2.7244140625,2.8454296875,2
2024-07,ram_ddr5_usd_per_gb,2.65609375,2.343619791666667,2.6871875,11
2024-08,ram_ddr5_usd_per_gb,1.7680989583333333,1.4386588541666667,2.0975390625,2
2024-09,ram_ddr5_usd_per_gb,2.43265625,2.43265625,2.43265625,1
2024-10,ram_ddr5_usd_per_gb,2.82609375,2.6871875,3.083046875,4
2024-11,ram_ddr5_usd_per_gb,2.8121875,2.6091015625,3.8121875,10
2024-12,ram_ddr5_usd_per_gb,2.350390625,2.2817578125,2.6482031249999998,14
2025-01,ram_ddr5_usd_per_gb,2.24984375,2.10921875,2.7496875,13
2025-02,ram_ddr5_usd_per_gb,2.3432291666666667,2.34296875,2.3434895833333336,2
2025-03,ram_ddr5_usd_per_gb,2.73421875,2.5275,2.9684375,5
2025-04,ram_ddr5_usd_per_gb,2.3434375,2.226484375,2.480260416666667,7
2025-05,ram_ddr5_usd_per_gb,2.26546875,2.1246875,2.5440625,9
2025-06,ram_ddr5_usd_per_gb,2.4840625,2.3984375,2.5778125,8
2025-07,ram_ddr5_usd_per_gb,2.296875,2.02859375,2.657421875,11
2025-08,ram_ddr5_usd_per_gb,2.499921875,2.367421875,2.604296875,6
2025-09,ram_ddr5_usd_per_gb,2.2082812499999998,2.17734375,2.291484375,6
2025-10,ram_ddr5_usd_per_gb,2.830234375,2.48390625,3.25,20
2025-11,ram_ddr5_usd_per_gb,4.37484375,3.6215625,5.2790625,71
2025-12,ram_ddr5_usd_per_gb,6.2496875,5.0623046875,7.085911458333333,30
2026-01,ram_ddr5_usd_per_gb,7.3125,4.9823046875,8.710859375,28
2026-02,ram_ddr5_usd_per_gb,8.4371875,7.03109375,9.0,9
2026-03,ram_ddr5_usd_per_gb,8.19734375,7.12890625,9.609101562500001,14
2026-04,ram_ddr5_usd_per_gb,8.9059375,8.42171875,10.468515625,11
2026-05,ram_ddr5_usd_per_gb,9.96875,9.203125,10.0625,3
2026-06,ram_ddr5_usd_per_gb,10.6246875,9.5309375,10.6246875,3
2026-07,ram_ddr5_usd_per_gb,11.145572916666666,10.462552083333332,11.937421875,6
2026-08,ram_ddr5_usd_per_gb,11.406015625,11.1716796875,11.640351562500001,2
2019-01,ssd_nvme_2tb_usd,229.99,229.99,229.99,1
2019-02,ssd_nvme_2tb_usd,218.21,211.025,240.995,7
2019-03,ssd_nvme_2tb_usd,204.99,198.97,210.3525,12
2019-04,ssd_nvme_2tb_usd,199.99,191.24,199.99,9
2019-05,ssd_nvme_2tb_usd,189.99,184.99,211.75,12
2019-06,ssd_nvme_2tb_usd,205.99,177.5375,256.28999999999996,10
2019-07,ssd_nvme_2tb_usd,173.99,107.0,193.7475,20
2019-08,ssd_nvme_2tb_usd,174.99,173.515,202.225,7
2019-09,ssd_nvme_2tb_usd,229.01,224.99,229.01,5
2019-10,ssd_nvme_2tb_usd,220.97500000000002,188.1225,229.85750000000002,6
2019-11,ssd_nvme_2tb_usd,199.995,199.99,229.2425,24
2019-12,ssd_nvme_2tb_usd,199.99,199.99,214.99,13
2020-01,ssd_nvme_2tb_usd,209.99,204.99,214.99,3
2020-02,ssd_nvme_2tb_usd,220.0,220.0,220.0,1
2020-03,ssd_nvme_2tb_usd,230.0,225.0,235.0,5
2020-04,ssd_nvme_2tb_usd,219.99,197.49,264.99,4
2020-05,ssd_nvme_2tb_usd,237.49,231.24,243.74,2
2020-06,ssd_nvme_2tb_usd,249.99,249.0,378.0,5
2020-07,ssd_nvme_2tb_usd,262.995,220.0,349.99,20
2020-08,ssd_nvme_2tb_usd,236.995,216.24,317.02750000000003,20
2020-09,ssd_nvme_2tb_usd,224.99,198.24,290.0,16
2020-10,ssd_nvme_2tb_usd,234.99,214.0,289.74,37
2020-11,ssd_nvme_2tb_usd,232.99,204.995,249.99,51
2020-12,ssd_nvme_2tb_usd,199.74,192.24,209.9925,20
2021-01,ssd_nvme_2tb_usd,204.49,195.9925,222.49,16
2021-02,ssd_nvme_2tb_usd,197.99,179.99,239.0,13
2021-03,ssd_nvme_2tb_usd,205.0,199.0,287.25,26
2021-04,ssd_nvme_2tb_usd,198.995,189.99,236.99,12
2021-05,ssd_nvme_2tb_usd,186.495,176.96,195.4925,8
2021-06,ssd_nvme_2tb_usd,281.0,207.5575,329.25,12
2021-07,ssd_nvme_2tb_usd,244.99,222.495,259.995,3
2021-08,ssd_nvme_2tb_usd,266.32,224.74,296.6775,16
2021-09,ssd_nvme_2tb_usd,245.0,201.995,274.99,19
2021-10,ssd_nvme_2tb_usd,195.99,171.99,218.63,19
2021-11,ssd_nvme_2tb_usd,199.99,180.0,230.0,41
2021-12,ssd_nvme_2tb_usd,249.0,184.99,279.99,17
2022-01,ssd_nvme_2tb_usd,197.99,169.9975,221.9975,32
2022-02,ssd_nvme_2tb_usd,200.0,179.99,232.49,33
2022-03,ssd_nvme_2tb_usd,214.99,176.49,234.99,19
2022-04,ssd_nvme_2tb_usd,195.615,167.3425,212.4975,28
2022-05,ssd_nvme_2tb_usd,178.5,149.9975,209.99,20
2022-06,ssd_nvme_2tb_usd,174.54000000000002,149.99,199.99,20
2022-07,ssd_nvme_2tb_usd,185.0,164.565,197.74,35
2022-08,ssd_nvme_2tb_usd,159.19,139.99,183.99,33
2022-09,ssd_nvme_2tb_usd,179.99,149.99,194.99,27
2022-10,ssd_nvme_2tb_usd,160.745,129.99,180.74,34
2022-11,ssd_nvme_2tb_usd,159.99,137.49,171.995,71
2022-12,ssd_nvme_2tb_usd,145.77,119.495,167.99,55
2023-01,ssd_nvme_2tb_usd,139.995,112.0825,169.99,40
2023-02,ssd_nvme_2tb_usd,131.99,112.99,154.9975,74
2023-03,ssd_nvme_2tb_usd,119.99,91.2475,131.49,66
2023-04,ssd_nvme_2tb_usd,118.49,99.99,131.2475,64
2023-05,ssd_nvme_2tb_usd,101.99,79.99,119.99,65
2023-06,ssd_nvme_2tb_usd,98.99,79.97999999999999,118.49,59
2023-07,ssd_nvme_2tb_usd,92.19,79.99,109.99,70
2023-08,ssd_nvme_2tb_usd,88.99,79.99,104.99,41
2023-09,ssd_nvme_2tb_usd,92.95,79.99,109.99,29
2023-10,ssd_nvme_2tb_usd,89.99,74.99,102.49,31
2023-11,ssd_nvme_2tb_usd,97.99,82.19749999999999,106.24,44
2023-12,ssd_nvme_2tb_usd,94.99,82.99,107.99,17
2024-01,ssd_nvme_2tb_usd,122.49,102.75,141.74,12
2024-02,ssd_nvme_2tb_usd,119.74,106.24249999999999,134.99,18
2024-03,ssd_nvme_2tb_usd,139.49,122.97,140.35250000000002,16
2024-04,ssd_nvme_2tb_usd,129.99,114.495,132.49,19
2024-05,ssd_nvme_2tb_usd,112.49,102.49,117.99,6
2024-06,ssd_nvme_2tb_usd,129.0,119.99,131.8275,18
2024-07,ssd_nvme_2tb_usd,115.76,102.99,134.99,17
2024-08,ssd_nvme_2tb_usd,99.99,91.99,127.04,7
2024-09,ssd_nvme_2tb_usd,129.99,114.99,134.99,11
2024-10,ssd_nvme_2tb_usd,119.99,109.99,119.99,19
2024-11,ssd_nvme_2tb_usd,109.99,98.39,121.94,27
2024-12,ssd_nvme_2tb_usd,96.99,90.49,127.49000000000001,14
2025-01,ssd_nvme_2tb_usd,99.99,94.0,125.0,5
2025-02,ssd_nvme_2tb_usd,114.89,96.24,119.99,10
2025-03,ssd_nvme_2tb_usd,100.0,89.99,112.49,9
2025-04,ssd_nvme_2tb_usd,169.99,124.99000000000001,219.99,7
2025-05,ssd_nvme_2tb_usd,101.99,97.495,124.995,7
2025-06,ssd_nvme_2tb_usd,116.85,104.99,139.99,9
2025-07,ssd_nvme_2tb_usd,122.5,101.7925,196.5,16
2025-08,ssd_nvme_2tb_usd,128.99,99.99,169.69,9
2025-09,ssd_nvme_2tb_usd,100.99,100.99,142.84,7
2025-10,ssd_nvme_2tb_usd,114.99,109.99,122.0,13
2025-11,ssd_nvme_2tb_usd,126.5,114.99,159.4925,18
2025-12,ssd_nvme_2tb_usd,145.0,124.0,159.0,25
2026-01,ssd_nvme_2tb_usd,179.67,139.95999999999998,195.8,31
2026-02,ssd_nvme_2tb_usd,187.12,179.5475,200.2525,18
2026-03,ssd_nvme_2tb_usd,193.41,189.0,200.46,21
2026-04,ssd_nvme_2tb_usd,201.37,194.0825,203.84,4
2026-05,ssd_nvme_2tb_usd,230.0,230.0,230.0,1
2026-06,ssd_nvme_2tb_usd,234.99,220.625,259.49,8
2026-07,ssd_nvme_2tb_usd,225.0,212.485,230.0,3
2026-08,ssd_nvme_2tb_usd,212.495,173.74,264.0,8
2026-09,ssd_nvme_2tb_usd,320.0,294.995,330.0,3
2026-10,ssd_nvme_2tb_usd,203.85,203.425,301.425,3
2019-01,ssd_nvme_usd_per_tb,145.0,139.99,187.0732291666667,20
2019-02,ssd_nvme_usd_per_tb,119.99,107.63125,153.83072916666669,30
2019-03,ssd_nvme_usd_per_tb,105.0,97.64750000000001,142.15625,43
2019-04,ssd_nvme_usd_per_tb,102.0,97.67,132.495,55
2019-05,ssd_nvme_usd_per_tb,109.0,92.995,128.495,59
2019-06,ssd_nvme_usd_per_tb,111.515,97.99,129.99,66
2019-07,ssd_nvme_usd_per_tb,99.0,86.7425,118.99,67
2019-08,ssd_nvme_usd_per_tb,96.99,85.505,159.995,35
2019-09,ssd_nvme_usd_per_tb,98.99,90.495,116.7475,23
2019-10,ssd_nvme_usd_per_tb,110.48750000000001,90.0,127.99,38
2019-11,ssd_nvme_usd_per_tb,104.4925,99.13250000000001,129.59,84
2019-12,ssd_nvme_usd_per_tb,106.22,99.99,110.49,53
2020-01,ssd_nvme_usd_per_tb,109.995,99.99,134.99,23
2020-02,ssd_nvme_usd_per_tb,110.0,95.99249999999999,132.5,18
2020-03,ssd_nvme_usd_per_tb,119.99,109.9925,125.5,27
2020-04,ssd_nvme_usd_per_tb,114.99,105.0,129.99,29
2020-05,ssd_nvme_usd_per_tb,129.985,119.99,141.49,40
2020-06,ssd_nvme_usd_per_tb,122.995,109.99,138.3725,54
2020-07,ssd_nvme_usd_per_tb,129.99,107.99,154.99,73
2020-08,ssd_nvme_usd_per_tb,118.2425,103.11875,130.99,70
2020-09,ssd_nvme_usd_per_tb,114.9925,99.8925,146.2475,84
2020-10,ssd_nvme_usd_per_tb,114.995,105.0,129.995,111
2020-11,ssd_nvme_usd_per_tb,114.74,94.49125,125.0,186
2020-12,ssd_nvme_usd_per_tb,104.995,91.99,121.49,73
2021-01,ssd_nvme_usd_per_tb,104.9975,95.99875,126.7475,46
2021-02,ssd_nvme_usd_per_tb,104.95,95.995,119.375,46
2021-03,ssd_nvme_usd_per_tb,107.99,99.0,139.13,53
2021-04,ssd_nvme_usd_per_tb,99.99,96.245,120.2425,27
2021-05,ssd_nvme_usd_per_tb,97.4975,91.5,112.495,25
2021-06,ssd_nvme_usd_per_tb,107.99,95.995,138.74375,43
2021-07,ssd_nvme_usd_per_tb,119.99,99.99249999999999,127.49,30
2021-08,ssd_nvme_usd_per_tb,111.995,94.99,135.48250000000002,51
2021-09,ssd_nvme_usd_per_tb,107.495,95.0,135.9975,51
2021-10,ssd_nvme_usd_per_tb,97.995,83.995,117.75,55
2021-11,ssd_nvme_usd_per_tb,99.995,84.99,124.995,109
2021-12,ssd_nvme_usd_per_tb,109.995,89.99,139.995,45
2022-01,ssd_nvme_usd_per_tb,98.995,84.99,111.4975,67
2022-02,ssd_nvme_usd_per_tb,101.0,89.99125,119.67875,54
2022-03,ssd_nvme_usd_per_tb,99.4925,81.99125,124.11749999999999,42
2022-04,ssd_nvme_usd_per_tb,94.995,83.99,109.99,57
2022-05,ssd_nvme_usd_per_tb,94.5,75.0,114.99,37
2022-06,ssd_nvme_usd_per_tb,83.49000000000001,74.19125,93.86625,48
2022-07,ssd_nvme_usd_per_tb,94.99,79.995,103.995,65
2022-08,ssd_nvme_usd_per_tb,80.49,69.995,92.765,84
2022-09,ssd_nvme_usd_per_tb,82.495,70.99,98.17,51
2022-10,ssd_nvme_usd_per_tb,84.995,64.995,96.2225,67
2022-11,ssd_nvme_usd_per_tb,79.99,65.0,89.99,144
2022-12,ssd_nvme_usd_per_tb,69.625,58.746249999999996,83.995,108
2023-01,ssd_nvme_usd_per_tb,69.995,58.84,84.99375,86
2023-02,ssd_nvme_usd_per_tb,65.995,56.495,79.99625,124
2023-03,ssd_nvme_usd_per_tb,59.99,49.495,69.99,121
2023-04,ssd_nvme_usd_per_tb,59.99,49.995,69.99,105
2023-05,ssd_nvme_usd_per_tb,53.995,39.995,62.7475,111
2023-06,ssd_nvme_usd_per_tb,49.745000000000005,42.2475,60.74875,118
2023-07,ssd_nvme_usd_per_tb,44.9975,39.99,56.995,143
2023-08,ssd_nvme_usd_per_tb,45.99,37.99,53.415,69
2023-09,ssd_nvme_usd_per_tb,44.995,34.9925,54.9925,51
2023-10,ssd_nvme_usd_per_tb,44.995,37.4975,49.995,65
2023-11,ssd_nvme_usd_per_tb,48.995,43.2475,56.99,77
2023-12,ssd_nvme_usd_per_tb,45.4925,37.246875,53.995,32
2024-01,ssd_nvme_usd_per_tb,62.495,50.75,74.995,19
2024-02,ssd_nvme_usd_per_tb,57.495000000000005,51.5,62.121875,30
2024-03,ssd_nvme_usd_per_tb,61.9775,53.215625,69.995,32
2024-04,ssd_nvme_usd_per_tb,64.995,59.5,72.24625,23
2024-05,ssd_nvme_usd_per_tb,53.12125,42.8725,62.745,16
2024-06,ssd_nvme_usd_per_tb,62.62375,56.1225,66.53875,24
2024-07,ssd_nvme_usd_per_tb,58.87375,50.37375,74.9975,34
2024-08,ssd_nvme_usd_per_tb,63.52,47.823750000000004,69.99,18
2024-09,ssd_nvme_usd_per_tb,62.495000000000005,51.400625,68.12,20
2024-10,ssd_nvme_usd_per_tb,57.4975,54.995,60.71625,36
2024-11,ssd_nvme_usd_per_tb,54.995,48.25,64.495,57
2024-12,ssd_nvme_usd_per_tb,59.665000000000006,47.558125,65.745625,26
2025-01,ssd_nvme_usd_per_tb,60.0,49.99625,63.99250000000001,15
2025-02,ssd_nvme_usd_per_tb,59.995,49.99625,72.49625,23
2025-03,ssd_nvme_usd_per_tb,62.5,52.5,75.0,25
2025-04,ssd_nvme_usd_per_tb,62.495000000000005,52.655,89.995,12
2025-05,ssd_nvme_usd_per_tb,56.6225,48.371249999999996,62.49875,10
2025-06,ssd_nvme_usd_per_tb,59.368750000000006,51.870625,62.620625000000004,16
2025-07,ssd_nvme_usd_per_tb,57.495,49.9975,69.99625,27
2025-08,ssd_nvme_usd_per_tb,63.4975,49.81125,69.995625,26
2025-09,ssd_nvme_usd_per_tb,52.7475,49.24625,80.05875,20
2025-10,ssd_nvme_usd_per_tb,57.045,45.0,60.246249999999996,32
2025-11,ssd_nvme_usd_per_tb,59.995,54.9975,74.995,31
2025-12,ssd_nvme_usd_per_tb,72.5,59.49875,82.4975,47
2026-01,ssd_nvme_usd_per_tb,89.9125,73.10625,102.24249999999999,46
2026-02,ssd_nvme_usd_per_tb,92.62,81.5,105.0,25
2026-03,ssd_nvme_usd_per_tb,96.625,80.75,103.1225,31
2026-04,ssd_nvme_usd_per_tb,100.685,87.60625,105.188125,8
2026-05,ssd_nvme_usd_per_tb,133.24375,116.123125,164.7425,4
2026-06,ssd_nvme_usd_per_tb,108.295,99.780625,118.74625,14
2026-07,ssd_nvme_usd_per_tb,108.1,99.99125000000001,115.0,11
2026-08,ssd_nvme_usd_per_tb,112.4975,97.4975,132.0,27
2026-09,ssd_nvme_usd_per_tb,142.4925,119.845,162.5,12
2026-10,ssd_nvme_usd_per_tb,102.96125,101.60625,103.999375,6
2019-01,ssd_sata_usd_per_tb,107.29166666666667,99.97,116.99,35
2019-02,ssd_sata_usd_per_tb,103.5375,99.98958333333333,114.99375,38
2019-03,ssd_sata_usd_per_tb,97.99,89.99,107.99,41
2019-04,ssd_sata_usd_per_tb,94.99,89.615,99.99,27
2019-05,ssd_sata_usd_per_tb,89.99,83.83072916666667,97.7865625,40
2019-06,ssd_sata_usd_per_tb,84.99,79.04,93.73958333333333,49
2019-07,ssd_sata_usd_per_tb,89.57291666666667,83.32291666666667,99.5,33
2019-08,ssd_sata_usd_per_tb,91.99,87.24249999999999,97.484375,20
2019-09,ssd_sata_usd_per_tb,86.495,79.78999999999999,92.27739583333334,20
2019-10,ssd_sata_usd_per_tb,84.16145833333334,80.68,89.62791666666666,18
2019-11,ssd_sata_usd_per_tb,89.99,84.99,96.2475,73
2019-12,ssd_sata_usd_per_tb,87.495,81.99,89.99,47
2020-01,ssd_sata_usd_per_tb,99.99,97.49125,100.1915625,12
2020-02,ssd_sata_usd_per_tb,99.99,92.0,100.0,13
2020-03,ssd_sata_usd_per_tb,99.99,95.86479166666666,102.495,15
2020-04,ssd_sata_usd_per_tb,102.495,96.0,104.99875,18
2020-05,ssd_sata_usd_per_tb,99.99,93.24,109.17999999999999,26
2020-06,ssd_sata_usd_per_tb,94.995,89.99,107.99,37
2020-07,ssd_sata_usd_per_tb,99.0,89.260625,106.99,55
2020-08,ssd_sata_usd_per_tb,90.5653125,82.9921875,99.99249999999999,48
2020-09,ssd_sata_usd_per_tb,86.995,79.67750000000001,93.03619791666667,44
2020-10,ssd_sata_usd_per_tb,85.995,77.99,90.0,50
2020-11,ssd_sata_usd_per_tb,91.99,87.99,99.99,64
2020-12,ssd_sata_usd_per_tb,89.495,83.99,99.99,50
2021-01,ssd_sata_usd_per_tb,94.99,84.0,105.0,33
2021-02,ssd_sata_usd_per_tb,89.99,83.19,94.7475,7
2021-03,ssd_sata_usd_per_tb,87.495,82.99625,95.495625,12
2021-04,ssd_sata_usd_per_tb,93.7425,85.74625,102.74249999999999,22
2021-05,ssd_sata_usd_per_tb,84.99875,83.75,89.99,12
2021-06,ssd_sata_usd_per_tb,85.495,74.0,89.995,29
2021-07,ssd_sata_usd_per_tb,81.0,80.745,89.995,13
2021-08,ssd_sata_usd_per_tb,82.565,75.735,89.99375,22
2021-09,ssd_sata_usd_per_tb,80.9925,76.49125,84.99,18
2021-10,ssd_sata_usd_per_tb,81.01,74.9925,84.99625,19
2021-11,ssd_sata_usd_per_tb,76.99,72.5,84.0,25
2021-12,ssd_sata_usd_per_tb,79.99,71.86729166666666,82.5,23
2022-01,ssd_sata_usd_per_tb,76.495,69.995,85.4975,21
2022-02,ssd_sata_usd_per_tb,83.25,75.99249999999999,89.375,6
2022-03,ssd_sata_usd_per_tb,74.99,74.99,74.99,6
2022-04,ssd_sata_usd_per_tb,77.25,72.39453125,79.874375,4
2022-05,ssd_sata_usd_per_tb,70.0,64.995,74.7475,11
2022-06,ssd_sata_usd_per_tb,64.995,64.975,79.36749999999999,14
2022-07,ssd_sata_usd_per_tb,63.995,58.99,80.995,21
2022-08,ssd_sata_usd_per_tb,58.0,54.682291666666664,70.09645833333333,43
2022-09,ssd_sata_usd_per_tb,53.99,51.86625,58.365,12
2022-10,ssd_sata_usd_per_tb,55.4925,49.61875,63.245625000000004,22
2022-11,ssd_sata_usd_per_tb,50.49,48.915677083333335,67.4975,32
2022-12,ssd_sata_usd_per_tb,48.7475,43.048489583333335,61.7425,22
2023-01,ssd_sata_usd_per_tb,46.9925,42.02619791666666,52.499375,16
2023-02,ssd_sata_usd_per_tb,57.4975,51.99,59.995,21
2023-03,ssd_sata_usd_per_tb,51.495,41.495,54.325,21
2023-04,ssd_sata_usd_per_tb,40.995000000000005,36.49,55.99125,12
2023-05,ssd_sata_usd_per_tb,33.995,32.99,42.4975,17
2023-06,ssd_sata_usd_per_tb,38.2475,36.243750000000006,46.62375,7
2023-07,ssd_sata_usd_per_tb,38.25,33.2925,42.4975,23
2023-08,ssd_sata_usd_per_tb,33.24875,30.37,40.650000000000006,10
2023-09,ssd_sata_usd_per_tb,35.493750000000006,30.621875000000003,36.980000000000004,4
2023-10,ssd_sata_usd_per_tb,34.4975,33.746875,36.4975,4
2023-11,ssd_sata_usd_per_tb,38.1225,34.9975,41.248125,16
2023-12,ssd_sata_usd_per_tb,47.4975,46.24875,48.746249999999996,2
2024-01,ssd_sata_usd_per_tb,17.59,17.59,17.59,1
2024-03,ssd_sata_usd_per_tb,54.99,54.99,54.99,1
2024-05,ssd_sata_usd_per_tb,48.995,48.995,48.995,1
2024-07,ssd_sata_usd_per_tb,46.4975,43.49625,47.74875,3
2024-08,ssd_sata_usd_per_tb,41.8475,35.92375,44.5475,3
2024-09,ssd_sata_usd_per_tb,41.24875,39.373125,43.124375,2
2024-11,ssd_sata_usd_per_tb,39.995,39.9925,43.24625,3
2024-12,ssd_sata_usd_per_tb,43.97,43.85875,52.705,3
2025-02,ssd_sata_usd_per_tb,43.2475,40.51875,43.618750000000006,3
2025-08,ssd_sata_usd_per_tb,48.7475,48.7475,48.7475,1
2025-10,ssd_sata_usd_per_tb,37.51625,36.253125,38.779375,2
2025-11,ssd_sata_usd_per_tb,47.37375,46.686875,48.060625,2
2025-12,ssd_sata_usd_per_tb,46.25,46.25,46.25,1
2026-01,ssd_sata_usd_per_tb,69.5,57.2475,69.5,3
2026-02,ssd_sata_usd_per_tb,67.0,67.0,68.25,3
2026-03,ssd_sata_usd_per_tb,53.135000000000005,50.7025,55.5675,2
2026-04,ssd_sata_usd_per_tb,52.99,52.99,52.99,1
2026-06,ssd_sata_usd_per_tb,72.4975,72.4975,126.24875,3
2026-08,ssd_sata_usd_per_tb,105.0,105.0,120.20312500000001,3
2026-09,ssd_sata_usd_per_tb,107.49,99.74125,216.24124999999998,4
