month,log_level,n_link_items,index,usd_per_gb_median,usd_per_gb_min,n_items
2000-11,0.0,,2892.0546577148216,61.36,59.68,3
2000-12,-0.21446815489493984,1.0,2333.8028203007007,48.72,48.16,3
2001-02,-0.49072153152309794,3.0,1770.4711050557034,37.92,36.96,3
2001-03,-0.47814274931623796,3.0,1792.8821317019783,39.12,38.4,3
2001-04,-0.49553449202810707,3.0,1761.9703708105646,38.48,37.6,3
2001-05,-0.8278573451025084,3.0,1263.7833220990542,29.28,27.6,3
2001-06,-1.244251523742863,3.0,833.3643645725646,19.28,18.2,3
2001-08,-1.244251523742863,0.0,833.3643645725646,15.84,12.72,3
2001-11,-1.3792269599396194,3.0,728.1415912679478,13.84,12.24,3
2001-12,-1.2700220301995215,4.0,812.1625074986014,14.8,14.24,3
2002-02,-0.5574027462267559,3.0,1656.2639900111933,31.08,29.04,4
2002-03,-0.566833807363249,4.0,1640.7170901792592,31.42,28.0,4
2002-04,-0.594647630290053,4.0,1595.7112689025357,30.380000000000003,27.96,4
2002-06,-1.0218896746741737,4.0,1040.8914704103217,19.28,16.08,4
2002-08,-0.9395475803841409,4.0,1130.228272470431,21.439999999999998,16.32,4
2002-10,-1.0340618390466854,4.0,1028.298366488129,20.6,9.44,4
2002-12,-0.979935766783133,4.0,1085.4899337963152,20.9,10.92,4
2003-01,-1.0719664980826369,4.0,990.0505323880304,18.08,13.68,4
2003-02,-1.1068294501843727,4.0,956.1291829589038,15.96,14.76,4
2003-04,-1.175872578820446,4.0,892.3423897168132,14.42,13.16,4
2003-08,-0.8171642283011467,2.0,1277.3696152259304,19.54,18.56,4
2003-10,-0.8842942049229694,4.0,1194.434675818764,17.78,17.52,4
2003-12,-0.9828875567970542,4.0,1082.2905197717655,16.52,15.72,8
2004-02,-0.9286258892159551,4.0,1142.6399313896081,17.8,17.08,4
2004-04,-0.747235056206476,4.0,1369.8923327747277,21.34,19.28,4
2004-06,-0.8462674716041608,4.0,1240.7297717872455,18.979999999999997,18.68,8
2004-07,-0.8668465078509147,8.0,1215.4576783854034,18.9,17.2,8
2004-11,-0.9493879640558072,8.0,1119.1609353613949,17.55,16.54,8
2004-12,-1.041224615184138,8.0,1020.9592112276918,15.8,14.68,8
2005-01,-1.034025925403751,8.0,1028.3352970916455,16.01,14.88,8
2005-02,-1.0744831198957268,8.0,987.5620821795587,15.08,14.68,9
2005-03,-1.2875474537718306,8.0,798.0530141004257,12.14,10.88,8
2005-04,-1.422220336083025,8.0,697.4997439800768,10.620000000000001,9.42,8
2005-05,-1.450737101541788,8.0,677.8902361045089,9.600000000000001,9.24,8
2005-06,-1.4465963088757567,7.0,680.7030586609591,9.68,9.04,9
2005-07,-1.3460189987605127,9.0,752.7276561541311,10.7,10.28,9
2005-08,-1.3530961691345977,9.0,747.4192805818169,10.72,10.0,9
2005-09,-1.376443533131589,9.0,730.1711433376211,10.51,7.72,10
2005-10,-1.4070921678700334,9.0,708.1318568589265,9.940000000000001,7.17,9
2005-11,-1.5369140822443688,9.0,621.918092808464,8.559999999999999,6.220000000000001,9
2005-12,-1.576228257709041,9.0,597.9422784829042,8.4,6.13,9
2006-01,-1.4912440454111802,9.0,650.9796859303551,9.36,7.3,9
2006-02,-1.528599831954949,9.0,627.1104307795755,9.05,7.64,10
2006-03,-1.586553474465036,9.0,591.8001587762209,8.38,7.16,9
2006-04,-1.5937737224385229,9.0,587.5426036771115,8.63,7.13,9
2006-05,-1.5530733158568941,9.0,611.949135339484,9.68,7.76,9
2006-06,-1.5572227172642417,8.0,609.4151735840312,9.62,7.4,9
2006-07,-1.5199388018863054,9.0,632.5654419850673,10.059999999999999,8.28,10
2006-08,-1.4529622110057945,10.0,676.3835330358784,10.95,8.86,10
2006-09,-1.349421532064954,9.0,750.1708275488833,12.17,11.5,9
2006-10,-1.3220666486155872,9.0,770.9749124890643,12.6,11.42,9
2006-11,-1.3761762796061772,9.0,730.3663102281902,11.85,10.66,10
2006-12,-1.4146968453181121,10.0,702.7671667196755,11.41,9.74,10
2007-01,-1.4961577148681922,10.0,647.7888327494056,10.469999999999999,8.76,10
2007-02,-1.7083365035713958,10.0,523.9446134195463,8.57,6.32,10
2007-03,-1.7208462139953637,10.0,517.4310444022822,7.795,6.19,10
2007-04,-1.7735668481314817,10.0,490.8583702688115,7.41,5.38,10
2007-05,-1.9108916116545736,10.0,427.8749033943515,6.54,3.44,10
2007-06,-2.0489246424040757,10.0,372.7089575181458,5.495,3.63,10
2007-07,-2.07646081615319,10.0,362.5859923983415,5.07,4.46,10
2007-08,-2.1288962379277896,10.0,344.06350393456466,4.87,3.56,10
2007-09,-2.161189122962076,10.0,333.13018507855685,4.725,2.48,10
2007-10,-2.1631537620320205,10.0,332.4763469898083,4.859999999999999,2.38,10
2007-11,-2.1472764121155383,8.0,337.7973199850126,3.8075,1.98,10
2007-12,-2.264605515811268,10.0,300.40061492651205,3.1950000000000003,1.6,10
2008-01,-2.276520229503048,10.0,296.8426656707435,3.0700000000000003,1.76,10
2008-02,-2.1684460079736256,7.0,330.721448165774,3.1375,2.0,10
2008-04,-2.2854134825471784,10.0,294.2144726453994,2.49,1.8,10
2008-05,-2.2263799509629854,9.0,312.10589327924123,3.14,2.05,9
2008-08,-2.536310394913386,8.0,228.92904029123207,1.69,1.5,9
2008-09,-2.626461491907683,9.0,209.1937781971604,1.5,1.39,9
2008-10,-2.8160032966751247,9.0,173.07398915592407,1.34,1.15,9
2008-12,-3.4500615608650635,9.0,91.80446381314233,0.66,0.6,9
2009-01,-3.0763451510714797,9.0,133.40336147847242,1.08,0.82,9
2009-02,-2.8368651804375764,7.0,169.50074164323556,1.165,1.06,7
2009-10,-2.4210372852938655,5.0,256.8995615530289,2.09,1.94,7
2010-02,-2.3533786368200507,7.0,274.8825308617409,2.29,2.13,7
2010-10,-2.5607143930864003,4.0,223.40987516919714,2.01,1.77,7
2010-12,-3.006605089684241,6.0,143.0390103976872,1.14,0.92,7
2011-04,-3.079364443966669,5.0,133.00118510662142,1.0125,0.93,6
2011-11,-3.7647440912969214,6.0,67.01914946253494,0.505,0.34,6
2011-12,-3.762466183028991,2.0,67.17198694600118,0.73,0.36,2
2012-01,-3.54226053906316,2.0,83.71866434879571,0.58,0.45,7
2012-02,-3.5412252369332506,2.0,83.80538334274296,0.9,0.46,2
2012-03,-3.4688535129484777,2.0,90.0953874631712,0.9450000000000001,0.52,2
2012-04,-3.5047857935632996,2.0,86.91552667068862,0.51,0.45,7
2012-05,-3.498044118394656,2.0,87.50346252808487,0.9025000000000001,0.525,2
2012-06,-3.529322298361446,2.0,84.8088740690464,0.52,0.45,7
2012-07,-3.5373544700587103,1.0,84.13040307649399,1.24,1.24,1
2012-08,-3.5659862827330375,1.0,81.7557546025607,0.435,0.38,7
2012-09,-3.5780298238431656,2.0,80.77703128828585,0.8099999999999999,0.43,2
2012-10,-3.6042579472285072,2.0,78.68594386713205,0.7925,0.415,2
2012-11,-3.5856109477130045,2.0,80.16696602031041,0.8099999999999999,0.42,2
2013-10,-3.003600928926752,2.0,143.46936868859396,1.29925,1.0275,2
2013-11,-3.0340094846998595,2.0,139.1723367664739,1.25225,1.0305,2
2013-12,-2.890454417197083,2.0,160.6564229099107,1.4344999999999999,1.251,2
2014-01,-2.7795616200976525,2.0,179.49742503691093,1.5955,1.458,2
2014-02,-2.774006191604502,2.0,180.49738517814347,1.165125,0.9865,6
2014-03,-2.7795616200976525,2.0,179.49742503691093,1.5955,1.458,2
2014-04,-2.966924427769255,2.0,148.82900879170603,0.9530624999999999,0.87075,6
2014-05,-2.851258345227896,6.0,167.07856276195946,1.063625,0.98375,6
2014-06,-2.8487769505568314,6.0,167.49366542101592,1.060625,1.01,6
2014-07,-2.828016586713624,6.0,171.00724020923286,1.100625,1.033,6
2014-08,-2.7825109769919707,2.0,178.96880299958502,1.5955,1.458,2
2014-09,-2.878982211627838,2.0,162.51011908072005,0.977125,0.9275,6
2014-10,-2.908828396757688,6.0,157.73147879946112,0.958,0.8945,6
2014-11,-2.6911147417545065,2.0,196.0966678516187,1.5955,1.458,2
2014-12,-2.9539213274348217,2.0,150.77688408907818,0.9010625,0.84075,6
2015-01,-2.9640731415934485,6.0,149.25396843991368,0.887375,0.802875,6
2015-02,-2.9936766206421357,6.0,144.90029164864552,0.8624375,0.767125,6
2015-03,-3.020568592772022,6.0,141.0555648855753,0.847125,0.73675,6
2015-04,-3.078205347627797,6.0,133.15543567170712,0.8010625,0.6897500000000001,6
2015-05,-3.1372567905547424,6.0,125.52007327173213,0.753125,0.6515,6
2015-06,-3.240118702757904,6.0,113.25068126917692,0.72125,0.592125,7
2015-07,-3.350052674695009,6.0,101.46052514728751,0.6448750000000001,0.52525,6
2015-08,-3.441554270466782,6.0,92.58880261516734,0.5948125,0.475375,6
2015-09,-3.447901559423172,6.0,92.00297590336976,0.5882499999999999,0.47325,6
2015-10,-3.4693304672063965,6.0,90.05242633056379,0.5623750000000001,0.46875,6
2015-11,-3.553329701498185,6.0,82.79707885390283,0.517,0.4325,6
2015-12,-3.593718823534155,6.0,79.51961010185964,0.5095000000000001,0.365,6
2016-01,-3.60737954896847,6.0,78.44070066279805,0.504875,0.40575,6
2016-02,-3.6463735796505814,6.0,75.44084981745416,0.46125,0.39025,6
2016-03,-3.7255433461462655,5.0,69.69852368683715,0.454125,0.36875,6
2016-04,-3.773421504249803,6.0,66.4401125315117,0.4373125,0.3475,6
2016-05,-3.8673638105824026,6.0,60.48277853142159,0.40937500000000004,0.31175,6
2016-06,-3.890894307992597,3.0,59.076202286504795,0.412125,0.3045,6
2016-07,-3.731987923873475,5.0,69.25079040904598,0.42837499999999995,0.3765,6
2016-08,-3.71756662567783,6.0,70.25671262621475,0.4418125,0.38525,6
2016-09,-3.66075146507145,6.0,74.36393038680677,0.4733125,0.40512499999999996,6
2016-10,-3.4078358350324094,6.0,95.76398240055912,0.60271875,0.55525,6
2016-11,-3.3493788319774582,6.0,101.52891662323806,0.6425624999999999,0.5905,6
2016-12,-3.2895664997924396,6.0,107.78688417447104,0.6884375,0.59125,6
2017-01,-3.1772931030494336,6.0,120.59398165327903,0.776,0.647,6
2017-02,-3.1365644802355646,6.0,125.6070022011475,0.8088124999999999,0.664625,6
2017-03,-3.1339291708560775,6.0,125.93845205681158,0.8075,0.633375,6
2017-04,-3.1459769058280056,6.0,124.43028222115771,0.8006875,0.62025,6
2017-05,-3.177333321013368,6.0,120.58913170640237,0.7972812499999999,0.58025,8
2017-06,-3.1886968941976437,6.0,119.22656476004964,0.7653125000000001,0.562,6
2017-07,-3.1045414234016513,6.0,129.69441886978504,0.830875,0.679,6
2017-08,-3.1102105784360967,6.0,128.96124131437583,0.811625,0.6775,6
2017-09,-3.086732233108399,6.0,132.0248615089409,0.8246249999999999,0.67575,6
2017-10,-3.0227925849670454,6.0,140.74220699211918,0.879625,0.69175,6
2017-11,-2.9919124134685426,3.0,145.1561514110799,0.9577500000000001,0.7825,6
2017-12,-2.9836734287475863,6.0,146.35703094572287,0.9492499999999999,0.78825,6
2018-01,-2.9830671326149982,6.0,146.44579355305606,0.9412499999999999,0.779125,6
2018-02,-3.0062826494525283,6.0,143.0851393658617,0.9318124999999999,0.752625,6
2018-03,-3.0336400435927042,6.0,139.2237622474127,0.922375,0.7266250000000001,6
2018-04,-3.0542074892274385,6.0,136.38953144095268,0.9035,0.702875,6
2018-05,-3.076970525431579,6.0,133.31996051778208,0.88925,0.6825,6
2018-06,-3.0971403959531063,6.0,130.65785162220445,0.8725625,0.606625,6
2018-07,-3.1138823862618996,6.0,128.4885886951175,0.8636250000000001,0.560875,6
2018-08,-3.1580334590679753,6.0,122.93908928573485,0.8245,0.5125,6
2018-09,-3.1899583140053633,6.0,119.07626482524189,0.7985625000000001,0.499625,6
2018-10,-3.2311729391428403,6.0,114.26834017441261,0.7766875,0.477125,6
2018-11,-3.2827857290711555,6.0,108.52024589172467,0.7498125,0.402875,6
2018-12,-3.3438125259095512,4.0,102.09563344429502,0.715875,0.37,6
2019-01,-3.3645522967367336,6.0,100.0,0.6955625000000001,0.370875,6
2019-02,-3.4007232753992063,6.0,96.44753746751763,0.6705,0.3725,6
2019-03,-3.6092418126556316,6.0,78.29475932716048,0.5355,0.36725,6
2019-04,-3.6813249379667248,6.0,72.84963663362139,0.4989374999999999,0.36250000000000004,6
2019-05,-3.7628074817212673,6.0,67.1490651465115,0.44384375,0.3575,6
2019-06,-3.8376393481982567,4.0,62.30758291552008,0.398875,0.333,6
2019-07,-3.784325563549317,6.0,65.71958110247832,0.43862500000000004,0.34325,6
2019-08,-3.771949237513555,6.0,66.53800214127071,0.43118750000000006,0.328125,6
2019-09,-3.848084675952555,6.0,61.660147016992894,0.401875,0.2635,6
2019-10,-3.8775602569390974,6.0,59.869202587708145,0.39278124999999997,0.24975,6
2019-11,-3.926214690491926,6.0,57.02602783142387,0.37424999999999997,0.23,6
2019-12,-3.9563984780946764,6.0,55.33048401347182,0.3645,0.23875,6
2020-02,-3.7767733546613123,6.0,66.21778802038375,0.4305,0.34,6
2020-03,-3.664397124457715,6.0,74.0933184052693,0.475,0.385,6
2020-04,-3.7071255220965456,6.0,70.99411317873488,0.4485625,0.3975,6
2020-05,-3.8219482821895814,6.0,63.29296594952704,0.399125,0.33875,6
2020-06,-3.86276283852742,6.0,60.761699266468185,0.3803125,0.28625,6
2020-07,-3.899719535703025,6.0,58.55713516079194,0.36187500000000006,0.2825,6
2020-08,-3.9244371783413485,6.0,57.1274824304721,0.3495,0.275625,6
2020-09,-3.8789238135285933,6.0,59.787623173725535,0.36812500000000004,0.30125,6
2020-10,-3.8826823286704877,6.0,59.56333225117938,0.374625,0.290375,6
2020-11,-3.893339806581079,6.0,58.93190802481912,0.372625,0.282875,6
2020-12,-3.7991138037392465,6.0,64.75485503379313,0.416875,0.29374999999999996,6
2021-01,-3.624600045959534,6.0,77.10147695685855,0.5041249999999999,0.324375,6
2021-02,-3.4202236241809825,6.0,94.58499597315871,0.62075,0.35,6
2021-03,-3.1471806429693503,6.0,124.28059098146758,0.80175,0.4575,6
2021-04,-3.101803419536086,6.0,130.0500092717952,0.83475,0.52,6
2021-05,-3.1126023255375084,6.0,128.6531672038085,0.8098749999999999,0.4975,6
2021-06,-3.123197518571324,6.0,127.2972578080603,0.7898750000000001,0.475,6
2021-07,-3.108399785222634,6.0,129.19497501277786,0.812,0.4525,7
2021-08,-3.1835029473739014,1.0,119.84743217780162,0.532546875,0.3773125,6
2021-09,-3.322699671715963,6.0,104.27407935235757,0.482875,0.3165,6
2021-10,-3.3608294657466855,6.0,100.3729769332759,0.4624375,0.290375,6
2021-11,-3.43489139878925,6.0,93.20776968498824,0.4260625,0.275625,6
2021-12,-3.43271478922247,6.0,93.4108675603886,0.4365,0.279875,11
2022-01,-3.359661731667753,6.0,100.49025434013046,0.4734375,0.33375,6
2022-02,-3.3369760699088564,6.0,102.79599702485496,0.48428125,0.363625,6
2022-03,-3.33096006277161,6.0,103.4162824265414,0.48720312499999996,0.3674375,6
2022-04,-3.4230872954234544,6.0,94.31452309775557,0.447265625,0.3283125,6
2022-05,-3.516851300865153,6.0,85.8731478093357,0.42265624999999996,0.288625,6
2022-06,-3.546162721020616,6.0,83.39261545206202,0.41600000000000004,0.274125,6
2022-07,-3.600796795948037,6.0,78.95875967854904,0.38884375,0.258875,6
2022-08,-3.7084676123505025,6.0,70.89889658027585,0.346125,0.232375,6
2022-09,-3.8244531805477293,6.0,63.1346219037023,0.3081875,0.221625,6
2022-10,-3.86113753886282,6.0,60.86053553342512,0.30409375000000005,0.214875,6
2022-11,-3.974485445647634,6.0,54.33871938860237,0.27056250000000004,0.1955,6
2022-12,-4.039767367985327,6.0,50.90469274752741,0.25003125000000004,0.1823125,6
2023-01,-4.096774287937078,6.0,48.08393813255634,0.2348125,0.1775,6
2023-02,-4.12918566192894,6.0,46.5504569869824,0.2258125,0.173375,6
2023-03,-4.202480330432981,6.0,43.26059404031605,0.2115,0.16275,6
2023-04,-4.263273955285381,6.0,40.70897269304082,0.19859375,0.15325,6
2023-05,-4.285012039959955,2.0,39.83358667658529,0.19403125,0.1504375,6
2023-06,-4.310294052340241,6.0,38.83913725516521,0.1891875,0.14975,6
2023-07,-4.329800221182466,6.0,38.08887563985988,0.18553124999999998,0.1358125,6
2023-08,-4.34939368891136,6.0,37.34984620178041,0.18346875,0.1289375,6
2023-09,-4.342984198424885,6.0,37.59000852255062,0.1825,0.13975,6
2023-10,-4.306463433994271,6.0,38.98820048677645,0.18874999999999997,0.151875,6
2023-11,-4.268819361114718,6.0,40.48384969466229,0.19865625,0.147625,6
2023-12,-4.246953263204705,6.0,41.37882263999836,0.205578125,0.14737499999999998,6
2024-01,-4.2020864828935105,6.0,43.27763547447803,0.2145625,0.16,6
2024-02,-4.149096536402828,6.0,45.632763043244154,0.22743750000000001,0.170375,6
2024-03,-4.157902014509192,6.0,45.2327086672547,0.2246875,0.174,7
2024-04,-4.169866238377252,6.0,44.69475890722796,0.2239375,0.220125,6
2024-05,-4.177738645007303,6.0,44.34428493772265,0.225125,0.216125,6
2024-06,-4.2041144190440125,6.0,43.18996012304569,0.21818749999999998,0.21125,6
2024-07,-4.18614094989111,6.0,43.97325168594364,0.224203125,0.21525,6
2024-08,-4.1812290352078065,6.0,44.189775885431715,0.224125,0.216375,6
2024-09,-4.232073699886978,6.0,41.999124920404455,0.21381250000000002,0.2056875,6
2024-10,-4.255977100464321,6.0,41.0071065536244,0.20637499999999998,0.2005,6
2024-11,-4.271944772772137,6.0,40.35751852018773,0.20296875,0.1975,6
2024-12,-4.303533456016591,6.0,39.10260257154357,0.19546875000000002,0.1830625,6
2025-01,-4.310408395611673,6.0,38.83469651504109,0.19659375,0.182625,6
2025-02,-4.311968920193328,6.0,38.77414127776528,0.195,0.18125000000000002,6
2025-03,-4.261563907705007,6.0,40.77864652910275,0.205125,0.1871875,6
2025-04,-4.153836708740515,6.0,45.416967739701334,0.22575,0.20946875,6
2025-05,-3.917420419898675,6.0,57.52974180311744,0.2828125,0.25425,6
2025-06,-3.5384578227684793,6.0,84.0376287590947,0.42662500000000003,0.329125,6
2025-07,-3.226440351018046,6.0,114.81040684155836,0.58375,0.377,6
2025-08,-3.222459035603403,6.0,115.26841441540014,0.5797968750000001,0.3854375,6
2025-09,-3.183536708470803,6.0,119.84338606533143,0.63403125,0.3828125,6
2025-10,-2.8836534491548518,6.0,161.75276597921413,0.9075,0.5418750000000001,6
2025-11,-2.3946978394602336,6.0,263.75605536711134,1.25,0.5121249999999999,9
2025-12,-2.1855645947376994,7.0,325.10814732826753,0.8955,0.616125,7
2026-01,-1.9693758652968592,7.0,403.5686531810054,1.5984375,0.742,8
2026-02,-1.9070180042534841,7.0,429.535537031794,1.37875,0.828125,7
2026-03,-1.8699767325731351,7.0,445.744425221673,1.59525,0.859375,7
2026-04,-1.8901794398906546,7.0,436.8295367172395,1.95,0.82375,7
2026-05,-1.9052626821019831,7.0,430.2901723951251,2.272,0.608,7
2026-06,-1.818094436096142,7.0,469.4811020571243,2.67675,0.5776874999999999,7
2026-07,-1.7202504382876767,7.0,517.7394090979166,3.09584375,0.526375,7
2026-08,-1.6761467660192828,7.0,541.0846395019904,3.2354375,0.52625,7
2026-09,-1.624698944965917,7.0,569.65079786077,3.40625,0.675,7
2026-10,-1.561302130373171,7.0,606.9341812730519,3.43,0.74375,7
