series,actual_peak,decision_q,pred_peak,actual_back,pred_back,peak_err_m,back_err_m,decay_used,fall_used
spot_chain,2010-02-01,2010-04-01,2010-02-01,2011-11-01,2012-04-01,0,5,0.26260662887321223,0.0426317773542201
spot_chain,2014-11-01,2014-04-01,2014-02-01,2016-04-01,2015-04-01,-9,-12,0.24828241885139946,0.0626006604504154
spot_chain,2018-01-01,2017-04-01,2017-02-01,2019-11-01,2018-02-01,-11,-21,0.22219216992524338,0.0626006604504154
spot_chain,2021-04-01,2021-07-01,2021-05-01,2022-11-01,2022-07-01,1,-4,0.36852436601560273,0.052612912726845
contract_chain,2017-12-01,2017-10-01,2017-11-01,2020-06-01,2018-12-01,-1,-18,0.22219216992524338,0.0626006604504154
contract_chain,2021-08-01,2021-10-01,2021-08-01,2023-01-01,2022-06-01,0,-7,0.36852436601560273,0.052612912726845
ddr4_8gb_spot,2018-01-01,2017-04-01,2017-02-01,2019-06-01,2017-11-01,-11,-19,0.22219216992524338,0.0626006604504154
ddr4_8gb_spot,2020-04-01,2020-07-01,2020-02-01,2020-07-01,2020-02-01,-2,-5,0.36852436601560273,0.0508864742651045
ddr4_8gb_spot,2021-07-01,2021-07-01,2021-05-01,2022-09-01,2022-02-01,-2,-7,0.36852436601560273,0.052612912726845
