kind,series,peak,rise_x,fall_rate,back_months,max_q,lag_q,decay_first
fall,spot_chain,2004-04-01 00:00:00,1.5351644711280228,0.0352724444263352,11.0,,,
fall,spot_chain,2006-10-01 00:00:00,1.3122025665270045,0.0818459581634414,4.0,,,
fall,spot_chain,2010-02-01 00:00:00,2.994217486213236,0.0672078787846129,21.0,,,
fall,spot_chain,2014-11-01 00:00:00,2.925979655430284,0.0631462929598994,17.0,,,
fall,spot_chain,2018-01-01 00:00:00,2.4789303964197056,0.0423187541512903,22.0,,,
fall,spot_chain,2021-04-01 00:00:00,2.3504224044042474,0.0445567953348312,19.0,,,
fall,contract_chain,2017-12-01 00:00:00,2.362379455312573,0.0323532229516782,30.0,,,
fall,contract_chain,2021-08-01 00:00:00,1.858957355967995,0.0417528859347957,17.0,,,
fall,ddr4_8gb_spot,2018-01-01 00:00:00,2.64822460776218,0.0543393511885855,17.0,,,
fall,ddr4_8gb_spot,2020-04-01 00:00:00,1.3191875226695684,0.0848753225733514,3.0,,,
fall,ddr4_8gb_spot,2021-07-01 00:00:00,1.7702702702702704,0.0447047062896538,14.0,,,
fall,ddr_256mb_spot,2004-04-01 00:00:00,1.6975683890577506,0.0426317773542201,11.0,,,
fall,retail_mccallum,2004-06-01 00:00:00,2.671052631578948,0.0329185757609072,23.0,,,
fall,retail_mccallum,2005-12-01 00:00:00,1.5948275862068964,0.081049187002341,3.0,,,
fall,retail_mccallum,2010-05-01 00:00:00,2.42,0.0626006604504154,8.0,,,
fall,retail_mccallum,2014-02-01 00:00:00,2.5675675675675675,0.0449300009141504,22.0,,,
fall,retail_mccallum,2017-12-01 00:00:00,2.6296296296296298,0.0508864742651045,19.0,,,
fall,retail_mccallum,2021-04-01 00:00:00,1.4814814814814814,0.0367559446189795,8.0,,,
timing,boj_memory_import,2010-01-01,,,,2009-07-01,2.0,0.36852436601560273
timing,boj_memory_import,2014-11-01,,,,2013-10-01,4.0,0.0
timing,boj_memory_import,2018-02-01,,,,2017-01-01,4.0,0.6586465887707353
timing,boj_memory_import,2021-12-01,,,,2021-04-01,2.0,0.42869392345404933
timing,contract_chain,2017-12-01,,,,2017-04-01,2.0,0.19919968985531164
timing,contract_chain,2021-08-01,,,,2021-04-01,1.0,0.5632587034659944
timing,spot_chain,2004-04-01,,,,2003-07-01,3.0,0.0
timing,spot_chain,2006-10-01,,,,2006-07-01,1.0,0.5252132577464245
timing,spot_chain,2010-02-01,,,,2009-10-01,1.0,0.1280404716871962
timing,spot_chain,2014-11-01,,,,2013-10-01,4.0,0.3163438681632906
timing,spot_chain,2018-01-01,,,,2016-10-01,5.0,0.5593926028469054
timing,spot_chain,2021-04-01,,,,2021-01-01,1.0,0.5540099240268691
