month,scenario,ratio_to_pre_spike
2024-01-01,fast,
2024-02-01,fast,
2024-03-01,fast,
2024-04-01,fast,
2024-05-01,fast,
2024-06-01,fast,
2024-07-01,fast,
2024-08-01,fast,
2024-09-01,fast,
2024-10-01,fast,
2024-11-01,fast,
2024-12-01,fast,
2025-01-01,fast,
2025-02-01,fast,
2025-03-01,fast,
2025-04-01,fast,
2025-05-01,fast,
2025-06-01,fast,
2025-07-01,fast,
2025-08-01,fast,
2025-09-01,fast,
2025-10-01,fast,
2025-11-01,fast,
2025-12-01,fast,
2026-01-01,fast,
2026-02-01,fast,
2026-03-01,fast,
2026-04-01,fast,
2026-05-01,fast,
2026-06-01,fast,
2026-07-01,fast,
2026-08-01,fast,
2026-09-01,fast,
2026-10-01,fast,5.181164830927383
2026-11-01,fast,5.264698905516216
2026-12-01,fast,5.264698905516216
2027-01-01,fast,5.264698905516216
2027-02-01,fast,5.264698905516216
2027-03-01,fast,5.264698905516216
2027-04-01,fast,5.264698905516216
2027-05-01,fast,5.264698905516216
2027-06-01,fast,5.264698905516216
2027-07-01,fast,4.943205815269636
2027-08-01,fast,4.6413449602052035
2027-09-01,fast,4.357917482027237
2027-10-01,fast,4.091797731690032
2027-11-01,fast,3.841928798815894
2027-12-01,fast,3.607318314112867
2028-01-01,fast,3.387034508121209
2028-02-01,fast,3.180202510635699
2028-03-01,fast,2.9860008761067145
2028-04-01,fast,2.8036583212204884
2028-05-01,fast,2.6324506617016707
2028-06-01,fast,2.471697936172509
2028-07-01,fast,2.3207617056458973
2028-08-01,fast,2.179042517927057
2028-09-01,fast,2.0459775268535805
2028-10-01,fast,1.9210382569184996
2028-11-01,fast,1.8037285043984597
2028-12-01,fast,1.693582366651187
2029-01-01,fast,1.590162391755506
2029-02-01,fast,1.4930578411450768
2029-03-01,fast,1.401883058335811
2029-04-01,fast,1.3162759372682646
2029-05-01,fast,1.2358964841819355
2029-06-01,fast,1.1604254673098746
2029-07-01,fast,1.0895631490307813
2029-08-01,fast,1.0230280954432571
2029-09-01,fast,0.9605560586343683
2029-10-01,fast,0.9018989272033812
2029-11-01,fast,0.846823740872614
2029-12-01,fast,0.7951117652718726
2030-01-01,fast,0.7465576232219192
2030-02-01,fast,0.7009684790668227
2030-03-01,fast,0.6581632728157083
2030-04-01,fast,0.617972001052261
2030-05-01,fast,0.5802350417560724
2030-06-01,fast,0.5448025203543145
2030-07-01,fast,0.5115337144859835
2030-08-01,fast,0.48029649511469164
2030-09-01,fast,0.45096680177036086
2030-10-01,fast,0.42342814983570587
2030-11-01,fast,0.39757116792066416
2030-12-01,fast,0.37329316348743163
2031-01-01,fast,0.35049771500095667
2031-02-01,fast,0.3290942889850915
2031-03-01,fast,0.30899788046352106
2031-04-01,fast,0.29012867535745623
2031-05-01,fast,0.2724117334992836
2031-06-01,fast,0.25577669100324457
2031-07-01,fast,0.2401574808110874
2031-08-01,fast,0.2254920703028258
2031-09-01,fast,0.2117222149305087
2031-10-01,fast,0.19879322689654133
2031-11-01,fast,0.18665375795785338
2031-12-01,fast,0.17525559549330433
2032-01-01,fast,0.1645534710243984
2032-02-01,fast,0.1545048804288366
2032-03-01,fast,0.14506991513287262
2032-04-01,fast,0.13621110361204483
2032-05-01,fast,0.1278932625707936
2032-06-01,fast,0.1200833572099152
2032-07-01,fast,0.11275037002689708
2032-08-01,fast,0.10586517762806641
2032-09-01,fast,0.09940043506330369
2032-10-01,fast,0.09333046722395152
2032-11-01,fast,0.08763116687259681
2032-12-01,fast,0.0822798988997473
2024-01-01,base,
2024-02-01,base,
2024-03-01,base,
2024-04-01,base,
2024-05-01,base,
2024-06-01,base,
2024-07-01,base,
2024-08-01,base,
2024-09-01,base,
2024-10-01,base,
2024-11-01,base,
2024-12-01,base,
2025-01-01,base,
2025-02-01,base,
2025-03-01,base,
2025-04-01,base,
2025-05-01,base,
2025-06-01,base,
2025-07-01,base,
2025-08-01,base,
2025-09-01,base,
2025-10-01,base,
2025-11-01,base,
2025-12-01,base,
2026-01-01,base,
2026-02-01,base,
2026-03-01,base,
2026-04-01,base,
2026-05-01,base,
2026-06-01,base,
2026-07-01,base,
2026-08-01,base,
2026-09-01,base,
2026-10-01,base,5.2002005353612475
2026-11-01,base,5.303455191286491
2026-12-01,base,5.408760061217472
2027-01-01,base,5.516155853996147
2027-02-01,base,5.62568408677512
2027-03-01,base,5.62568408677512
2027-04-01,base,5.62568408677512
2027-05-01,base,5.62568408677512
2027-06-01,base,5.62568408677512
2027-07-01,base,5.62568408677512
2027-08-01,base,5.62568408677512
2027-09-01,base,5.62568408677512
2027-10-01,base,5.379122208124292
2027-11-01,base,5.143366617040648
2027-12-01,base,4.917943696711957
2028-01-01,base,4.702400587952823
2028-02-01,base,4.49630427944165
2028-03-01,base,4.299240737830589
2028-04-01,base,4.110814075980947
2028-05-01,base,3.930645757653078
2028-06-01,base,3.7583738370530346
2028-07-01,base,3.5936522317083015
2028-08-01,base,3.436150027211841
2028-09-01,base,3.2855508124377466
2028-10-01,base,3.1415520438929985
2028-11-01,base,3.0038644379283284
2028-12-01,base,2.872211389587218
2029-01-01,base,2.746328416925508
2029-02-01,base,2.625962629685316
2029-03-01,base,2.510872221255853
2029-04-01,base,2.400825982900527
2029-05-01,base,2.2956028392744496
2029-06-01,base,2.194991404299233
2029-07-01,base,2.0987895565028567
2029-08-01,base,2.006804032971491
2029-09-01,base,1.9188500410975617
2029-10-01,base,1.8347508873440774
2029-11-01,base,1.7543376222794276
2029-12-01,base,1.6774487011695685
2030-01-01,base,1.6039296594457289
2030-02-01,base,1.5336328023956876
2030-03-01,base,1.4664169084552268
2030-04-01,base,1.402146945503695
2030-05-01,base,1.3406937995937385
2030-06-01,base,1.2819340155702381
2030-07-01,base,1.225749549057369
2030-08-01,base,1.1720275293155464
2030-09-01,base,1.120660032491852
2030-10-01,base,1.0715438648084152
2030-11-01,base,1.0245803552531918
2030-12-01,base,0.9796751573566682
2031-01-01,base,0.936738059656276
2031-02-01,base,0.8956828044677496
2031-03-01,base,0.8564269145993575
2031-04-01,base,0.8188915276608781
2031-05-01,base,0.7830012376344692
2031-06-01,base,0.7486839433891489
2031-07-01,base,0.7158707038345693
2031-08-01,base,0.6844955994230945
2031-09-01,base,0.6544955997219504
2031-10-01,base,0.62581043678941
2031-11-01,base,0.5983824841006297
2031-12-01,base,0.5721566407799152
2032-01-01,base,0.5470802209068415
2032-02-01,base,0.5231028476738512
2032-03-01,base,0.5001763521827051
2032-04-01,base,0.478254676676468
2032-05-01,base,0.4572937820126351
2032-06-01,base,0.43725155919151476
2032-07-01,base,0.41808774476213667
2032-08-01,base,0.3997638399357402
2032-09-01,base,0.3822430332443486
2032-10-01,base,0.36549012658905444
2032-11-01,base,0.3494714645294534
2032-12-01,base,0.3341548666721726
2024-01-01,slow,
2024-02-01,slow,
2024-03-01,slow,
2024-04-01,slow,
2024-05-01,slow,
2024-06-01,slow,
2024-07-01,slow,
2024-08-01,slow,
2024-09-01,slow,
2024-10-01,slow,
2024-11-01,slow,
2024-12-01,slow,
2025-01-01,slow,
2025-02-01,slow,
2025-03-01,slow,
2025-04-01,slow,
2025-05-01,slow,
2025-06-01,slow,
2025-07-01,slow,
2025-08-01,slow,
2025-09-01,slow,
2025-10-01,slow,
2025-11-01,slow,
2025-12-01,slow,
2026-01-01,slow,
2026-02-01,slow,
2026-03-01,slow,
2026-04-01,slow,
2026-05-01,slow,
2026-06-01,slow,
2026-07-01,slow,
2026-08-01,slow,
2026-09-01,slow,
2026-10-01,slow,5.216114857625267
2026-11-01,slow,5.335965492259415
2026-12-01,slow,5.458569934088053
2027-01-01,slow,5.583991457319843
2027-02-01,slow,5.712294790014502
2027-03-01,slow,5.84354614748792
2027-04-01,slow,5.977813266484836
2027-05-01,slow,6.115165440136706
2027-06-01,slow,6.115165440136706
2027-07-01,slow,6.115165440136706
2027-08-01,slow,6.115165440136706
2027-09-01,slow,6.115165440136706
2027-10-01,slow,6.115165440136706
2027-11-01,slow,6.115165440136706
2027-12-01,slow,6.115165440136706
2028-01-01,slow,5.864266853288311
2028-02-01,slow,5.623662362568429
2028-03-01,slow,5.39292961240928
2028-04-01,slow,5.171663576032659
2028-05-01,slow,4.95947584446854
2028-06-01,slow,4.755993944744485
2028-07-01,slow,4.560860686048995
2028-08-01,slow,4.37373353272107
2028-09-01,slow,4.194284002965318
2028-10-01,slow,4.0221970922371435
2028-11-01,slow,3.857170720285797
2028-12-01,slow,3.6989152008846617
2029-01-01,slow,3.54715273331792
2029-02-01,slow,3.401616914730976
2029-03-01,slow,3.262052272488603
2029-04-01,slow,3.1282138157199366
2029-05-01,slow,2.9998666052630742
2029-06-01,slow,2.8767853412543984
2029-07-01,slow,2.7587539676386474
2029-08-01,slow,2.645565292905513
2029-09-01,slow,2.5370206263870037
2029-10-01,slow,2.4329294294771295
2029-11-01,slow,2.333108981161665
2029-12-01,slow,2.2373840572708614
2030-01-01,slow,2.145586622892073
2030-02-01,slow,2.057555537402355
2030-03-01,slow,1.97313627160326
2030-04-01,slow,1.8921806364612777
2030-05-01,slow,1.8145465229777649
2030-06-01,slow,1.7400976527317271
2030-07-01,slow,1.6687033386575625
2030-08-01,slow,1.6002382556378263
2030-09-01,slow,1.5345822205083346
2030-10-01,slow,1.4716199810894115
2030-11-01,slow,1.4112410138729592
2030-12-01,slow,1.3533393300102075
2031-01-01,slow,1.2978132892595713
2031-02-01,slow,1.2445654215680289
2031-03-01,slow,1.1935022559728206
2031-04-01,slow,1.1445341565231255
2031-05-01,slow,1.0975751649336927
2031-06-01,slow,1.0525428496942213
2031-07-01,slow,1.0093581613696225
2031-08-01,slow,0.9679452938371503
2031-09-01,slow,0.9282315512168255
2031-10-01,slow,0.8901472202615558
2031-11-01,slow,0.8536254479829536
2031-12-01,slow,0.8186021242980326
2032-01-01,slow,0.7850157694907814
2032-02-01,slow,0.7528074262910696
2032-03-01,slow,0.7219205563814332
2032-04-01,slow,0.6923009411500813
2032-05-01,slow,0.6638965865158942
2032-06-01,slow,0.636657631658348
2032-07-01,slow,0.6105362614921542
2032-08-01,slow,0.5854866227329684
2032-09-01,slow,0.5614647434068291
2032-10-01,slow,0.5384284556620417
2032-11-01,slow,0.5163373217480015
2032-12-01,slow,0.49515256303103
2024-01-01,crash,
2024-02-01,crash,
2024-03-01,crash,
2024-04-01,crash,
2024-05-01,crash,
2024-06-01,crash,
2024-07-01,crash,
2024-08-01,crash,
2024-09-01,crash,
2024-10-01,crash,
2024-11-01,crash,
2024-12-01,crash,
2025-01-01,crash,
2025-02-01,crash,
2025-03-01,crash,
2025-04-01,crash,
2025-05-01,crash,
2025-06-01,crash,
2025-07-01,crash,
2025-08-01,crash,
2025-09-01,crash,
2025-10-01,crash,
2025-11-01,crash,
2025-12-01,crash,
2026-01-01,crash,
2026-02-01,crash,
2026-03-01,crash,
2026-04-01,crash,
2026-05-01,crash,
2026-06-01,crash,
2026-07-01,crash,
2026-08-01,crash,
2026-09-01,crash,
2026-10-01,crash,5.098956177173177
2026-11-01,crash,5.098956177173177
2026-12-01,crash,5.098956177173177
2027-01-01,crash,5.098956177173177
2027-02-01,crash,5.098956177173177
2027-03-01,crash,5.098956177173177
2027-04-01,crash,5.098956177173177
2027-05-01,crash,5.098956177173177
2027-06-01,crash,4.684037843739031
2027-07-01,crash,4.302882738981074
2027-08-01,crash,3.952743441253208
2027-09-01,crash,3.6310960953749043
2027-10-01,crash,3.335622220314569
2027-11-01,crash,3.0641919972397536
2027-12-01,crash,2.8148489174720397
2028-01-01,crash,2.5857956796868304
2028-02-01,crash,2.3753812347029792
2028-03-01,crash,2.1820888844792306
2028-04-01,crash,2.004525349533292
2028-05-01,crash,1.8414107259798986
2028-06-01,crash,1.6915692597967324
2028-07-01,crash,1.5539208718177637
2028-08-01,crash,1.4274733723649236
2028-09-01,crash,1.3113153094000378
2028-10-01,crash,1.2046093986454598
2028-11-01,crash,1.1065864883167469
2028-12-01,crash,1.016540014964298
2029-01-01,crash,0.9338209104608464
2029-02-01,crash,0.8578329234236296
2029-03-01,crash,0.7880283213473671
2029-04-01,crash,0.7239039424683893
2029-05-01,crash,0.6649975689011801
2029-06-01,crash,0.610884594904372
2029-07-01,crash,0.5611749662605666
2029-08-01,crash,0.5155103687085862
2029-09-01,crash,0.4735616451619622
2029-10-01,crash,0.435026423096597
2029-11-01,crash,0.39962693500546265
2029-12-01,crash,0.3671080162098539
2030-01-01,crash,0.33723526559512845
2030-02-01,crash,0.3097933560132489
2030-03-01,crash,0.2845844821732605
2030-04-01,crash,0.26142693483187285
2030-05-01,crash,0.24015379100670406
2030-06-01,crash,0.22061171077105163
2030-07-01,crash,0.20265983195731224
2030-08-01,crash,0.1861687548019111
2030-09-01,crash,0.17101960921291268
2030-10-01,crash,0.15710319793704253
2030-11-01,crash,0.1443192094499419
2030-12-01,crash,0.13257549489605439
2031-01-01,crash,0.12178740386622049
2031-02-01,crash,0.11187717422516914
2031-03-01,crash,0.10277337159069275
2031-04-01,crash,0.0944103744241905
2031-05-01,crash,0.08672790102103686
2031-06-01,crash,0.07967057499125324
2031-07-01,crash,0.07318752609840369
2031-08-01,crash,0.06723202357950327
2031-09-01,crash,0.06176113930285551
2031-10-01,crash,0.056735438335811364
2031-11-01,crash,0.05211869469201693
2031-12-01,crash,0.04787763020921459
2032-01-01,crash,0.04398167467539064
2032-02-01,crash,0.04040274547422365
2032-03-01,crash,0.037115045161485796
2032-04-01,crash,0.03409487551329827
2032-05-01,crash,0.031320466705873455
2032-06-01,crash,0.028771820395446592
2032-07-01,crash,0.026430565567293982
2032-08-01,crash,0.024279826114776606
2032-09-01,crash,0.022304099193899436
2032-10-01,crash,0.02048914347654844
2032-11-01,crash,0.018821876496918178
2032-12-01,crash,0.017290280351188177
