month,hn_ram_prices_per_100k,hn_ram_shortage_per_100k,hn_dram_prices_per_100k,hn_memory_shortage_per_100k,gt_cpu_prices,gt_gpu_prices,gt_gpu_shortage,gt_ram_prices,gt_ssd_prices,reddit_posts_total,reddit_ram_neg,reddit_ram_neg_per_1k,reddit_ram_net_tone,reddit_ram_pos,reddit_ram_posts,reddit_ram_posts_per_1k,reddit_ram_price,reddit_ram_price_neg,reddit_ram_price_neg_per_1k,reddit_ram_price_per_1k,reddit_ram_price_pos,reddit_ram_price_vader_mean,reddit_ram_wait,reddit_ram_wait_per_1k,gdelt_memory_shortage_per_m,gdelt_memory_shortage_tone,gdelt_ram_prices_per_m,gdelt_ram_prices_tone,gdelt_memory_prices_per_m
2015-01-01,0.6373689410115045,0.0,0.0,0.0,,,,,,,,,,,,,,,,,,,,,,,,,
2015-02-01,0.0,0.0,0.0,0.0,,,,,,,,,,,,,,,,,,,,,,,,,
2015-03-01,0.5708283861539867,0.0,0.0,0.0,,,,,,,,,,,,,,,,,,,,,,,,,
2015-04-01,0.0,1.1925418433119273,0.0,0.0,,,,,,,,,,,,,,,,,,,,,,,,,
2015-05-01,0.0,0.0,0.0,0.0,,,,,,,,,,,,,,,,,,,,,,,,,
2015-06-01,0.0,0.0,0.0,0.0,,,,,,,,,,,,,,,,,,,,,,,,,
2015-07-01,0.0,0.0,0.0,0.0,,,,,,,,,,,,,,,,,,,,,,,,,
2015-08-01,0.0,0.0,0.6072677808006218,0.0,,,,,,,,,,,,,,,,,,,,,,,,,
2015-09-01,0.6311218822579017,0.0,0.0,0.6311218822579017,,,,,,,,,,,,,,,,,,,,,,,,,
2015-10-01,0.0,0.0,0.5666910343811451,0.0,,,,,,,,,,,,,,,,,,,,,,,,,
2015-11-01,0.0,0.0,0.0,0.0,,,,,,,,,,,,,,,,,,,,,,,,,
2015-12-01,0.5965163445478406,0.0,1.7895490336435218,0.0,,,,,,,,,,,,,,,,,,,,,,,,,
2016-01-01,0.0,0.0,0.0,0.0,0.0,0.0,0.0,4.0,1.0,,,,,,,,,,,,,,,,,,,,
2016-02-01,0.0,0.0,0.0,0.0,1.0,0.0,0.0,4.0,1.0,,,,,,,,,,,,,,,,,,,,
2016-03-01,0.0,0.0,0.0,0.0,1.0,0.0,0.0,4.0,1.0,,,,,,,,,,,,,,,,,,,,
2016-04-01,0.0,0.0,0.4933910271907795,0.0,0.0,0.0,0.0,4.0,1.0,,,,,,,,,,,,,,,,,,,,
2016-05-01,0.0,0.0,0.0,0.0,0.0,0.0,0.0,4.0,1.0,,,,,,,,,,,,,,,,,,,,
2016-06-01,1.4876819930971557,0.49589399769905185,0.49589399769905185,0.0,1.0,0.0,0.0,4.0,1.0,,,,,,,,,,,,,,,,,,,,
2016-07-01,0.0,0.0,0.0,0.5358166649699139,0.0,0.0,0.0,3.0,1.0,,,,,,,,,,,,,,,,,,,,
2016-08-01,0.0,0.0,0.0,0.0,1.0,0.0,0.0,4.0,1.0,,,,,,,,,,,,,,,,,,,,
2016-09-01,0.4681889048593326,0.0,0.0,0.0,0.0,0.0,0.0,4.0,1.0,,,,,,,,,,,,,,,,,,,,
2016-10-01,0.44214333402602457,0.0,0.44214333402602457,0.0,0.0,0.0,0.0,4.0,1.0,,,,,,,,,,,,,,,,,,,,
2016-11-01,0.42785141576033475,0.42785141576033475,0.42785141576033475,0.0,0.0,0.0,0.0,4.0,1.0,,,,,,,,,,,,,,,,,,,,
2016-12-01,0.0,0.0,0.0,0.0,1.0,0.0,0.0,4.0,1.0,,,,,,,,,,,,,,,,,,,,
2017-01-01,0.0,0.0,1.2354576340986307,0.0,0.0,0.0,0.0,4.0,1.0,,,,,,,,,,,,,,,,0.3943213000930993,-1.7675333333333332,2.3659278005585955,-0.5195314814814815,14.76514201459716
2017-02-01,0.0,0.0,0.0,0.0,1.0,0.0,0.0,4.0,1.0,,,,,,,,,,,,,,,,1.1707600339988717,-1.061464,2.482011272077607,0.5604245283018867,6.977729802633274
2017-03-01,0.0,0.0,0.0,0.0,0.0,0.0,0.0,4.0,1.0,,,,,,,,,,,,,,,,0.8281290868442847,-1.058121052631579,0.7845433454314277,-0.6805555555555556,4.838017296827137
2017-04-01,0.0,0.0,0.44416610035488874,0.0,0.0,0.0,0.0,4.0,1.0,,,,,,,,,,,,,,,,1.6448599770576924,-0.995339393939394,2.791277536825175,-0.5026464285714286,7.576324742811189
2017-05-01,0.8999199071282656,0.0,0.4499599535641328,0.0,0.0,0.0,0.0,4.0,1.0,,,,,,,,,,,,,,,,0.7527636588589518,-1.9805,2.408843708348646,-1.575875,7.929110539980958
2017-06-01,0.4597870266492561,0.0,0.0,0.0,0.0,2.0,1.0,5.0,1.0,,,,,,,,,,,,,,,,1.1694191781981143,-3.7919590909090912,1.8604396016788178,-0.7174371428571428,6.219183811326335
2017-07-01,0.0,0.0,0.0,0.0,1.0,3.0,1.0,5.0,1.0,,,,,,,,,,,,,,,,0.6172298477540857,-0.95823,1.851689543262257,-0.5094733333333334,19.25757124992748
2017-08-01,0.0,0.0,0.0,0.0,1.0,1.0,0.0,4.0,1.0,,,,,,,,,,,,,,,,2.6661970999833398,-0.3918377777777778,2.1329576799866716,-1.9698777777777776,6.8136148110685335
2017-09-01,0.8673515853018601,0.0,0.0,0.0,1.0,1.0,0.0,5.0,1.0,,,,,,,,,,,,,,,,1.5165144338927443,-0.3575615384615386,2.2164441726124724,-0.7655105263157895,7.349262256557146
2017-10-01,0.900191290649263,0.0,0.0,0.0,1.0,1.0,0.0,5.0,1.0,,,,,,,,,,,,,,,,2.0806621236321767,-1.2499631578947368,1.8616450579866846,-1.287770588235294,12.976761139495421
2017-11-01,0.44847876004592424,0.0,0.0,0.0,1.0,1.0,0.0,6.0,1.0,,,,,,,,,,,,,,,,0.7687569699487958,0.066514285714286,1.647336364175991,-1.3462433333333332,8.291593033019154
2017-12-01,0.4484928398118124,0.0,1.3454785194354373,0.0,1.0,1.0,0.0,6.0,1.0,,,,,,,,,,,,,,,,0.8555346775845176,0.2040076923076922,2.0401211542400035,-2.155125806451613,6.449415261790978
2018-01-01,2.128384130767921,2.128384130767921,0.4256768261535842,0.0,1.0,9.0,2.0,7.0,1.0,,,,,,,,,,,,,,,,0.980746716030918,-0.57388125,3.739096854867875,-0.4639032786885246,11.094697225099761
2018-02-01,2.383619764975091,0.0,0.0,0.47672395299501824,1.0,10.0,1.0,7.0,1.0,,,,,,,,,,,,,,,,1.3360593397395153,-0.62822,2.6053157124920547,-1.5631794871794873,6.012267028827818
2018-03-01,1.263737883913038,0.0,0.0,0.421245961304346,1.0,8.0,1.0,6.0,1.0,,,,,,,,,,,,,,,,0.9378608016447264,-1.1857999999999995,2.5205009044202025,-1.88803488372093,7.1511886125410395
2018-04-01,0.42059573179451376,0.0,0.42059573179451376,0.0,1.0,7.0,0.0,6.0,1.0,,,,,,,,,,,,,,,,1.5266263792000698,-0.1579599999999998,1.831951655040084,-2.03908,11.724490592256537
2018-05-01,0.841099485247115,0.0,0.0,0.0,1.0,5.0,0.0,7.0,1.0,,,,,,,,,,,,,,,,0.4115897076231353,-2.287642857142857,1.8815529491343328,-1.402521875,7.2322191482350915
2018-06-01,1.7244426816808143,0.0,0.0,0.0,1.0,3.0,0.0,5.0,1.0,,,,,,,,,,,,,,,,0.6843043840644669,0.4838727272727273,2.550589067876649,-1.305009756097561,6.283158435501014
2018-07-01,0.888545318032583,0.0,0.0,0.0,1.0,3.0,0.0,5.0,1.0,,,,,,,,,,,,,,,,0.12111049849383956,-4.22425,4.844419939753584,-1.3336349999999997,18.34824052181669
2018-08-01,0.43310292257852157,0.43310292257852157,0.0,0.43310292257852157,1.0,2.0,0.0,5.0,1.0,,,,,,,,,,,,,,,,0.0614936449700074,-4.1791,3.136175893470377,-2.8107294117647057,8.363135715921006
2018-09-01,0.4548990351591464,0.0,0.0,0.0,1.0,2.0,0.0,5.0,1.0,,,,,,,,,,,,,,,,0.19028291136406333,-1.6824333333333332,3.678802953038558,-2.309393103448276,12.875810335634952
2018-10-01,0.8294177901821816,0.0,0.0,0.0,1.0,1.0,0.0,5.0,1.0,,,,,,,,,,,,,,,,0.12024998287940869,-0.98595,3.727749469261669,-1.8620806451612903,11.664248339302643
2018-11-01,0.8942104345415607,0.0,0.0,0.0,1.0,1.0,0.0,5.0,1.0,,,,,,,,,,,,,,,,2.832310774733296,2.180426666666667,3.2099522113644015,-2.662625490196078,11.014541901740593
2018-12-01,0.4464026641310995,0.0,0.4464026641310995,0.0,0.0,1.0,0.0,5.0,1.0,,,,,,,,,,,,,,,,1.4842133764518521,1.791747619047619,2.473688960753087,-1.4482057142857143,7.350390054809173
2019-01-01,1.1888391777988245,0.0,0.0,0.0,0.0,1.0,0.0,4.0,1.0,,,,,,,,,,,,,,,,0.47004005009821154,-1.8824285714285716,3.3574289292729396,-1.963034,16.317104596266486
2019-02-01,1.325141017089902,0.0,0.0,0.0,0.0,1.0,0.0,5.0,1.0,,,,,,,,,,,,,,,,0.14289524485350272,-3.82185,2.8579048970700542,-2.7739775,8.145028956649655
2019-03-01,0.3807986108466676,0.0,0.7615972216933352,0.0,0.0,1.0,0.0,4.0,1.0,,,,,,,,,,,,,,,,0.06516384503959455,-3.3445,3.388519942058916,-2.936088461538461,14.466373598789986
2019-04-01,0.0,0.0,0.3937907081144513,0.0,0.0,1.0,0.0,4.0,1.0,,,,,,,,,,,,,,,,0.19864897507723472,-0.5617666666666667,3.045950951184266,-2.1076847826086955,27.479774885684137
2019-05-01,0.0,0.0,0.0,0.0,1.0,1.0,0.0,4.0,1.0,,,,,,,,,,,,,,,,0.1936959209059494,-1.4736,2.840873506620591,-2.851868181818182,6.198269468990381
2019-06-01,0.7836437868802357,0.0,0.0,0.0,1.0,1.0,0.0,4.0,1.0,,,,,,,,,,,,,,,,0.5769452393868398,-0.7923875,3.678025901091104,-2.913786274509804,10.67348692865654
2019-07-01,0.7735417770575245,0.0,0.0,0.0,1.0,1.0,0.0,4.0,1.0,,,,,,,,,,,,,,,,0.6198125562867277,-3.251588888888889,6.198125562867278,-2.338725555555555,20.38494629565238
2019-08-01,0.37085797993658326,0.0,0.0,0.0,0.0,0.0,0.0,4.0,1.0,,,,,,,,,,,,,,,,0.2861274128230576,0.302075,3.4335289538766904,-2.97465625,7.51084458660526
2019-09-01,0.3687125295891805,0.0,0.0,0.0,1.0,1.0,0.0,4.0,1.0,,,,,,,,,,,,,,,,0.14806169108808537,-4.06145,2.6651104395855367,-1.4448861111111109,15.546477564248967
2019-10-01,0.0,0.0,0.0,0.0,0.0,0.0,0.0,4.0,1.0,,,,,,,,,,,,,,,,0.0,,3.971348238790093,-1.8680581818181816,14.87450431255926
2019-11-01,0.0,0.0,0.0,0.0,0.0,0.0,0.0,4.0,1.0,,,,,,,,,,,,,,,,0.3762250734899248,-0.85348,2.1821054262415633,-1.76478275862069,5.267151028858946
2019-12-01,0.0,0.0,0.0,0.0,1.0,1.0,0.0,4.0,1.0,,,,,,,,,,,,,,,,0.3149663340359708,0.9659749999999998,3.8583375919406415,-2.7007653061224484,7.3229672663363194
2020-01-01,0.7101843993792988,0.0,0.0,0.0,0.0,0.0,0.0,4.0,0.0,,,,,,,,,,,,,,,,0.2353833233112345,0.2106666666666667,4.236899819602221,-0.613137037037037,17.653749248342585
2020-02-01,0.8102217576950811,0.0,1.2153326365426218,0.0,1.0,1.0,0.0,5.0,1.0,,,,,,,,,,,,,,,,0.3278258589037504,-1.37485,4.835431418830317,-0.7527271186440677,7.294125360608445
2020-03-01,0.6895434188252249,0.0,0.6895434188252249,0.0,1.0,1.0,0.0,4.0,1.0,,,,,,,,,,,,,,,,0.2876370158925204,-1.398525,2.732551650978944,-2.896092105263158,7.981927191017442
2020-04-01,0.3406876439405296,0.0,0.0,0.0,1.0,1.0,0.0,4.0,1.0,,,,,,,,,,,,,,,,0.15315823773068504,-1.3068,3.3694812300750705,-0.6636909090909091,11.793184305262747
2020-05-01,0.0,0.0,0.29715474333259045,0.0,1.0,1.0,0.0,4.0,1.0,,,,,,,,,,,,,,,,0.2381995165502612,1.9494333333333331,2.381995165502612,-1.3962033333333332,4.922790008705399
2020-06-01,1.2421935896599805,0.0,0.3105483974149951,0.0,1.0,0.0,0.0,4.0,1.0,,,,,,,,,,,,,,,,0.2399037506152532,-1.0076333333333334,1.51939042056327,-2.2125052631578948,4.7980750123050635
2020-07-01,0.0,0.0,0.0,0.0,1.0,1.0,0.0,4.0,1.0,,,,,,,,,,,,,,,,0.3979211643364271,-1.06988,10.982624135685388,0.116445652173913,8.117591752463111
2020-08-01,0.31123948010557245,0.31123948010557245,0.0,0.0,1.0,1.0,0.0,4.0,1.0,,,,,,,,,,,,,,,,0.16930799842306532,-1.9232,10.58174990144158,0.1629951999999999,4.402007958999698
2020-09-01,0.0,0.0,0.0,0.0,1.0,1.0,0.0,4.0,1.0,,,,,,,,,,,,,,,,0.17378486580593341,-1.99745,8.689243290296671,0.525921,6.169362736110635
2020-10-01,0.3219025729672657,0.0,0.3219025729672657,0.3219025729672657,1.0,1.0,0.0,3.0,0.0,,,,,,,,,,,,,,,,0.0,,7.923047838042338,0.2615685185185185,10.857510000280241
2020-11-01,0.0,0.0,0.0,0.0,1.0,1.0,1.0,4.0,1.0,,,,,,,,,,,,,,,,0.14504944082715315,-7.1066,10.733658621209333,-0.1329581081081082,7.687620363839117
2020-12-01,0.29570576093963463,0.0,0.0,0.0,1.0,2.0,1.0,4.0,1.0,,,,,,,,,,,,,,,,0.35863577461785795,2.285075,7.800328097938409,0.1000091954022988,4.034652464450901
2021-01-01,0.0,0.0,0.0,0.0,1.0,4.0,2.0,3.0,1.0,,,,,,,,,,,,,,,,0.6431930011780539,1.1159,9.739779732124816,0.6640839622641509,13.139514166923101
2021-02-01,0.6362719553591596,0.0,0.0,0.0,1.0,4.0,4.0,4.0,0.0,,,,,,,,,,,,,,,,0.8852827061793913,0.8368222222222222,8.754462316662869,0.3012202247191012,6.295343688386783
2021-03-01,0.0,0.0,0.0,0.2804246751280139,1.0,5.0,6.0,5.0,0.0,,,,,,,,,,,,,,,,0.9671429024855309,-4.989072727272728,9.671429024855307,0.2434836363636364,4.571948266295236
2021-04-01,0.577432216675665,0.0,0.0,0.2887161083378325,0.0,5.0,7.0,4.0,0.0,,,,,,,,,,,,,,,,0.09525155745821601,-6.079,11.049180665153056,0.1441077586206896,7.048615251907984
2021-05-01,0.28722673966055545,0.28722673966055545,0.5744534793211109,0.0,1.0,5.0,6.0,5.0,1.0,,,,,,,,,,,,,,,,1.5599948676168855,-1.155225,10.23746631873581,0.0896914285714285,8.18997305498865
2021-06-01,0.0,0.0,0.0,0.0,1.0,7.0,7.0,5.0,1.0,,,,,,,,,,,,,,,,0.2981779834322373,2.0414666666666665,8.845946841823041,0.1135247191011235,3.677528462330927
2021-07-01,0.0,0.0,0.0,0.0,1.0,8.0,5.0,4.0,1.0,,,,,,,,,,,,,,,,0.20336309687831547,0.8817999999999999,12.100104264259768,0.4109781512605042,9.659747101719983
2021-08-01,0.0,0.0,0.0,0.0,1.0,6.0,4.0,4.0,1.0,,,,,,,,,,,,,,,,0.3676221902635999,0.1249666666666667,8.70039183623853,-0.2901422535211268,6.004495774305464
2021-09-01,0.0,0.0,0.0,0.0,0.0,4.0,3.0,3.0,1.0,,,,,,,,,,,,,,,,0.40199231410795044,-0.3837249999999999,5.326398161930343,-0.759945283018868,8.140344360685997
2021-10-01,0.5731907234813312,0.0,0.0,0.0,1.0,4.0,3.0,5.0,0.0,,,,,,,,,,,,,,,,0.5024807474501615,-1.4927199999999998,4.723319026031517,-1.6609212765957446,16.481368516365293
2021-11-01,0.29645352646292406,0.0,0.0,0.0,1.0,5.0,3.0,4.0,0.0,,,,,,,,,,,,,,,,0.2059363415759011,-1.25,2.2652997573349123,-1.1098272727272729,5.148408539397527
2021-12-01,0.28180047962441634,0.0,0.0,0.0,0.0,4.0,3.0,3.0,0.0,,,,,,,,,,,,,,,,1.2637124649754192,-0.4057250000000001,3.685828022844973,-1.4601857142857142,5.054849859901677
2022-01-01,0.0,0.0,0.0,0.0,1.0,6.0,4.0,5.0,1.0,,,,,,,,,,,,,,,,0.32250591395219713,-0.0064666666666666,1.7200315410783844,0.59045625,11.825216844913891
2022-02-01,0.2854288568574283,0.0,0.0,0.0,1.0,8.0,3.0,6.0,1.0,,,,,,,,,,,,,,,,0.34096895420843776,3.2782,0.6819379084168755,-3.9601166666666665,5.682815903473962
2022-03-01,0.0,0.0,0.0,0.0,1.0,11.0,2.0,7.0,1.0,,,,,,,,,,,,,,,,0.10155617574783685,3.1746,1.9295673392089,-2.225642105263158,5.179364963139678
2022-04-01,0.0,0.0,0.0,0.0,1.0,8.0,1.0,5.0,1.0,,,,,,,,,,,,,,,,0.3335991748090812,-2.149966666666667,3.558391197963533,-0.7406750000000002,10.007975244272437
2022-05-01,0.0,0.0,0.0,0.0,1.0,5.0,1.0,6.0,1.0,,,,,,,,,,,,,,,,1.4373720946149076,0.9052230769230768,0.6634025052068805,-0.46015,2.653610020827522
2022-06-01,0.824284521035741,0.0,0.27476150701191365,0.0,1.0,6.0,1.0,6.0,0.0,,,,,,,,,,,,,,,,0.5672708327944261,1.05416,1.7018124983832779,-1.9572866666666664,4.9919833285909485
2022-07-01,0.0,0.0,0.2779445445044805,0.0,1.0,6.0,1.0,4.0,1.0,,,,,,,,,,,,,,,,0.47535278009479254,-0.7483749999999998,8.675188236729962,-2.803943835616438,8.675188236729962
2022-08-01,0.0,0.0,0.27040254827361493,0.0,1.0,4.0,0.0,5.0,0.0,,,,,,,,,,,,,,,,0.11989234626444224,0.0,7.6731101609243035,-4.2514375,9.831172393684264
2022-09-01,0.2685847196781281,0.0,0.2685847196781281,0.2685847196781281,1.0,5.0,0.0,4.0,1.0,,,,,,,,,,,,,,,,0.8598540999563195,-0.3912857142857143,4.053597899794077,-3.278039393939394,7.861523199600635
2022-10-01,0.0,0.0,0.0,0.0,1.0,3.0,0.0,5.0,0.0,,,,,,,,,,,,,,,,0.12421698272228722,-2.1216,4.968679308891489,-2.6846675,13.167000168562446
2022-11-01,0.0,0.0,0.0,0.0,1.0,3.0,0.0,4.0,1.0,,,,,,,,,,,,,,,,0.1302631354414859,-1.7953,2.084210167063774,-4.08023125,3.2565783860371464
2022-12-01,0.0,0.0,0.0,0.0,1.0,2.0,0.0,4.0,1.0,,,,,,,,,,,,,,,,0.13054051474996858,-3.5794,2.3497292654994344,-1.8085111111111116,4.960539560498805
2023-01-01,0.24866899918187899,0.0,0.0,0.0,1.0,2.0,0.0,4.0,1.0,,,,,,,,,,,,,,,,0.12601841784380471,-1.0363,6.552957727877845,-2.443044230769231,14.11406279850613
2023-02-01,0.0,0.0,0.0,0.0,1.0,2.0,0.0,4.0,1.0,,,,,,,,,,,,,,,,0.0,,2.5277571011681563,-2.625442105263158,5.587673592055924
2023-03-01,0.7164846397634645,0.0,0.2388282132544882,0.0,1.0,1.0,0.0,4.0,1.0,,,,,,,,,,,,,,,,0.1354051586386528,-2.3364,4.332965076436889,-3.4662062499999995,4.332965076436889
2023-04-01,0.26864099891469034,0.0,0.26864099891469034,0.0,1.0,2.0,0.0,4.0,1.0,,,,,,,,,,,,,,,,0.8188398676754775,-0.4453500000000001,3.6847794045396483,-3.028161111111111,14.739117618158593
2023-05-01,0.26425105964674916,0.0,0.0,0.0,0.0,1.0,0.0,3.0,0.0,,,,,,,,,,,,,,,,0.1748048522330883,1.2433,3.3212921924286776,-1.924442105263158,4.719731010293383
2023-06-01,0.25108846851099514,0.0,0.0,0.0,1.0,1.0,0.0,4.0,1.0,,,,,,,,,,,,,,,,0.0,,3.9023113947864374,-1.9420857142857144,2.6015409298576246
2023-07-01,0.2461865700302317,0.0,0.2461865700302317,0.0,1.0,1.0,0.0,4.0,1.0,,,,,,,,,,,,,,,,0.0,,4.335947646979756,-1.6303909090909092,16.16125941147
2023-08-01,0.0,0.0,0.25346036766960933,0.0,1.0,2.0,1.0,4.0,1.0,,,,,,,,,,,,,,,,0.0,,0.7812243660754881,-1.94365,4.492040104934057
2023-09-01,0.0,0.0,0.0,0.0,1.0,1.0,0.0,4.0,1.0,,,,,,,,,,,,,,,,0.5930879161895604,-5.747699999999999,1.9769597206318679,-1.7773,4.547007357453297
2023-10-01,0.8068962734840436,0.2689654244946812,0.0,0.0,1.0,1.0,0.0,3.0,1.0,,,,,,,,,,,,,,,,0.0,,3.0995264587755234,-2.046992857142857,19.48273774087472
2023-11-01,0.5153603141636475,0.0,0.0,0.0,0.0,2.0,0.0,4.0,1.0,,,,,,,,,,,,,,,,0.4261041637194462,-0.5831999999999999,2.130520818597231,-1.84237,6.817666619511139
2023-12-01,0.0,0.0,0.0,0.0,0.0,1.0,0.0,3.0,1.0,,,,,,,,,,,,,,,,0.20842573540936482,2.7516,2.9179602957311075,-1.1651500000000004,8.753880887193322
2024-01-01,0.7839263736349882,0.0,0.0,0.0,1.0,1.0,0.0,4.0,1.0,,,,,,,,,,,,,,,,0.220599978998882,-6.1889,6.397399390967578,-1.8556172413793104,12.353598823937393
2024-02-01,0.8679902553627331,0.0,0.0,0.0,1.0,1.0,0.0,3.0,1.0,,,,,,,,,,,,,,,,0.20669206912196172,-4.454,0.6200762073658853,-4.104233333333333,3.9271493133172735
2024-03-01,0.0,0.0,0.0,0.0,1.0,1.0,0.0,3.0,1.0,,,,,,,,,,,,,,,,0.0,,1.7143301235993922,-1.1630222222222222,6.095395995020061
2024-04-01,0.6088057666082213,0.0,0.0,0.0,1.0,1.0,0.0,3.0,1.0,,,,,,,,,,,,,,,,0.19191540982864067,-1.9841,4.030223606401453,-0.8951571428571429,17.848133114063582
2024-05-01,0.6181157359904068,0.0,0.0,0.0,1.0,1.0,0.0,3.0,0.0,,,,,,,,,,,,,,,,0.8217703398431241,-0.818375,1.027212924803905,0.14738,6.985047888666554
2024-06-01,0.6668289283725707,0.0,0.0,0.0,0.0,1.0,0.0,3.0,1.0,,,,,,,,,,,,,,,,0.1942308013535556,1.006,3.301923623010445,-2.052676470588235,3.6903852257175567
2024-07-01,0.0,0.0,0.0,0.0,0.0,1.0,0.0,3.0,1.0,,,,,,,,,,,,,,,,0.3872572985898994,-0.59765,4.066201635193944,0.6171857142857142,13.554005450646478
2024-08-01,0.0,0.0,0.0,0.0,1.0,1.0,0.0,3.0,1.0,,,,,,,,,,,,,,,,0.6267739007169248,-2.4334666666666664,2.5070956028677,-0.8537166666666666,4.805266572163091
2024-09-01,0.0,0.0,0.6887977379882284,0.0,1.0,1.0,0.0,2.0,0.0,,,,,,,,,,,,,,,,0.1921538583630067,-2.1277,5.188154175801181,-1.9924814814814813,8.262615909609288
2024-10-01,0.3231790476559824,0.0,0.0,0.0,1.0,1.0,0.0,3.0,1.0,,,,,,,,,,,,,,,,0.20007915131225917,2.7397,6.2024536906800325,-1.1403419354838713,5.802295388055515
2024-11-01,0.7347025740304681,0.0,0.0,0.0,1.0,2.0,0.0,4.0,1.0,,,,,,,,,,,,,,,,0.20379299522716807,3.7076,1.2227579713630083,-2.119216666666667,5.9099968615878735
2024-12-01,0.35994140153982934,0.0,0.0,0.0,1.0,2.0,0.0,3.0,1.0,,,,,,,,,,,,,,,,0.2053275940164254,0.5912,8.213103760657015,0.1454024999999999,3.2852415042628063
2025-01-01,0.30196063037301196,0.0,0.0,0.0,1.0,4.0,0.0,4.0,1.0,57194.0,7.0,0.1223904605378186,0.1764705882352941,10.0,1778.0,31.08717697660593,22.0,2.0,0.0349687030108053,0.3846557331188586,7.0,0.3152454545454545,12.0,0.2098122180648319,0.43490267965286067,-0.13695,1.9570620584378728,-0.8465777777777778,5.436283495660758
2025-02-01,0.0,0.0,0.0,0.0,1.0,4.0,1.0,4.0,1.0,46400.0,4.0,0.0862068965517241,0.2727272727272727,7.0,1440.0,31.03448275862069,12.0,0.0,0.0,0.2586206896551724,5.0,0.3154166666666667,3.0,0.0646551724137931,0.23086834432536,-0.5806,1.61607841027752,-1.5918142857142858,7.38778701841152
2025-03-01,1.5255995606273265,0.0,0.0,0.0,1.0,4.0,1.0,4.0,1.0,49283.0,8.0,0.1623277803705131,0.3846153846153846,18.0,1484.0,30.11180325873019,22.0,2.0,0.0405819450926282,0.4464013960189111,9.0,0.2373,3.0,0.0608729176389424,0.0,,1.237890593166225,-0.5260999999999999,7.014713361275275
2025-04-01,0.0,0.0,0.0,0.0,1.0,3.0,1.0,4.0,1.0,40092.0,4.0,0.099770527786092,0.3333333333333333,8.0,1183.0,29.507133592736707,12.0,0.0,0.0,0.2993115833582759,2.0,0.2294916666666666,2.0,0.049885263893046,0.0,,2.2526978104186863,-0.5088545454545454,5.734139881065748
2025-05-01,0.33824922202678936,0.33824922202678936,0.0,0.0,1.0,3.0,0.0,4.0,1.0,41759.0,6.0,0.1436816015709188,0.4545454545454545,16.0,1224.0,29.311046720467445,15.0,2.0,0.0478938671903062,0.3592040039272971,7.0,0.2941866666666666,1.0,0.0239469335951531,0.0,,2.6959197462019677,-1.0424307692307693,3.5254335142641113
2025-06-01,0.35526755199340626,0.0,0.0,0.0,2.0,4.0,0.0,5.0,2.0,38530.0,5.0,0.1297690111601349,0.0,5.0,1089.0,28.263690630677395,17.0,2.0,0.0519076044640539,0.4412146379444588,4.0,0.1979823529411764,3.0,0.0778614066960809,0.0,,3.9186966240863996,-2.881633333333334,3.0478751520671996
2025-07-01,0.6203897288276495,0.0,0.0,0.31019486441382477,4.0,8.0,1.0,12.0,6.0,38488.0,11.0,0.2858033672833091,0.0434782608695652,12.0,1073.0,27.87881937227188,21.0,7.0,0.1818748700893785,0.5456246102681356,8.0,0.1915238095238095,0.0,0.0,0.0,,1.2024575828077424,-2.4540333333333337,8.617612676788822
2025-08-01,0.5941682387367984,0.2970841193683992,0.0,0.0,3.0,6.0,1.0,8.0,4.0,38695.0,5.0,0.1292156609381057,0.0,5.0,1044.0,26.98023000387647,17.0,2.0,0.0516862643752422,0.4393332471895593,1.0,0.1169882352941176,3.0,0.0775293965628634,0.7888586339690021,-1.95155,0.5916439754767517,-0.8008333333333333,4.141507828337262
2025-09-01,0.0,0.0,0.0,0.0,2.0,4.0,0.0,6.0,2.0,32109.0,4.0,0.1245756641440094,0.3333333333333333,8.0,924.0,28.776978417266186,16.0,4.0,0.1245756641440094,0.4983026565760378,2.0,0.13801875,4.0,0.1245756641440094,0.19983996815350272,-2.5,1.998399681535027,-0.5001900000000001,6.994398885372593
2025-10-01,0.0,0.0,0.0,0.0,2.0,4.0,0.0,8.0,2.0,32125.0,22.0,0.6848249027237354,-0.5714285714285714,6.0,984.0,30.63035019455253,66.0,20.0,0.622568093385214,2.054474708171206,2.0,-0.0435121212121212,8.0,0.2490272373540856,4.080182978720097,-0.3268142857142856,3.8858885511619974,-0.6471750000000001,19.040853900693783
2025-11-01,5.5597596948309675,0.0,1.8532532316103225,0.30887553860172046,6.0,14.0,2.0,36.0,8.0,37756.0,160.0,4.237737048416146,-0.4222222222222222,65.0,2026.0,53.66034537556945,479.0,148.0,3.919906769784935,12.686725288695836,41.0,-0.005343006263048,58.0,1.536179680050853,28.258149498932546,-1.4496635714285715,11.30325979957302,-1.112167857142857,42.18538032340645
2025-12-01,25.58279916065423,4.599154905286154,4.886602086866538,1.7246830894823075,14.0,29.0,4.0,100.0,19.0,40051.0,268.0,6.691468377818281,-0.3814432989690721,120.0,3179.0,79.37379840703103,720.0,227.0,5.66777358867444,17.977079223989413,83.0,0.0039233333333333,76.0,1.897580584754438,57.73538944884773,-1.372156655290102,28.57212105830348,-1.5011772413793103,65.81440298947147
2026-01-01,13.758066940639036,2.2930111567731726,1.5286741045154486,1.0191160696769657,13.0,29.0,3.0,59.0,18.0,37159.0,154.0,4.144352646734304,-0.5634517766497462,43.0,2234.0,60.12002475847036,390.0,129.0,3.471568126160553,10.49543852095051,27.0,0.0078707692307692,41.0,1.103366613740951,111.7172370511,-0.4758508604206501,25.633018061451743,-0.9096,111.07641159960001
2026-02-01,15.287247378237074,5.003099141968497,1.389749761657916,2.223599618652665,12.0,21.0,3.0,53.0,18.0,24694.0,85.0,3.442131691908966,-0.2592592592592592,50.0,1260.0,51.02454037417996,195.0,71.0,2.8751923544180773,7.896655057908804,36.0,-0.0051861538461538,21.0,0.8504090062363328,112.7654473,-0.5586171717171716,28.476123055579126,-0.635981,103.9378491528
2026-03-01,22.3849085016865,6.1049750459145,1.2718698012321874,2.2893656422179376,13.0,28.0,4.0,61.0,19.0,25143.0,54.0,2.14771506980074,-0.2857142857142857,30.0,1118.0,44.46565644513383,147.0,41.0,1.630672552996858,5.846557690013125,26.0,-0.0128721088435374,11.0,0.4374975142186692,136.1057265838,-0.3008006329113924,17.013215822979856,-0.7934949367088608,74.51357816140545
2026-04-01,12.539820600524004,2.4012422426535327,1.6008281617690219,0.8004140808845109,11.0,21.0,4.0,49.0,14.0,22931.0,32.0,1.3954908202869478,-0.0491803278688524,29.0,933.0,40.68727922899132,106.0,31.0,1.3518817321529806,4.622563342200515,21.0,-0.024043396226415,17.0,0.741354498277441,62.229675855020076,-0.367808273381295,21.04168895817225,-0.8317776595744679,77.67517094133801
2026-05-01,12.06696641710781,4.721856424085665,1.5739521413618882,3.4102296396174245,9.0,22.0,4.0,42.0,16.0,24438.0,30.0,1.2275963663147558,0.0476190476190476,33.0,959.0,39.24216384319502,88.0,23.0,0.941157214174646,3.6009493411899505,23.0,0.0320693181818181,10.0,0.4091987887715853,82.38845022571945,-0.2117258241758242,13.127829981021232,-0.9923137931034484,112.2655805273
2026-06-01,19.500880105510024,6.9279442480101405,2.565905277040793,5.901582137193824,12.0,26.0,5.0,45.0,22.0,24022.0,36.0,1.498626259262343,-0.2631578947368421,21.0,1019.0,42.419448838564655,125.0,32.0,1.332112230455416,5.203563400216469,12.0,-0.0312528,24.0,0.999084172841562,135.717718225,-0.3543942176870748,17.08012100111667,-0.7464256756756757,141.949654266
2026-07-01,12.852380132276696,2.3134284238098055,1.5422856158732035,1.0281904105821358,7.0,17.0,3.0,35.0,14.0,23759.0,50.0,2.1044656761648217,-0.3157894736842105,26.0,1080.0,45.45645860516015,122.0,40.0,1.6835725409318574,5.134896249842165,15.0,-0.0322868852459016,17.0,0.7155183298960394,171.3266069714,-0.4418354505169867,15.690176709349851,-0.4689064516129033,170.56740487259998
2026-08-01,16.81955208238993,1.2938116986453791,0.7762870191872275,3.6226727562070615,3.0,9.0,1.0,26.0,8.0,22623.0,55.0,2.4311541351721697,-0.264367816091954,32.0,1116.0,49.330327542766206,125.0,41.0,1.8123149007647084,5.525350307209477,22.0,-0.0354639999999999,17.0,0.7514476417804888,128.9869490859,-0.3591378986866792,15.48811396154253,-0.1001796875,133.100979357
2026-09-01,7.5051034703598445,2.001360925429292,0.500340231357323,1.2508505783933075,3.0,6.0,1.0,21.0,5.0,19245.0,20.0,1.0392309690828787,0.0697674418604651,23.0,842.0,43.75162379838919,78.0,12.0,0.6235385814497272,4.053000779423226,11.0,0.0054051282051282,11.0,0.5715770329955833,130.9053542938,0.1976800578034682,9.08014018223085,-0.1714,93.4497760421258
2026-10-01,9.53535573687867,2.7243873533939054,1.3621936766969527,2.7243873533939054,2.0,4.0,0.0,19.0,4.0,3420.0,10.0,2.9239766081871346,-0.4285714285714285,4.0,175.0,51.16959064327485,19.0,9.0,2.631578947368421,5.555555555555555,3.0,0.0500736842105263,2.0,0.5847953216374269,66.55546357960242,0.07735,37.43744826352636,-0.3713666666666666,145.5900765803
