Date,Series,Value
2017-01-01,Average Tone,0
2017-01-02,Average Tone,0
2017-01-03,Average Tone,0
2017-01-04,Average Tone,0
2017-01-05,Average Tone,0
2017-01-06,Average Tone,0
2017-01-07,Average Tone,0
2017-01-08,Average Tone,0
2017-01-09,Average Tone,0
2017-01-10,Average Tone,0
2017-01-11,Average Tone,0
2017-01-12,Average Tone,0
2017-01-13,Average Tone,0
2017-01-14,Average Tone,0
2017-01-15,Average Tone,-1.2856
2017-01-16,Average Tone,0
2017-01-17,Average Tone,0
2017-01-18,Average Tone,0
2017-01-19,Average Tone,0
2017-01-20,Average Tone,-2.0979
2017-01-21,Average Tone,-4.6823
2017-01-22,Average Tone,0
2017-01-23,Average Tone,-1.8971
2017-01-24,Average Tone,-1.8927
2017-01-25,Average Tone,-0.129
2017-01-26,Average Tone,0
2017-01-27,Average Tone,0
2017-01-28,Average Tone,0
2017-01-29,Average Tone,0
2017-01-30,Average Tone,0
2017-01-31,Average Tone,0
2017-02-01,Average Tone,0
2017-02-02,Average Tone,-1.5845
2017-02-03,Average Tone,0
2017-02-04,Average Tone,1.1976
2017-02-05,Average Tone,0
2017-02-06,Average Tone,0.2641
2017-02-07,Average Tone,-1.8307
2017-02-08,Average Tone,0
2017-02-09,Average Tone,0
2017-02-10,Average Tone,0
2017-02-11,Average Tone,0
2017-02-12,Average Tone,0
2017-02-13,Average Tone,0
2017-02-14,Average Tone,2.3747
2017-02-15,Average Tone,0
2017-02-16,Average Tone,-1.4212
2017-02-17,Average Tone,-1.716
2017-02-18,Average Tone,0
2017-02-19,Average Tone,0
2017-02-20,Average Tone,0
2017-02-21,Average Tone,0
2017-02-22,Average Tone,-0.2525
2017-02-23,Average Tone,-2.0706
2017-02-24,Average Tone,-0.3005
2017-02-25,Average Tone,0
2017-02-26,Average Tone,0
2017-02-27,Average Tone,0
2017-02-28,Average Tone,0
2017-03-01,Average Tone,0
2017-03-02,Average Tone,0
2017-03-03,Average Tone,0.5249
2017-03-04,Average Tone,0
2017-03-05,Average Tone,0
2017-03-06,Average Tone,-1.4904
2017-03-07,Average Tone,-1.7664
2017-03-08,Average Tone,1.2422
2017-03-09,Average Tone,0
2017-03-10,Average Tone,0
2017-03-11,Average Tone,0
2017-03-12,Average Tone,0
2017-03-13,Average Tone,0
2017-03-14,Average Tone,0
2017-03-15,Average Tone,-11.4155
2017-03-16,Average Tone,-1.4577
2017-03-17,Average Tone,0
2017-03-18,Average Tone,0
2017-03-19,Average Tone,0
2017-03-20,Average Tone,-0.4909
2017-03-21,Average Tone,0.5493
2017-03-22,Average Tone,0
2017-03-23,Average Tone,0
2017-03-24,Average Tone,-0.2392
2017-03-25,Average Tone,-2.2409
2017-03-26,Average Tone,0
2017-03-27,Average Tone,0
2017-03-28,Average Tone,-0.9434
2017-03-29,Average Tone,0
2017-03-30,Average Tone,0
2017-03-31,Average Tone,0
2017-04-01,Average Tone,0
2017-04-02,Average Tone,-0.4674
2017-04-03,Average Tone,0
2017-04-04,Average Tone,0
2017-04-05,Average Tone,0
2017-04-06,Average Tone,0
2017-04-07,Average Tone,0
2017-04-08,Average Tone,0
2017-04-09,Average Tone,0
2017-04-10,Average Tone,0
2017-04-11,Average Tone,1.5625
2017-04-12,Average Tone,0
2017-04-13,Average Tone,0
2017-04-14,Average Tone,3.6496
2017-04-15,Average Tone,0
2017-04-16,Average Tone,0
2017-04-17,Average Tone,0
2017-04-18,Average Tone,0
2017-04-19,Average Tone,0
2017-04-20,Average Tone,0
2017-04-21,Average Tone,-2.2514
2017-04-22,Average Tone,0.2475
2017-04-23,Average Tone,0
2017-04-24,Average Tone,0
2017-04-25,Average Tone,1.4591
2017-04-26,Average Tone,0
2017-04-27,Average Tone,0
2017-04-28,Average Tone,-2.5525
2017-04-29,Average Tone,-2.3226
2017-04-30,Average Tone,-0.4117
2017-05-01,Average Tone,-2
2017-05-02,Average Tone,-3.4576
2017-05-03,Average Tone,-0.9037
2017-05-04,Average Tone,0
2017-05-05,Average Tone,0
2017-05-06,Average Tone,-5.1988
2017-05-07,Average Tone,0
2017-05-08,Average Tone,0
2017-05-09,Average Tone,0
2017-05-10,Average Tone,0
2017-05-11,Average Tone,0
2017-05-12,Average Tone,0
2017-05-13,Average Tone,0
2017-05-14,Average Tone,0
2017-05-15,Average Tone,0
2017-05-16,Average Tone,0
2017-05-17,Average Tone,0
2017-05-18,Average Tone,0
2017-05-19,Average Tone,0
2017-05-20,Average Tone,0
2017-05-21,Average Tone,0
2017-05-22,Average Tone,0
2017-05-23,Average Tone,0
2017-05-24,Average Tone,0
2017-05-25,Average Tone,-1.4755
2017-05-26,Average Tone,0
2017-05-27,Average Tone,0
2017-05-28,Average Tone,0
2017-05-29,Average Tone,0
2017-05-30,Average Tone,0
2017-05-31,Average Tone,0
2017-06-01,Average Tone,0
2017-06-02,Average Tone,0
2017-06-03,Average Tone,0
2017-06-04,Average Tone,0
2017-06-05,Average Tone,1.6293
2017-06-06,Average Tone,0
2017-06-07,Average Tone,1.0135
2017-06-08,Average Tone,-1.5224
2017-06-09,Average Tone,0
2017-06-10,Average Tone,0
2017-06-11,Average Tone,0
2017-06-12,Average Tone,0
2017-06-13,Average Tone,0
2017-06-14,Average Tone,0
2017-06-15,Average Tone,1.4925
2017-06-16,Average Tone,0
2017-06-17,Average Tone,0
2017-06-18,Average Tone,0
2017-06-19,Average Tone,-10.4452
2017-06-20,Average Tone,0
2017-06-21,Average Tone,-0.9595
2017-06-22,Average Tone,-2.2352
2017-06-23,Average Tone,1.4249
2017-06-24,Average Tone,0
2017-06-25,Average Tone,0
2017-06-26,Average Tone,0
2017-06-27,Average Tone,0
2017-06-28,Average Tone,0
2017-06-29,Average Tone,0
2017-06-30,Average Tone,0
2017-07-01,Average Tone,0
2017-07-02,Average Tone,0
2017-07-03,Average Tone,-1.8692
2017-07-04,Average Tone,0
2017-07-05,Average Tone,-1.3111
2017-07-06,Average Tone,-4.8309
2017-07-07,Average Tone,0
2017-07-08,Average Tone,0
2017-07-09,Average Tone,0
2017-07-10,Average Tone,0
2017-07-11,Average Tone,0
2017-07-12,Average Tone,0
2017-07-13,Average Tone,2.3649
2017-07-14,Average Tone,0
2017-07-15,Average Tone,0
2017-07-16,Average Tone,0
2017-07-17,Average Tone,0
2017-07-18,Average Tone,2.2152
2017-07-19,Average Tone,-2.7149
2017-07-20,Average Tone,0
2017-07-21,Average Tone,0
2017-07-22,Average Tone,0
2017-07-23,Average Tone,0
2017-07-24,Average Tone,0
2017-07-25,Average Tone,0
2017-07-26,Average Tone,0.3509
2017-07-27,Average Tone,0
2017-07-28,Average Tone,0
2017-07-29,Average Tone,0
2017-07-30,Average Tone,0
2017-07-31,Average Tone,-1.165
2017-08-01,Average Tone,0
2017-08-02,Average Tone,0.3558
2017-08-03,Average Tone,0
2017-08-04,Average Tone,0
2017-08-05,Average Tone,0
2017-08-06,Average Tone,0
2017-08-07,Average Tone,0.6387
2017-08-08,Average Tone,0
2017-08-09,Average Tone,0
2017-08-10,Average Tone,0
2017-08-11,Average Tone,0
2017-08-12,Average Tone,0
2017-08-13,Average Tone,0
2017-08-14,Average Tone,0
2017-08-15,Average Tone,2.3533
2017-08-16,Average Tone,-0.6263
2017-08-17,Average Tone,-2.1593
2017-08-18,Average Tone,-0.3986
2017-08-19,Average Tone,-0.6924
2017-08-20,Average Tone,0
2017-08-21,Average Tone,-0.2976
2017-08-22,Average Tone,-0.4145
2017-08-23,Average Tone,-0.016
2017-08-24,Average Tone,-0.6382
2017-08-25,Average Tone,1.1002
2017-08-26,Average Tone,0
2017-08-27,Average Tone,0
2017-08-28,Average Tone,-2.6596
2017-08-29,Average Tone,-1.4149
2017-08-30,Average Tone,0
2017-08-31,Average Tone,0
2017-09-01,Average Tone,1.2325
2017-09-02,Average Tone,0
2017-09-03,Average Tone,0
2017-09-04,Average Tone,0
2017-09-05,Average Tone,0
2017-09-06,Average Tone,-0.366
2017-09-07,Average Tone,0
2017-09-08,Average Tone,-1.3719
2017-09-09,Average Tone,0
2017-09-10,Average Tone,0
2017-09-11,Average Tone,0
2017-09-12,Average Tone,0
2017-09-13,Average Tone,0
2017-09-14,Average Tone,0
2017-09-15,Average Tone,0
2017-09-16,Average Tone,0
2017-09-17,Average Tone,0
2017-09-18,Average Tone,-1.8343
2017-09-19,Average Tone,0
2017-09-20,Average Tone,2.3196
2017-09-21,Average Tone,-0.9569
2017-09-22,Average Tone,-0.1842
2017-09-23,Average Tone,-2.4496
2017-09-24,Average Tone,-2.445
2017-09-25,Average Tone,-2.6882
2017-09-26,Average Tone,1.6895
2017-09-27,Average Tone,1.8433
2017-09-28,Average Tone,0.5069
2017-09-29,Average Tone,0
2017-09-30,Average Tone,0
2017-10-01,Average Tone,0
2017-10-02,Average Tone,0
2017-10-03,Average Tone,0
2017-10-04,Average Tone,0
2017-10-05,Average Tone,2.026
2017-10-06,Average Tone,0
2017-10-07,Average Tone,1.9512
2017-10-08,Average Tone,0
2017-10-09,Average Tone,0
2017-10-10,Average Tone,-1.2417
2017-10-11,Average Tone,-1.675
2017-10-12,Average Tone,-0.9774
2017-10-13,Average Tone,-0.6843
2017-10-14,Average Tone,0
2017-10-15,Average Tone,-2.3166
2017-10-16,Average Tone,-2.6379
2017-10-17,Average Tone,0
2017-10-18,Average Tone,0.9346
2017-10-19,Average Tone,0
2017-10-20,Average Tone,0
2017-10-21,Average Tone,-4.5825
2017-10-22,Average Tone,0
2017-10-23,Average Tone,0
2017-10-24,Average Tone,0
2017-10-25,Average Tone,0
2017-10-26,Average Tone,0
2017-10-27,Average Tone,-0.2695
2017-10-28,Average Tone,0
2017-10-29,Average Tone,0
2017-10-30,Average Tone,0
2017-10-31,Average Tone,-2.0187
2017-11-01,Average Tone,0
2017-11-02,Average Tone,0
2017-11-03,Average Tone,0
2017-11-04,Average Tone,0
2017-11-05,Average Tone,-0.8889
2017-11-06,Average Tone,0
2017-11-07,Average Tone,-1.6456
2017-11-08,Average Tone,0
2017-11-09,Average Tone,-3.0683
2017-11-10,Average Tone,0
2017-11-11,Average Tone,0
2017-11-12,Average Tone,0
2017-11-13,Average Tone,0
2017-11-14,Average Tone,-0.3708
2017-11-15,Average Tone,0
2017-11-16,Average Tone,0
2017-11-17,Average Tone,0
2017-11-18,Average Tone,0
2017-11-19,Average Tone,0
2017-11-20,Average Tone,2.3088
2017-11-21,Average Tone,2.636
2017-11-22,Average Tone,4.1379
2017-11-23,Average Tone,0
2017-11-24,Average Tone,-1.2474
2017-11-25,Average Tone,0
2017-11-26,Average Tone,0
2017-11-27,Average Tone,0
2017-11-28,Average Tone,0.3049
2017-11-29,Average Tone,0
2017-11-30,Average Tone,0
2017-12-03,Average Tone,0
2017-12-04,Average Tone,0
2017-12-05,Average Tone,0
2017-12-06,Average Tone,2.1401
2017-12-07,Average Tone,0.7862
2017-12-08,Average Tone,0
2017-12-09,Average Tone,0
2017-12-10,Average Tone,0
2017-12-11,Average Tone,0
2017-12-12,Average Tone,0
2017-12-13,Average Tone,-0.2003
2017-12-14,Average Tone,0.3404
2017-12-15,Average Tone,0
2017-12-16,Average Tone,0
2017-12-17,Average Tone,0
2017-12-18,Average Tone,0
2017-12-19,Average Tone,0
2017-12-20,Average Tone,0
2017-12-21,Average Tone,0
2017-12-22,Average Tone,-0.4037
2017-12-23,Average Tone,0
2017-12-24,Average Tone,0
2017-12-25,Average Tone,0
2017-12-26,Average Tone,0
2017-12-27,Average Tone,0
2017-12-28,Average Tone,0
2017-12-29,Average Tone,-2.2727
2017-12-30,Average Tone,0
2017-12-31,Average Tone,0
2018-01-01,Average Tone,0
2018-01-02,Average Tone,-1.75
2018-01-03,Average Tone,0.8963
2018-01-04,Average Tone,0
2018-01-05,Average Tone,0
2018-01-06,Average Tone,0
2018-01-07,Average Tone,0
2018-01-08,Average Tone,0
2018-01-09,Average Tone,0
2018-01-10,Average Tone,0
2018-01-11,Average Tone,0
2018-01-12,Average Tone,0
2018-01-13,Average Tone,0
2018-01-14,Average Tone,0
2018-01-15,Average Tone,-0.9328
2018-01-16,Average Tone,0
2018-01-17,Average Tone,0
2018-01-18,Average Tone,0
2018-01-19,Average Tone,0
2018-01-20,Average Tone,0
2018-01-21,Average Tone,0
2018-01-22,Average Tone,0
2018-01-23,Average Tone,1.2872
2018-01-24,Average Tone,0
2018-01-25,Average Tone,-0.7857
2018-01-26,Average Tone,-0.5089
2018-01-27,Average Tone,0
2018-01-28,Average Tone,0
2018-01-29,Average Tone,-0.9304
2018-01-30,Average Tone,-0.4365
2018-01-31,Average Tone,0
2018-02-01,Average Tone,-2.7675
2018-02-02,Average Tone,-0.5302
2018-02-03,Average Tone,0
2018-02-04,Average Tone,0
2018-02-05,Average Tone,0
2018-02-06,Average Tone,0
2018-02-07,Average Tone,0
2018-02-08,Average Tone,0
2018-02-09,Average Tone,0.1902
2018-02-10,Average Tone,-0.6088
2018-02-11,Average Tone,0
2018-02-12,Average Tone,0
2018-02-13,Average Tone,-0.7541
2018-02-14,Average Tone,0
2018-02-15,Average Tone,0
2018-02-16,Average Tone,0
2018-02-17,Average Tone,0
2018-02-18,Average Tone,0
2018-02-19,Average Tone,0
2018-02-20,Average Tone,0
2018-02-21,Average Tone,0
2018-02-22,Average Tone,-0.7511
2018-02-23,Average Tone,0
2018-02-24,Average Tone,-0.4619
2018-02-25,Average Tone,0
2018-02-26,Average Tone,2.1201
2018-02-27,Average Tone,0.3781
2018-02-28,Average Tone,0.4722
2018-03-01,Average Tone,-0.5083
2018-03-02,Average Tone,0
2018-03-03,Average Tone,0
2018-03-04,Average Tone,0
2018-03-05,Average Tone,0
2018-03-06,Average Tone,0
2018-03-07,Average Tone,-0.5236
2018-03-08,Average Tone,-0.5119
2018-03-09,Average Tone,-0.2375
2018-03-10,Average Tone,0
2018-03-11,Average Tone,0
2018-03-12,Average Tone,0
2018-03-13,Average Tone,0.0163
2018-03-14,Average Tone,-1.0097
2018-03-15,Average Tone,-11.4155
2018-03-16,Average Tone,0
2018-03-17,Average Tone,0
2018-03-18,Average Tone,0
2018-03-19,Average Tone,0
2018-03-20,Average Tone,0
2018-03-21,Average Tone,0
2018-03-22,Average Tone,0
2018-03-23,Average Tone,0
2018-03-24,Average Tone,-1.4925
2018-03-25,Average Tone,0
2018-03-26,Average Tone,0
2018-03-27,Average Tone,-0.5444
2018-03-28,Average Tone,0
2018-03-29,Average Tone,0
2018-03-30,Average Tone,0
2018-03-31,Average Tone,-0.213
2018-04-01,Average Tone,0
2018-04-02,Average Tone,0
2018-04-03,Average Tone,0
2018-04-04,Average Tone,-1.6886
2018-04-05,Average Tone,0
2018-04-06,Average Tone,0.3306
2018-04-07,Average Tone,0
2018-04-08,Average Tone,0
2018-04-09,Average Tone,0
2018-04-10,Average Tone,0
2018-04-11,Average Tone,0.489
2018-04-12,Average Tone,1.7917
2018-04-13,Average Tone,0
2018-04-14,Average Tone,1.2563
2018-04-15,Average Tone,0
2018-04-16,Average Tone,0
2018-04-17,Average Tone,0
2018-04-18,Average Tone,0
2018-04-19,Average Tone,-1.1458
2018-04-20,Average Tone,0.8108
2018-04-21,Average Tone,0
2018-04-22,Average Tone,0
2018-04-23,Average Tone,0
2018-04-24,Average Tone,0
2018-04-25,Average Tone,0
2018-04-26,Average Tone,0
2018-04-27,Average Tone,-0.1848
2018-04-28,Average Tone,0
2018-04-29,Average Tone,-2.9667
2018-04-30,Average Tone,-2.9219
2018-05-01,Average Tone,0
2018-05-02,Average Tone,-2.7311
2018-05-03,Average Tone,0
2018-05-04,Average Tone,0
2018-05-05,Average Tone,0
2018-05-06,Average Tone,0
2018-05-07,Average Tone,0
2018-05-08,Average Tone,0
2018-05-09,Average Tone,0
2018-05-10,Average Tone,0
2018-05-11,Average Tone,0
2018-05-12,Average Tone,0
2018-05-13,Average Tone,0
2018-05-14,Average Tone,0
2018-05-15,Average Tone,0
2018-05-16,Average Tone,0
2018-05-17,Average Tone,0
2018-05-18,Average Tone,0
2018-05-19,Average Tone,2.1505
2018-05-20,Average Tone,0
2018-05-21,Average Tone,1.3289
2018-05-22,Average Tone,0
2018-05-23,Average Tone,0
2018-05-24,Average Tone,0
2018-05-25,Average Tone,-2.0952
2018-05-26,Average Tone,-2.0952
2018-05-27,Average Tone,0
2018-05-28,Average Tone,-6.2857
2018-05-29,Average Tone,0
2018-05-30,Average Tone,0
2018-05-31,Average Tone,0
2018-06-01,Average Tone,1.9115
2018-06-02,Average Tone,-8.0429
2018-06-03,Average Tone,0
2018-06-04,Average Tone,0.5109
2018-06-05,Average Tone,-0.5263
2018-06-06,Average Tone,0
2018-06-07,Average Tone,0
2018-06-08,Average Tone,0
2018-06-09,Average Tone,0
2018-06-10,Average Tone,0
2018-06-11,Average Tone,2.1333
2018-06-12,Average Tone,0.8905
2018-06-13,Average Tone,1.3384
2018-06-14,Average Tone,0.4132
2018-06-15,Average Tone,0
2018-06-16,Average Tone,0
2018-06-17,Average Tone,0
2018-06-18,Average Tone,0
2018-06-19,Average Tone,1.5416
2018-06-20,Average Tone,0
2018-06-21,Average Tone,0
2018-06-22,Average Tone,0
2018-06-23,Average Tone,0
2018-06-24,Average Tone,0
2018-06-25,Average Tone,0
2018-06-26,Average Tone,0
2018-06-27,Average Tone,0
2018-06-28,Average Tone,0
2018-06-29,Average Tone,0
2018-06-30,Average Tone,3.814
2018-07-01,Average Tone,0
2018-07-02,Average Tone,0
2018-07-03,Average Tone,0
2018-07-04,Average Tone,0
2018-07-05,Average Tone,0
2018-07-06,Average Tone,0
2018-07-07,Average Tone,0
2018-07-08,Average Tone,-3.2197
2018-07-09,Average Tone,-5.2288
2018-07-10,Average Tone,0
2018-07-11,Average Tone,0
2018-07-12,Average Tone,0
2018-07-13,Average Tone,0
2018-07-14,Average Tone,0
2018-07-15,Average Tone,0
2018-07-16,Average Tone,0
2018-07-17,Average Tone,0
2018-07-18,Average Tone,0
2018-07-19,Average Tone,0
2018-07-20,Average Tone,0
2018-07-21,Average Tone,0
2018-07-22,Average Tone,0
2018-07-23,Average Tone,0
2018-07-24,Average Tone,0
2018-07-25,Average Tone,0
2018-07-26,Average Tone,0
2018-07-27,Average Tone,0
2018-07-28,Average Tone,0
2018-07-29,Average Tone,0
2018-07-30,Average Tone,0
2018-07-31,Average Tone,0
2018-08-01,Average Tone,0
2018-08-02,Average Tone,0
2018-08-03,Average Tone,0
2018-08-04,Average Tone,0
2018-08-05,Average Tone,0
2018-08-06,Average Tone,0
2018-08-07,Average Tone,0
2018-08-08,Average Tone,0
2018-08-09,Average Tone,0
2018-08-10,Average Tone,0
2018-08-11,Average Tone,0
2018-08-12,Average Tone,0
2018-08-13,Average Tone,0
2018-08-14,Average Tone,0
2018-08-15,Average Tone,0
2018-08-16,Average Tone,0
2018-08-17,Average Tone,-4.1791
2018-08-18,Average Tone,0
2018-08-19,Average Tone,0
2018-08-20,Average Tone,0
2018-08-21,Average Tone,0
2018-08-22,Average Tone,0
2018-08-23,Average Tone,0
2018-08-24,Average Tone,0
2018-08-25,Average Tone,0
2018-08-26,Average Tone,0
2018-08-27,Average Tone,0
2018-08-28,Average Tone,0
2018-08-29,Average Tone,0
2018-08-30,Average Tone,0
2018-08-31,Average Tone,0
2018-09-01,Average Tone,0
2018-09-02,Average Tone,0
2018-09-03,Average Tone,0
2018-09-04,Average Tone,0
2018-09-05,Average Tone,0
2018-09-06,Average Tone,0
2018-09-07,Average Tone,0
2018-09-08,Average Tone,0
2018-09-09,Average Tone,0
2018-09-10,Average Tone,0
2018-09-11,Average Tone,0
2018-09-12,Average Tone,0
2018-09-13,Average Tone,-5.4545
2018-09-14,Average Tone,0
2018-09-15,Average Tone,0
2018-09-16,Average Tone,0
2018-09-17,Average Tone,-0.3148
2018-09-18,Average Tone,0
2018-09-19,Average Tone,0
2018-09-20,Average Tone,0.722
2018-09-21,Average Tone,0
2018-09-22,Average Tone,0
2018-09-23,Average Tone,0
2018-09-24,Average Tone,0
2018-09-25,Average Tone,0
2018-09-26,Average Tone,0
2018-09-27,Average Tone,0
2018-09-28,Average Tone,0
2018-09-29,Average Tone,0
2018-09-30,Average Tone,0
2018-10-01,Average Tone,0
2018-10-02,Average Tone,0
2018-10-03,Average Tone,0
2018-10-04,Average Tone,0
2018-10-05,Average Tone,0
2018-10-06,Average Tone,0
2018-10-07,Average Tone,0
2018-10-08,Average Tone,0
2018-10-09,Average Tone,0
2018-10-10,Average Tone,-0.9975
2018-10-11,Average Tone,0
2018-10-12,Average Tone,0
2018-10-13,Average Tone,0
2018-10-14,Average Tone,0
2018-10-15,Average Tone,0
2018-10-16,Average Tone,0
2018-10-17,Average Tone,0
2018-10-18,Average Tone,0
2018-10-19,Average Tone,0
2018-10-20,Average Tone,0
2018-10-21,Average Tone,0
2018-10-22,Average Tone,0
2018-10-23,Average Tone,0
2018-10-24,Average Tone,0
2018-10-25,Average Tone,0
2018-10-26,Average Tone,0
2018-10-27,Average Tone,0
2018-10-28,Average Tone,0
2018-10-29,Average Tone,-0.9744
2018-10-30,Average Tone,0
2018-10-31,Average Tone,0
2018-11-01,Average Tone,0
2018-11-02,Average Tone,0
2018-11-03,Average Tone,0
2018-11-04,Average Tone,-2.4499
2018-11-05,Average Tone,0
2018-11-06,Average Tone,2.4744
2018-11-07,Average Tone,2.4271
2018-11-08,Average Tone,2.4876
2018-11-09,Average Tone,-0.1637
2018-11-10,Average Tone,3.9735
2018-11-11,Average Tone,0
2018-11-12,Average Tone,0
2018-11-13,Average Tone,0
2018-11-14,Average Tone,0
2018-11-15,Average Tone,0
2018-11-16,Average Tone,0
2018-11-17,Average Tone,0
2018-11-18,Average Tone,0
2018-11-19,Average Tone,0
2018-11-20,Average Tone,1.8803
2018-11-21,Average Tone,-1.4022
2018-11-22,Average Tone,0.3802
2018-11-23,Average Tone,0
2018-11-24,Average Tone,0
2018-11-25,Average Tone,0
2018-11-26,Average Tone,0
2018-11-27,Average Tone,3.4556
2018-11-28,Average Tone,0
2018-11-29,Average Tone,0
2018-11-30,Average Tone,0
2018-12-01,Average Tone,0.3534
2018-12-02,Average Tone,0
2018-12-03,Average Tone,0
2018-12-04,Average Tone,0
2018-12-05,Average Tone,0
2018-12-06,Average Tone,0
2018-12-07,Average Tone,0
2018-12-08,Average Tone,0
2018-12-09,Average Tone,0
2018-12-10,Average Tone,0
2018-12-11,Average Tone,0
2018-12-12,Average Tone,0
2018-12-13,Average Tone,0
2018-12-14,Average Tone,0
2018-12-15,Average Tone,0
2018-12-16,Average Tone,2.0992
2018-12-17,Average Tone,0.614
2018-12-18,Average Tone,0
2018-12-19,Average Tone,0
2018-12-20,Average Tone,0
2018-12-21,Average Tone,0
2018-12-22,Average Tone,0
2018-12-23,Average Tone,0
2018-12-24,Average Tone,0
2018-12-25,Average Tone,0
2018-12-26,Average Tone,1.2593
2018-12-27,Average Tone,0
2018-12-28,Average Tone,0
2018-12-29,Average Tone,2.0387
2018-12-30,Average Tone,0
2018-12-31,Average Tone,0
2019-01-01,Average Tone,-4.2904
2019-01-02,Average Tone,-3.674
2019-01-03,Average Tone,0
2019-01-04,Average Tone,0
2019-01-05,Average Tone,0
2019-01-06,Average Tone,0
2019-01-07,Average Tone,0
2019-01-08,Average Tone,1.0204
2019-01-09,Average Tone,0
2019-01-10,Average Tone,0
2019-01-11,Average Tone,0
2019-01-12,Average Tone,0
2019-01-13,Average Tone,0
2019-01-14,Average Tone,0
2019-01-15,Average Tone,0
2019-01-16,Average Tone,0
2019-01-17,Average Tone,0
2019-01-18,Average Tone,0
2019-01-19,Average Tone,0
2019-01-20,Average Tone,0
2019-01-21,Average Tone,0
2019-01-22,Average Tone,0
2019-01-23,Average Tone,0
2019-01-24,Average Tone,0
2019-01-25,Average Tone,0
2019-01-26,Average Tone,0
2019-01-27,Average Tone,0
2019-01-28,Average Tone,-0.2137
2019-01-29,Average Tone,0
2019-01-30,Average Tone,-2.0057
2019-01-31,Average Tone,-0.3396
2019-02-01,Average Tone,0
2019-02-02,Average Tone,0
2019-02-03,Average Tone,0
2019-02-04,Average Tone,0
2019-02-05,Average Tone,0
2019-02-06,Average Tone,0
2019-02-07,Average Tone,0
2019-02-08,Average Tone,0
2019-02-09,Average Tone,0
2019-02-10,Average Tone,0
2019-02-11,Average Tone,0
2019-02-12,Average Tone,0
2019-02-13,Average Tone,-2.3697
2019-02-14,Average Tone,0
2019-02-15,Average Tone,0
2019-02-16,Average Tone,0
2019-02-17,Average Tone,-5.274
2019-02-18,Average Tone,0
2019-02-19,Average Tone,0
2019-02-20,Average Tone,0
2019-02-21,Average Tone,0
2019-02-22,Average Tone,0
2019-02-23,Average Tone,0
2019-02-24,Average Tone,0
2019-02-25,Average Tone,0
2019-02-26,Average Tone,0
2019-02-27,Average Tone,0
2019-02-28,Average Tone,0
2019-03-01,Average Tone,0
2019-03-02,Average Tone,0
2019-03-03,Average Tone,0
2019-03-04,Average Tone,0
2019-03-05,Average Tone,0
2019-03-06,Average Tone,0
2019-03-07,Average Tone,0
2019-03-08,Average Tone,0
2019-03-09,Average Tone,0
2019-03-10,Average Tone,0
2019-03-11,Average Tone,0
2019-03-12,Average Tone,-3.3445
2019-03-13,Average Tone,0
2019-03-14,Average Tone,0
2019-03-15,Average Tone,0
2019-03-16,Average Tone,0
2019-03-17,Average Tone,0
2019-03-18,Average Tone,0
2019-03-19,Average Tone,0
2019-03-20,Average Tone,0
2019-03-21,Average Tone,0
2019-03-22,Average Tone,0
2019-03-23,Average Tone,0
2019-03-24,Average Tone,0
2019-03-25,Average Tone,0
2019-03-26,Average Tone,0
2019-03-27,Average Tone,0
2019-03-28,Average Tone,0
2019-03-29,Average Tone,0
2019-03-30,Average Tone,0
2019-03-31,Average Tone,0
2019-04-01,Average Tone,0
2019-04-02,Average Tone,0
2019-04-03,Average Tone,0
2019-04-04,Average Tone,-3.5809
2019-04-05,Average Tone,0
2019-04-06,Average Tone,0
2019-04-07,Average Tone,0
2019-04-08,Average Tone,0
2019-04-09,Average Tone,0
2019-04-10,Average Tone,0
2019-04-11,Average Tone,0
2019-04-12,Average Tone,0
2019-04-13,Average Tone,0
2019-04-14,Average Tone,0
2019-04-15,Average Tone,0
2019-04-16,Average Tone,0
2019-04-17,Average Tone,0
2019-04-18,Average Tone,0
2019-04-19,Average Tone,0
2019-04-20,Average Tone,0
2019-04-21,Average Tone,0
2019-04-22,Average Tone,0.4996
2019-04-23,Average Tone,0
2019-04-24,Average Tone,0
2019-04-25,Average Tone,0
2019-04-26,Average Tone,1.396
2019-04-27,Average Tone,0
2019-04-28,Average Tone,0
2019-04-29,Average Tone,0
2019-04-30,Average Tone,0
2019-05-01,Average Tone,0
2019-05-02,Average Tone,0
2019-05-03,Average Tone,0
2019-05-04,Average Tone,0
2019-05-05,Average Tone,0
2019-05-06,Average Tone,0
2019-05-07,Average Tone,0
2019-05-08,Average Tone,0
2019-05-09,Average Tone,0
2019-05-10,Average Tone,0
2019-05-11,Average Tone,0.1272
2019-05-12,Average Tone,0
2019-05-13,Average Tone,0
2019-05-14,Average Tone,0
2019-05-15,Average Tone,0
2019-05-16,Average Tone,0
2019-05-17,Average Tone,0
2019-05-18,Average Tone,0
2019-05-19,Average Tone,0
2019-05-20,Average Tone,-5.6787
2019-05-21,Average Tone,0
2019-05-22,Average Tone,0
2019-05-23,Average Tone,0
2019-05-24,Average Tone,0
2019-05-25,Average Tone,0
2019-05-26,Average Tone,0
2019-05-27,Average Tone,1.1307
2019-05-28,Average Tone,0
2019-05-29,Average Tone,0
2019-05-30,Average Tone,0
2019-05-31,Average Tone,0
2019-06-01,Average Tone,0
2019-06-02,Average Tone,0
2019-06-03,Average Tone,0
2019-06-04,Average Tone,-2.0478
2019-06-05,Average Tone,0
2019-06-06,Average Tone,0
2019-06-07,Average Tone,0
2019-06-08,Average Tone,0
2019-06-09,Average Tone,0
2019-06-10,Average Tone,0
2019-06-11,Average Tone,0
2019-06-12,Average Tone,2.8736
2019-06-13,Average Tone,0
2019-06-14,Average Tone,0
2019-06-15,Average Tone,0
2019-06-16,Average Tone,0
2019-06-17,Average Tone,0
2019-06-18,Average Tone,0
2019-06-19,Average Tone,0
2019-06-20,Average Tone,0
2019-06-21,Average Tone,0
2019-06-22,Average Tone,0
2019-06-23,Average Tone,0
2019-06-24,Average Tone,0
2019-06-25,Average Tone,2.7119
2019-06-26,Average Tone,0
2019-06-27,Average Tone,-6.3752
2019-06-28,Average Tone,-6.3752
2019-06-29,Average Tone,0
2019-06-30,Average Tone,0
2019-07-01,Average Tone,0
2019-07-02,Average Tone,0
2019-07-03,Average Tone,0
2019-07-04,Average Tone,0
2019-07-05,Average Tone,0
2019-07-06,Average Tone,0
2019-07-07,Average Tone,0
2019-07-08,Average Tone,-2.8624
2019-07-09,Average Tone,0
2019-07-10,Average Tone,0
2019-07-11,Average Tone,0
2019-07-12,Average Tone,0
2019-07-13,Average Tone,0
2019-07-14,Average Tone,0
2019-07-15,Average Tone,-5.3448
2019-07-16,Average Tone,0
2019-07-17,Average Tone,-3.6787
2019-07-18,Average Tone,0
2019-07-19,Average Tone,0
2019-07-20,Average Tone,0
2019-07-21,Average Tone,0
2019-07-22,Average Tone,0
2019-07-23,Average Tone,-2.7778
2019-07-24,Average Tone,0
2019-07-25,Average Tone,-4.7182
2019-07-26,Average Tone,0
2019-07-27,Average Tone,0
2019-07-28,Average Tone,0
2019-07-29,Average Tone,0
2019-07-30,Average Tone,2.4164
2019-07-31,Average Tone,0
2019-08-01,Average Tone,0
2019-08-02,Average Tone,0
2019-08-03,Average Tone,0
2019-08-04,Average Tone,0
2019-08-05,Average Tone,0
2019-08-06,Average Tone,0
2019-08-07,Average Tone,0
2019-08-08,Average Tone,0
2019-08-09,Average Tone,0
2019-08-10,Average Tone,0
2019-08-11,Average Tone,0
2019-08-12,Average Tone,0
2019-08-13,Average Tone,0
2019-08-14,Average Tone,0
2019-08-15,Average Tone,-0.5155
2019-08-16,Average Tone,0
2019-08-17,Average Tone,0
2019-08-18,Average Tone,0
2019-08-19,Average Tone,0
2019-08-20,Average Tone,0
2019-08-21,Average Tone,0
2019-08-22,Average Tone,-0.0894
2019-08-23,Average Tone,0
2019-08-24,Average Tone,0
2019-08-25,Average Tone,0
2019-08-26,Average Tone,0.9066
2019-08-27,Average Tone,0
2019-08-28,Average Tone,0
2019-08-29,Average Tone,0
2019-08-30,Average Tone,0
2019-08-31,Average Tone,0
2019-09-01,Average Tone,0
2019-09-02,Average Tone,0
2019-09-03,Average Tone,0
2019-09-04,Average Tone,0
2019-09-05,Average Tone,0
2019-09-06,Average Tone,0
2019-09-07,Average Tone,0
2019-09-08,Average Tone,0
2019-09-09,Average Tone,0
2019-09-10,Average Tone,-9.0414
2019-09-11,Average Tone,0
2019-09-12,Average Tone,0
2019-09-13,Average Tone,0
2019-09-14,Average Tone,0
2019-09-15,Average Tone,0
2019-09-16,Average Tone,0.9185
2019-09-17,Average Tone,0
2019-09-18,Average Tone,0
2019-09-19,Average Tone,0
2019-09-20,Average Tone,0
2019-09-21,Average Tone,0
2019-09-22,Average Tone,0
2019-09-23,Average Tone,0
2019-09-24,Average Tone,0
2019-09-25,Average Tone,0
2019-09-26,Average Tone,0
2019-09-27,Average Tone,0
2019-09-28,Average Tone,0
2019-09-29,Average Tone,0
2019-09-30,Average Tone,0
2019-10-01,Average Tone,0
2019-10-02,Average Tone,0
2019-10-03,Average Tone,0
2019-10-04,Average Tone,0
2019-10-05,Average Tone,0
2019-10-06,Average Tone,0
2019-10-07,Average Tone,0
2019-10-08,Average Tone,0
2019-10-09,Average Tone,0
2019-10-10,Average Tone,0
2019-10-11,Average Tone,0
2019-10-12,Average Tone,0
2019-10-13,Average Tone,0
2019-10-14,Average Tone,0
2019-10-15,Average Tone,0
2019-10-16,Average Tone,0
2019-10-17,Average Tone,0
2019-10-18,Average Tone,0
2019-10-19,Average Tone,0
2019-10-20,Average Tone,0
2019-10-21,Average Tone,0
2019-10-22,Average Tone,0
2019-10-23,Average Tone,0
2019-10-24,Average Tone,0
2019-10-25,Average Tone,0
2019-10-26,Average Tone,0
2019-10-27,Average Tone,0
2019-10-28,Average Tone,0
2019-10-29,Average Tone,0
2019-10-30,Average Tone,0
2019-10-31,Average Tone,0
2019-11-01,Average Tone,0
2019-11-02,Average Tone,0
2019-11-03,Average Tone,0
2019-11-04,Average Tone,-10.7345
2019-11-05,Average Tone,0
2019-11-06,Average Tone,0.7682
2019-11-07,Average Tone,0
2019-11-08,Average Tone,0
2019-11-09,Average Tone,0
2019-11-10,Average Tone,0
2019-11-11,Average Tone,0
2019-11-12,Average Tone,0
2019-11-13,Average Tone,0
2019-11-14,Average Tone,0
2019-11-15,Average Tone,0
2019-11-16,Average Tone,2.2099
2019-11-17,Average Tone,0
2019-11-18,Average Tone,0
2019-11-19,Average Tone,0
2019-11-20,Average Tone,0
2019-11-21,Average Tone,0
2019-11-22,Average Tone,1.7445
2019-11-23,Average Tone,0
2019-11-24,Average Tone,0
2019-11-25,Average Tone,0
2019-11-26,Average Tone,0
2019-11-27,Average Tone,0
2019-11-28,Average Tone,0
2019-11-29,Average Tone,0
2019-11-30,Average Tone,0
2019-12-01,Average Tone,0
2019-12-02,Average Tone,0
2019-12-03,Average Tone,0
2019-12-04,Average Tone,0
2019-12-05,Average Tone,0
2019-12-06,Average Tone,0
2019-12-07,Average Tone,0
2019-12-08,Average Tone,0
2019-12-09,Average Tone,0
2019-12-10,Average Tone,0
2019-12-11,Average Tone,0
2019-12-12,Average Tone,4.851
2019-12-13,Average Tone,0
2019-12-14,Average Tone,3.163
2019-12-15,Average Tone,0
2019-12-16,Average Tone,0
2019-12-17,Average Tone,0
2019-12-18,Average Tone,0
2019-12-19,Average Tone,0
2019-12-20,Average Tone,0
2019-12-21,Average Tone,0
2019-12-22,Average Tone,0
2019-12-23,Average Tone,0
2019-12-24,Average Tone,0
2019-12-25,Average Tone,0
2019-12-26,Average Tone,-2.3756
2019-12-27,Average Tone,0
2019-12-28,Average Tone,-1.7745
2019-12-29,Average Tone,0
2019-12-30,Average Tone,0
2019-12-31,Average Tone,0
2020-01-01,Average Tone,0
2020-01-02,Average Tone,0
2020-01-03,Average Tone,0
2020-01-04,Average Tone,0
2020-01-05,Average Tone,0
2020-01-06,Average Tone,0
2020-01-07,Average Tone,0
2020-01-08,Average Tone,0
2020-01-09,Average Tone,0
2020-01-10,Average Tone,0
2020-01-11,Average Tone,0
2020-01-12,Average Tone,0
2020-01-13,Average Tone,0
2020-01-14,Average Tone,0
2020-01-15,Average Tone,0
2020-01-16,Average Tone,0
2020-01-17,Average Tone,0
2020-01-18,Average Tone,0
2020-01-19,Average Tone,0
2020-01-20,Average Tone,1.1003
2020-01-21,Average Tone,0
2020-01-22,Average Tone,0
2020-01-23,Average Tone,0
2020-01-24,Average Tone,0
2020-01-25,Average Tone,0
2020-01-26,Average Tone,0
2020-01-27,Average Tone,0
2020-01-28,Average Tone,0
2020-01-29,Average Tone,0
2020-01-30,Average Tone,0
2020-01-31,Average Tone,-1.5686
2020-02-01,Average Tone,0
2020-02-02,Average Tone,0
2020-02-03,Average Tone,-2.7293
2020-02-04,Average Tone,0
2020-02-05,Average Tone,0
2020-02-06,Average Tone,0
2020-02-07,Average Tone,0
2020-02-08,Average Tone,0
2020-02-09,Average Tone,0
2020-02-10,Average Tone,0
2020-02-11,Average Tone,0
2020-02-12,Average Tone,0
2020-02-13,Average Tone,0
2020-02-14,Average Tone,-2.7586
2020-02-15,Average Tone,0
2020-02-16,Average Tone,0
2020-02-17,Average Tone,-0.1232
2020-02-18,Average Tone,0
2020-02-19,Average Tone,0
2020-02-20,Average Tone,0
2020-02-21,Average Tone,0
2020-02-22,Average Tone,0
2020-02-23,Average Tone,0
2020-02-24,Average Tone,0
2020-02-25,Average Tone,0
2020-02-26,Average Tone,0
2020-02-27,Average Tone,0
2020-02-28,Average Tone,0
2020-02-29,Average Tone,0.1117
2020-03-01,Average Tone,0
2020-03-02,Average Tone,0
2020-03-03,Average Tone,0
2020-03-04,Average Tone,0
2020-03-05,Average Tone,0
2020-03-06,Average Tone,0
2020-03-07,Average Tone,0
2020-03-08,Average Tone,0
2020-03-09,Average Tone,0
2020-03-10,Average Tone,-0.5656
2020-03-11,Average Tone,0
2020-03-12,Average Tone,-4.4629
2020-03-13,Average Tone,0
2020-03-14,Average Tone,0
2020-03-15,Average Tone,0
2020-03-16,Average Tone,0
2020-03-17,Average Tone,0
2020-03-18,Average Tone,0
2020-03-19,Average Tone,0
2020-03-20,Average Tone,0
2020-03-21,Average Tone,0
2020-03-22,Average Tone,0
2020-03-23,Average Tone,0
2020-03-24,Average Tone,0
2020-03-25,Average Tone,0
2020-03-26,Average Tone,0
2020-03-27,Average Tone,0
2020-03-28,Average Tone,0
2020-03-29,Average Tone,0
2020-03-30,Average Tone,0
2020-03-31,Average Tone,0
2020-04-01,Average Tone,0
2020-04-02,Average Tone,0
2020-04-03,Average Tone,0
2020-04-04,Average Tone,0
2020-04-05,Average Tone,0
2020-04-06,Average Tone,0
2020-04-07,Average Tone,0
2020-04-08,Average Tone,0
2020-04-09,Average Tone,0
2020-04-10,Average Tone,0
2020-04-11,Average Tone,0
2020-04-12,Average Tone,0
2020-04-13,Average Tone,0
2020-04-14,Average Tone,0
2020-04-15,Average Tone,0
2020-04-16,Average Tone,0
2020-04-17,Average Tone,0
2020-04-18,Average Tone,0
2020-04-19,Average Tone,0
2020-04-20,Average Tone,0
2020-04-21,Average Tone,0
2020-04-22,Average Tone,0
2020-04-23,Average Tone,0
2020-04-24,Average Tone,-1.3068
2020-04-25,Average Tone,0
2020-04-26,Average Tone,0
2020-04-27,Average Tone,0
2020-04-28,Average Tone,0
2020-04-29,Average Tone,0
2020-04-30,Average Tone,0
2020-05-01,Average Tone,0
2020-05-02,Average Tone,0
2020-05-03,Average Tone,0
2020-05-04,Average Tone,0
2020-05-05,Average Tone,0
2020-05-06,Average Tone,0
2020-05-07,Average Tone,0
2020-05-08,Average Tone,0
2020-05-09,Average Tone,0
2020-05-10,Average Tone,0
2020-05-11,Average Tone,1.7354
2020-05-12,Average Tone,0
2020-05-13,Average Tone,0
2020-05-14,Average Tone,0
2020-05-15,Average Tone,0
2020-05-16,Average Tone,0
2020-05-17,Average Tone,0
2020-05-18,Average Tone,0
2020-05-19,Average Tone,2.3098
2020-05-20,Average Tone,1.8031
2020-05-21,Average Tone,0
2020-05-22,Average Tone,0
2020-05-23,Average Tone,0
2020-05-24,Average Tone,0
2020-05-25,Average Tone,0
2020-05-26,Average Tone,0
2020-05-27,Average Tone,0
2020-05-28,Average Tone,0
2020-05-29,Average Tone,0
2020-05-30,Average Tone,0
2020-05-31,Average Tone,0
2020-06-01,Average Tone,1.7058
2020-06-02,Average Tone,0.9259
2020-06-03,Average Tone,0
2020-06-04,Average Tone,0
2020-06-05,Average Tone,0
2020-06-06,Average Tone,0
2020-06-07,Average Tone,0
2020-06-08,Average Tone,0
2020-06-09,Average Tone,0
2020-06-10,Average Tone,0
2020-06-11,Average Tone,0
2020-06-12,Average Tone,0
2020-06-13,Average Tone,0
2020-06-14,Average Tone,0
2020-06-15,Average Tone,0
2020-06-16,Average Tone,0
2020-06-17,Average Tone,0
2020-06-18,Average Tone,0
2020-06-19,Average Tone,0
2020-06-20,Average Tone,0
2020-06-21,Average Tone,0
2020-06-22,Average Tone,0
2020-06-23,Average Tone,0
2020-06-24,Average Tone,0
2020-06-25,Average Tone,0
2020-06-26,Average Tone,-5.6546
2020-06-27,Average Tone,0
2020-06-28,Average Tone,0
2020-06-29,Average Tone,0
2020-06-30,Average Tone,0
2020-07-01,Average Tone,0
2020-07-02,Average Tone,0
2020-07-03,Average Tone,0
2020-07-04,Average Tone,0
2020-07-05,Average Tone,0
2020-07-06,Average Tone,0
2020-07-07,Average Tone,0
2020-07-08,Average Tone,0
2020-07-09,Average Tone,0
2020-07-10,Average Tone,0
2020-07-11,Average Tone,0
2020-07-12,Average Tone,0
2020-07-13,Average Tone,0
2020-07-14,Average Tone,0
2020-07-15,Average Tone,0
2020-07-16,Average Tone,-1.0136
2020-07-17,Average Tone,-0.5272
2020-07-18,Average Tone,-1.7814
2020-07-19,Average Tone,0
2020-07-20,Average Tone,0
2020-07-21,Average Tone,0
2020-07-22,Average Tone,0
2020-07-23,Average Tone,0
2020-07-24,Average Tone,0
2020-07-25,Average Tone,0
2020-07-26,Average Tone,0
2020-07-27,Average Tone,0
2020-07-28,Average Tone,0
2020-07-29,Average Tone,0
2020-07-30,Average Tone,0
2020-07-31,Average Tone,0
2020-08-01,Average Tone,0
2020-08-02,Average Tone,0
2020-08-03,Average Tone,0
2020-08-04,Average Tone,0
2020-08-05,Average Tone,0
2020-08-06,Average Tone,0
2020-08-07,Average Tone,0
2020-08-08,Average Tone,0
2020-08-09,Average Tone,0
2020-08-10,Average Tone,0
2020-08-11,Average Tone,0
2020-08-12,Average Tone,0
2020-08-13,Average Tone,0
2020-08-14,Average Tone,0
2020-08-15,Average Tone,0
2020-08-16,Average Tone,0
2020-08-17,Average Tone,0
2020-08-18,Average Tone,0
2020-08-19,Average Tone,0
2020-08-20,Average Tone,0
2020-08-21,Average Tone,0
2020-08-22,Average Tone,0
2020-08-23,Average Tone,0
2020-08-24,Average Tone,0
2020-08-25,Average Tone,0
2020-08-26,Average Tone,0.9559
2020-08-27,Average Tone,0
2020-08-28,Average Tone,-4.8023
2020-08-29,Average Tone,0
2020-08-30,Average Tone,0
2020-08-31,Average Tone,0
2020-09-01,Average Tone,-6.1688
2020-09-02,Average Tone,0
2020-09-03,Average Tone,0
2020-09-04,Average Tone,0
2020-09-05,Average Tone,0
2020-09-06,Average Tone,0
2020-09-07,Average Tone,0
2020-09-08,Average Tone,0
2020-09-09,Average Tone,0
2020-09-10,Average Tone,0
2020-09-11,Average Tone,0
2020-09-12,Average Tone,0
2020-09-13,Average Tone,0
2020-09-14,Average Tone,0
2020-09-15,Average Tone,0
2020-09-16,Average Tone,0
2020-09-17,Average Tone,0
2020-09-18,Average Tone,0
2020-09-19,Average Tone,0
2020-09-20,Average Tone,0
2020-09-21,Average Tone,0
2020-09-22,Average Tone,0
2020-09-23,Average Tone,0
2020-09-24,Average Tone,2.1739
2020-09-25,Average Tone,0
2020-09-26,Average Tone,0
2020-09-27,Average Tone,0
2020-09-28,Average Tone,0
2020-09-29,Average Tone,0
2020-09-30,Average Tone,0
2020-10-01,Average Tone,0
2020-10-02,Average Tone,0
2020-10-03,Average Tone,0
2020-10-04,Average Tone,0
2020-10-05,Average Tone,0
2020-10-06,Average Tone,0
2020-10-07,Average Tone,0
2020-10-08,Average Tone,0
2020-10-09,Average Tone,0
2020-10-10,Average Tone,0
2020-10-11,Average Tone,0
2020-10-12,Average Tone,0
2020-10-13,Average Tone,0
2020-10-14,Average Tone,0
2020-10-15,Average Tone,0
2020-10-16,Average Tone,0
2020-10-17,Average Tone,0
2020-10-18,Average Tone,0
2020-10-19,Average Tone,0
2020-10-21,Average Tone,0
2020-10-22,Average Tone,0
2020-10-23,Average Tone,0
2020-10-24,Average Tone,0
2020-10-25,Average Tone,0
2020-10-26,Average Tone,0
2020-10-27,Average Tone,0
2020-10-28,Average Tone,0
2020-10-29,Average Tone,0
2020-10-30,Average Tone,0
2020-10-31,Average Tone,0
2020-11-01,Average Tone,0
2020-11-02,Average Tone,0
2020-11-03,Average Tone,0
2020-11-04,Average Tone,0
2020-11-05,Average Tone,-7.1066
2020-11-06,Average Tone,0
2020-11-07,Average Tone,0
2020-11-08,Average Tone,0
2020-11-09,Average Tone,0
2020-11-10,Average Tone,0
2020-11-11,Average Tone,0
2020-11-12,Average Tone,0
2020-11-13,Average Tone,0
2020-11-14,Average Tone,0
2020-11-15,Average Tone,0
2020-11-16,Average Tone,0
2020-11-17,Average Tone,0
2020-11-18,Average Tone,0
2020-11-19,Average Tone,0
2020-11-20,Average Tone,0
2020-11-21,Average Tone,0
2020-11-22,Average Tone,0
2020-11-23,Average Tone,0
2020-11-24,Average Tone,0
2020-11-25,Average Tone,0
2020-11-26,Average Tone,0
2020-11-27,Average Tone,0
2020-11-28,Average Tone,0
2020-11-29,Average Tone,0
2020-11-30,Average Tone,0
2020-12-01,Average Tone,0
2020-12-02,Average Tone,0
2020-12-03,Average Tone,0
2020-12-04,Average Tone,0
2020-12-05,Average Tone,0
2020-12-06,Average Tone,0
2020-12-07,Average Tone,0
2020-12-08,Average Tone,0
2020-12-09,Average Tone,0
2020-12-10,Average Tone,0.3086
2020-12-11,Average Tone,0
2020-12-12,Average Tone,0
2020-12-13,Average Tone,0
2020-12-14,Average Tone,0
2020-12-15,Average Tone,0
2020-12-16,Average Tone,2.139
2020-12-17,Average Tone,1.9366
2020-12-18,Average Tone,0
2020-12-19,Average Tone,0
2020-12-20,Average Tone,0
2020-12-21,Average Tone,0
2020-12-22,Average Tone,0
2020-12-23,Average Tone,0
2020-12-24,Average Tone,0
2020-12-25,Average Tone,0
2020-12-26,Average Tone,0
2020-12-27,Average Tone,4.7561
2020-12-28,Average Tone,0
2020-12-29,Average Tone,0
2020-12-30,Average Tone,0
2020-12-31,Average Tone,0
2021-01-01,Average Tone,0
2021-01-02,Average Tone,0
2021-01-03,Average Tone,0
2021-01-04,Average Tone,0
2021-01-05,Average Tone,0
2021-01-06,Average Tone,0
2021-01-07,Average Tone,0
2021-01-08,Average Tone,1.0245
2021-01-09,Average Tone,0
2021-01-10,Average Tone,0
2021-01-11,Average Tone,0
2021-01-12,Average Tone,0
2021-01-13,Average Tone,0
2021-01-14,Average Tone,0
2021-01-15,Average Tone,3.3088
2021-01-16,Average Tone,0
2021-01-17,Average Tone,0
2021-01-18,Average Tone,0
2021-01-19,Average Tone,0
2021-01-20,Average Tone,0
2021-01-21,Average Tone,0
2021-01-22,Average Tone,1.3115
2021-01-23,Average Tone,0
2021-01-24,Average Tone,0
2021-01-25,Average Tone,-0.907
2021-01-26,Average Tone,0
2021-01-27,Average Tone,0
2021-01-28,Average Tone,0
2021-01-29,Average Tone,0
2021-01-30,Average Tone,0
2021-01-31,Average Tone,0
2021-02-01,Average Tone,0
2021-02-02,Average Tone,-0.3268
2021-02-03,Average Tone,0
2021-02-04,Average Tone,-0.9116
2021-02-05,Average Tone,0
2021-02-06,Average Tone,0
2021-02-07,Average Tone,0
2021-02-08,Average Tone,3.0904
2021-02-09,Average Tone,0
2021-02-10,Average Tone,1.3
2021-02-11,Average Tone,0
2021-02-12,Average Tone,-2.346
2021-02-13,Average Tone,0
2021-02-14,Average Tone,0.3922
2021-02-15,Average Tone,0
2021-02-16,Average Tone,0
2021-02-17,Average Tone,0
2021-02-18,Average Tone,0
2021-02-19,Average Tone,0
2021-02-20,Average Tone,0
2021-02-21,Average Tone,0
2021-02-22,Average Tone,0
2021-02-23,Average Tone,0
2021-02-24,Average Tone,0
2021-02-25,Average Tone,0
2021-02-26,Average Tone,0
2021-02-27,Average Tone,0.1524
2021-02-28,Average Tone,0
2021-03-01,Average Tone,0
2021-03-02,Average Tone,0
2021-03-03,Average Tone,0
2021-03-04,Average Tone,0
2021-03-05,Average Tone,0
2021-03-06,Average Tone,0
2021-03-07,Average Tone,0
2021-03-08,Average Tone,0
2021-03-09,Average Tone,0
2021-03-10,Average Tone,3.7519
2021-03-11,Average Tone,0
2021-03-12,Average Tone,0
2021-03-13,Average Tone,0
2021-03-14,Average Tone,0
2021-03-15,Average Tone,0
2021-03-16,Average Tone,0
2021-03-17,Average Tone,0
2021-03-18,Average Tone,0
2021-03-19,Average Tone,0
2021-03-20,Average Tone,-5.5335
2021-03-21,Average Tone,0
2021-03-22,Average Tone,0
2021-03-23,Average Tone,0
2021-03-24,Average Tone,0
2021-03-25,Average Tone,0
2021-03-26,Average Tone,0
2021-03-27,Average Tone,3.3175
2021-03-28,Average Tone,0
2021-03-29,Average Tone,0
2021-03-30,Average Tone,0
2021-03-31,Average Tone,-9.9538
2021-04-01,Average Tone,0
2021-04-02,Average Tone,0
2021-04-03,Average Tone,0
2021-04-04,Average Tone,0
2021-04-05,Average Tone,0
2021-04-06,Average Tone,0
2021-04-07,Average Tone,0
2021-04-08,Average Tone,0
2021-04-09,Average Tone,0
2021-04-10,Average Tone,0
2021-04-11,Average Tone,0
2021-04-12,Average Tone,0
2021-04-13,Average Tone,0
2021-04-14,Average Tone,0
2021-04-15,Average Tone,0
2021-04-16,Average Tone,0
2021-04-17,Average Tone,0
2021-04-18,Average Tone,0
2021-04-19,Average Tone,0
2021-04-20,Average Tone,-6.079
2021-04-21,Average Tone,0
2021-04-22,Average Tone,0
2021-04-23,Average Tone,0
2021-04-24,Average Tone,0
2021-04-25,Average Tone,0
2021-04-26,Average Tone,0
2021-04-27,Average Tone,0
2021-04-28,Average Tone,0
2021-04-29,Average Tone,0
2021-04-30,Average Tone,0
2021-05-01,Average Tone,0
2021-05-02,Average Tone,0
2021-05-03,Average Tone,0
2021-05-04,Average Tone,-1.5924
2021-05-05,Average Tone,0
2021-05-06,Average Tone,0
2021-05-07,Average Tone,-1.2006
2021-05-08,Average Tone,0
2021-05-09,Average Tone,0
2021-05-10,Average Tone,0
2021-05-11,Average Tone,0
2021-05-12,Average Tone,0
2021-05-13,Average Tone,0
2021-05-14,Average Tone,0
2021-05-15,Average Tone,0
2021-05-16,Average Tone,0
2021-05-17,Average Tone,0
2021-05-18,Average Tone,0
2021-05-19,Average Tone,0
2021-05-20,Average Tone,0
2021-05-21,Average Tone,0
2021-05-22,Average Tone,0
2021-05-23,Average Tone,0
2021-05-24,Average Tone,0
2021-05-25,Average Tone,0
2021-05-26,Average Tone,0
2021-05-27,Average Tone,0
2021-05-28,Average Tone,-0.0828
2021-05-29,Average Tone,0
2021-05-30,Average Tone,0
2021-05-31,Average Tone,0
2021-06-01,Average Tone,0
2021-06-02,Average Tone,0
2021-06-03,Average Tone,0
2021-06-04,Average Tone,0
2021-06-05,Average Tone,0
2021-06-06,Average Tone,0
2021-06-07,Average Tone,0
2021-06-08,Average Tone,0
2021-06-09,Average Tone,0
2021-06-10,Average Tone,-1.0776
2021-06-11,Average Tone,0
2021-06-12,Average Tone,0
2021-06-13,Average Tone,0
2021-06-14,Average Tone,0
2021-06-15,Average Tone,0
2021-06-16,Average Tone,0
2021-06-17,Average Tone,0
2021-06-18,Average Tone,0
2021-06-19,Average Tone,0
2021-06-20,Average Tone,0
2021-06-21,Average Tone,3.601
2021-06-22,Average Tone,0
2021-06-23,Average Tone,0
2021-06-24,Average Tone,0
2021-06-25,Average Tone,0
2021-06-26,Average Tone,0
2021-06-27,Average Tone,0
2021-06-28,Average Tone,0
2021-06-29,Average Tone,0
2021-06-30,Average Tone,0
2021-07-01,Average Tone,0
2021-07-02,Average Tone,0
2021-07-03,Average Tone,1.0569
2021-07-04,Average Tone,0
2021-07-05,Average Tone,0
2021-07-06,Average Tone,0
2021-07-07,Average Tone,0
2021-07-08,Average Tone,0
2021-07-09,Average Tone,0
2021-07-10,Average Tone,0
2021-07-11,Average Tone,0
2021-07-12,Average Tone,0
2021-07-13,Average Tone,0
2021-07-14,Average Tone,0
2021-07-15,Average Tone,0
2021-07-16,Average Tone,0
2021-07-17,Average Tone,0
2021-07-18,Average Tone,0
2021-07-19,Average Tone,0
2021-07-20,Average Tone,0
2021-07-21,Average Tone,0
2021-07-22,Average Tone,0
2021-07-23,Average Tone,0
2021-07-24,Average Tone,0
2021-07-25,Average Tone,0
2021-07-26,Average Tone,0
2021-07-27,Average Tone,0
2021-07-28,Average Tone,0
2021-07-29,Average Tone,0.7067
2021-07-30,Average Tone,0
2021-07-31,Average Tone,0
2021-08-01,Average Tone,0
2021-08-02,Average Tone,0
2021-08-03,Average Tone,0
2021-08-04,Average Tone,0.5208
2021-08-05,Average Tone,0
2021-08-06,Average Tone,0
2021-08-07,Average Tone,0
2021-08-08,Average Tone,0
2021-08-09,Average Tone,0
2021-08-10,Average Tone,0
2021-08-11,Average Tone,0
2021-08-12,Average Tone,0
2021-08-13,Average Tone,0
2021-08-14,Average Tone,0
2021-08-15,Average Tone,0
2021-08-16,Average Tone,0
2021-08-17,Average Tone,0
2021-08-18,Average Tone,0
2021-08-19,Average Tone,0
2021-08-20,Average Tone,0
2021-08-21,Average Tone,1.9231
2021-08-22,Average Tone,0
2021-08-23,Average Tone,0
2021-08-24,Average Tone,0
2021-08-25,Average Tone,-2.069
2021-08-26,Average Tone,0
2021-08-27,Average Tone,0
2021-08-28,Average Tone,0
2021-08-29,Average Tone,0
2021-08-30,Average Tone,0
2021-08-31,Average Tone,0
2021-09-01,Average Tone,0
2021-09-02,Average Tone,0
2021-09-03,Average Tone,0
2021-09-04,Average Tone,0
2021-09-05,Average Tone,0
2021-09-06,Average Tone,0
2021-09-07,Average Tone,0
2021-09-08,Average Tone,0
2021-09-09,Average Tone,0
2021-09-10,Average Tone,0
2021-09-11,Average Tone,0
2021-09-12,Average Tone,0
2021-09-13,Average Tone,0
2021-09-14,Average Tone,0
2021-09-15,Average Tone,0
2021-09-16,Average Tone,0
2021-09-17,Average Tone,0
2021-09-18,Average Tone,0
2021-09-19,Average Tone,0
2021-09-20,Average Tone,0
2021-09-21,Average Tone,0
2021-09-22,Average Tone,0
2021-09-23,Average Tone,0
2021-09-24,Average Tone,0
2021-09-25,Average Tone,0
2021-09-26,Average Tone,-1.9157
2021-09-27,Average Tone,2.5316
2021-09-28,Average Tone,0
2021-09-29,Average Tone,0
2021-09-30,Average Tone,-1.0754
2021-10-01,Average Tone,0
2021-10-02,Average Tone,0
2021-10-03,Average Tone,0
2021-10-04,Average Tone,0
2021-10-05,Average Tone,0
2021-10-06,Average Tone,0
2021-10-07,Average Tone,0
2021-10-08,Average Tone,0
2021-10-09,Average Tone,0
2021-10-10,Average Tone,0
2021-10-11,Average Tone,-1.1121
2021-10-12,Average Tone,0
2021-10-13,Average Tone,0
2021-10-14,Average Tone,0
2021-10-15,Average Tone,0
2021-10-16,Average Tone,0
2021-10-17,Average Tone,0
2021-10-18,Average Tone,0
2021-10-19,Average Tone,0
2021-10-20,Average Tone,-6.1594
2021-10-21,Average Tone,0
2021-10-22,Average Tone,0
2021-10-23,Average Tone,0.46
2021-10-24,Average Tone,0
2021-10-25,Average Tone,0
2021-10-26,Average Tone,0
2021-10-27,Average Tone,0
2021-10-28,Average Tone,0
2021-10-29,Average Tone,0
2021-10-30,Average Tone,0
2021-10-31,Average Tone,0
2021-11-01,Average Tone,0
2021-11-02,Average Tone,0
2021-11-03,Average Tone,0
2021-11-04,Average Tone,0
2021-11-05,Average Tone,-2.5
2021-11-06,Average Tone,0
2021-11-07,Average Tone,0
2021-11-08,Average Tone,0
2021-11-09,Average Tone,0
2021-11-10,Average Tone,0
2021-11-11,Average Tone,0
2021-11-12,Average Tone,0
2021-11-13,Average Tone,0
2021-11-14,Average Tone,0
2021-11-15,Average Tone,0
2021-11-16,Average Tone,0
2021-11-17,Average Tone,0
2021-11-18,Average Tone,0
2021-11-19,Average Tone,0
2021-11-20,Average Tone,0
2021-11-21,Average Tone,0
2021-11-22,Average Tone,0
2021-11-23,Average Tone,0
2021-11-24,Average Tone,0
2021-11-25,Average Tone,0
2021-11-26,Average Tone,0
2021-11-27,Average Tone,0
2021-11-28,Average Tone,0
2021-11-29,Average Tone,0
2021-11-30,Average Tone,0
2021-12-01,Average Tone,0
2021-12-02,Average Tone,0
2021-12-03,Average Tone,1.1218
2021-12-04,Average Tone,0
2021-12-05,Average Tone,0
2021-12-06,Average Tone,0
2021-12-07,Average Tone,1.4938
2021-12-08,Average Tone,0
2021-12-09,Average Tone,0
2021-12-10,Average Tone,0
2021-12-11,Average Tone,0
2021-12-12,Average Tone,0
2021-12-13,Average Tone,0
2021-12-14,Average Tone,-0.2096
2021-12-15,Average Tone,-10.0629
2021-12-16,Average Tone,0
2021-12-17,Average Tone,0
2021-12-18,Average Tone,0
2021-12-19,Average Tone,0
2021-12-20,Average Tone,0
2021-12-21,Average Tone,1.7266
2021-12-22,Average Tone,0.7805
2021-12-23,Average Tone,0
2021-12-24,Average Tone,0
2021-12-25,Average Tone,0
2021-12-26,Average Tone,0
2021-12-27,Average Tone,0
2021-12-28,Average Tone,0
2021-12-29,Average Tone,-2.8409
2021-12-30,Average Tone,0
2021-12-31,Average Tone,0
2022-01-01,Average Tone,0
2022-01-02,Average Tone,0
2022-01-03,Average Tone,0
2022-01-04,Average Tone,0
2022-01-05,Average Tone,-1.2211
2022-01-06,Average Tone,0
2022-01-07,Average Tone,0
2022-01-08,Average Tone,0
2022-01-09,Average Tone,0
2022-01-10,Average Tone,0
2022-01-11,Average Tone,0
2022-01-12,Average Tone,0
2022-01-13,Average Tone,0
2022-01-14,Average Tone,0
2022-01-15,Average Tone,0
2022-01-16,Average Tone,0
2022-01-17,Average Tone,0
2022-01-18,Average Tone,0
2022-01-19,Average Tone,0
2022-01-20,Average Tone,0
2022-01-21,Average Tone,0
2022-01-22,Average Tone,0
2022-01-23,Average Tone,0
2022-01-24,Average Tone,0
2022-01-25,Average Tone,-4.2885
2022-01-26,Average Tone,0
2022-01-27,Average Tone,5.4902
2022-01-28,Average Tone,0
2022-01-29,Average Tone,0
2022-01-30,Average Tone,0
2022-01-31,Average Tone,0
2022-02-01,Average Tone,0
2022-02-02,Average Tone,1.8868
2022-02-03,Average Tone,0
2022-02-04,Average Tone,0
2022-02-05,Average Tone,0
2022-02-06,Average Tone,0
2022-02-07,Average Tone,0
2022-02-08,Average Tone,0
2022-02-09,Average Tone,0
2022-02-10,Average Tone,0
2022-02-11,Average Tone,0
2022-02-12,Average Tone,0
2022-02-13,Average Tone,0
2022-02-14,Average Tone,0
2022-02-15,Average Tone,0
2022-02-16,Average Tone,0
2022-02-17,Average Tone,0
2022-02-18,Average Tone,0
2022-02-19,Average Tone,0
2022-02-20,Average Tone,0
2022-02-21,Average Tone,0
2022-02-22,Average Tone,0
2022-02-23,Average Tone,2.9289
2022-02-24,Average Tone,0
2022-02-25,Average Tone,0
2022-02-26,Average Tone,0
2022-02-27,Average Tone,5.0189
2022-02-28,Average Tone,0
2022-03-01,Average Tone,0
2022-03-02,Average Tone,0
2022-03-03,Average Tone,0
2022-03-04,Average Tone,0
2022-03-05,Average Tone,0
2022-03-06,Average Tone,0
2022-03-07,Average Tone,0
2022-03-08,Average Tone,0
2022-03-09,Average Tone,0
2022-03-10,Average Tone,0
2022-03-11,Average Tone,0
2022-03-12,Average Tone,0
2022-03-13,Average Tone,0
2022-03-14,Average Tone,0
2022-03-15,Average Tone,0
2022-03-16,Average Tone,0
2022-03-17,Average Tone,0
2022-03-18,Average Tone,0
2022-03-19,Average Tone,0
2022-03-20,Average Tone,0
2022-03-21,Average Tone,0
2022-03-22,Average Tone,0
2022-03-23,Average Tone,0
2022-03-24,Average Tone,0
2022-03-25,Average Tone,3.1746
2022-03-26,Average Tone,0
2022-03-27,Average Tone,0
2022-03-28,Average Tone,0
2022-03-29,Average Tone,0
2022-03-30,Average Tone,0
2022-03-31,Average Tone,0
2022-04-01,Average Tone,0
2022-04-02,Average Tone,0
2022-04-03,Average Tone,0
2022-04-04,Average Tone,0
2022-04-05,Average Tone,0
2022-04-06,Average Tone,-3.9599
2022-04-07,Average Tone,0
2022-04-08,Average Tone,0
2022-04-09,Average Tone,0
2022-04-10,Average Tone,0
2022-04-11,Average Tone,0
2022-04-12,Average Tone,0
2022-04-13,Average Tone,0
2022-04-14,Average Tone,-0.1779
2022-04-15,Average Tone,0
2022-04-16,Average Tone,0
2022-04-17,Average Tone,0
2022-04-18,Average Tone,0
2022-04-19,Average Tone,0
2022-04-20,Average Tone,0
2022-04-21,Average Tone,0
2022-04-22,Average Tone,0
2022-04-23,Average Tone,0
2022-04-24,Average Tone,0
2022-04-25,Average Tone,0
2022-04-26,Average Tone,0
2022-04-27,Average Tone,0
2022-04-28,Average Tone,0
2022-04-29,Average Tone,0
2022-04-30,Average Tone,-2.3121
2022-05-01,Average Tone,-1.1976
2022-05-02,Average Tone,0.3937
2022-05-03,Average Tone,1.3043
2022-05-04,Average Tone,0
2022-05-05,Average Tone,0
2022-05-06,Average Tone,0
2022-05-07,Average Tone,0
2022-05-08,Average Tone,0
2022-05-09,Average Tone,0
2022-05-10,Average Tone,0
2022-05-11,Average Tone,1.6925
2022-05-12,Average Tone,2.1216
2022-05-13,Average Tone,0
2022-05-14,Average Tone,0
2022-05-15,Average Tone,0
2022-05-16,Average Tone,0
2022-05-17,Average Tone,-4.8232
2022-05-18,Average Tone,0
2022-05-19,Average Tone,0
2022-05-20,Average Tone,0
2022-05-21,Average Tone,0
2022-05-22,Average Tone,0
2022-05-23,Average Tone,0
2022-05-24,Average Tone,0
2022-05-25,Average Tone,0
2022-05-26,Average Tone,0
2022-05-27,Average Tone,0
2022-05-28,Average Tone,0
2022-05-29,Average Tone,0
2022-05-30,Average Tone,0
2022-05-31,Average Tone,0
2022-06-01,Average Tone,0
2022-06-02,Average Tone,0
2022-06-03,Average Tone,0
2022-06-04,Average Tone,0
2022-06-05,Average Tone,0
2022-06-06,Average Tone,0
2022-06-07,Average Tone,0
2022-06-08,Average Tone,0
2022-06-09,Average Tone,1.7857
2022-06-10,Average Tone,0
2022-06-11,Average Tone,0
2022-06-12,Average Tone,0
2022-06-13,Average Tone,0
2022-06-14,Average Tone,0
2022-06-15,Average Tone,0
2022-06-16,Average Tone,0
2022-06-17,Average Tone,0
2022-06-18,Average Tone,0
2022-06-19,Average Tone,0
2022-06-20,Average Tone,0
2022-06-21,Average Tone,-1.8051
2022-06-22,Average Tone,0
2022-06-23,Average Tone,0.7547
2022-06-24,Average Tone,4.1494
2022-06-25,Average Tone,0
2022-06-26,Average Tone,0
2022-06-27,Average Tone,0.3861
2022-06-28,Average Tone,0
2022-06-29,Average Tone,0
2022-06-30,Average Tone,0
2022-07-01,Average Tone,0
2022-07-02,Average Tone,0
2022-07-03,Average Tone,0
2022-07-04,Average Tone,0
2022-07-05,Average Tone,1.7492
2022-07-06,Average Tone,0
2022-07-07,Average Tone,0
2022-07-08,Average Tone,0
2022-07-09,Average Tone,0
2022-07-10,Average Tone,0
2022-07-11,Average Tone,0
2022-07-12,Average Tone,0
2022-07-13,Average Tone,0
2022-07-14,Average Tone,0
2022-07-15,Average Tone,0
2022-07-16,Average Tone,0
2022-07-17,Average Tone,0
2022-07-18,Average Tone,0
2022-07-19,Average Tone,0
2022-07-20,Average Tone,0
2022-07-21,Average Tone,0
2022-07-22,Average Tone,0
2022-07-23,Average Tone,0
2022-07-24,Average Tone,0
2022-07-25,Average Tone,0
2022-07-26,Average Tone,0
2022-07-27,Average Tone,0.9225
2022-07-28,Average Tone,0
2022-07-29,Average Tone,0
2022-07-30,Average Tone,0
2022-07-31,Average Tone,-7.4144
2022-08-01,Average Tone,0
2022-08-02,Average Tone,0
2022-08-03,Average Tone,0
2022-08-04,Average Tone,0
2022-08-05,Average Tone,0
2022-08-06,Average Tone,0
2022-08-07,Average Tone,0
2022-08-08,Average Tone,0
2022-08-09,Average Tone,0
2022-08-10,Average Tone,0
2022-08-11,Average Tone,0
2022-08-12,Average Tone,0
2022-08-13,Average Tone,0
2022-08-14,Average Tone,0
2022-08-15,Average Tone,0
2022-08-16,Average Tone,0
2022-08-17,Average Tone,0
2022-08-18,Average Tone,0
2022-08-19,Average Tone,0
2022-08-20,Average Tone,0
2022-08-21,Average Tone,0
2022-08-22,Average Tone,0
2022-08-23,Average Tone,0
2022-08-24,Average Tone,0
2022-08-25,Average Tone,0
2022-08-26,Average Tone,0
2022-08-27,Average Tone,0
2022-08-28,Average Tone,0
2022-08-29,Average Tone,0
2022-08-30,Average Tone,0
2022-08-31,Average Tone,0
2022-09-01,Average Tone,0
2022-09-02,Average Tone,-1.9254
2022-09-03,Average Tone,0
2022-09-04,Average Tone,0
2022-09-05,Average Tone,0
2022-09-06,Average Tone,0
2022-09-07,Average Tone,0
2022-09-08,Average Tone,-0.8245
2022-09-09,Average Tone,0
2022-09-10,Average Tone,0
2022-09-11,Average Tone,0
2022-09-12,Average Tone,1.7621
2022-09-13,Average Tone,0
2022-09-14,Average Tone,0
2022-09-15,Average Tone,0
2022-09-16,Average Tone,-1.34
2022-09-17,Average Tone,0
2022-09-18,Average Tone,0
2022-09-19,Average Tone,0
2022-09-20,Average Tone,0
2022-09-21,Average Tone,0
2022-09-22,Average Tone,-0.2479
2022-09-23,Average Tone,0
2022-09-24,Average Tone,0
2022-09-25,Average Tone,0
2022-09-26,Average Tone,0
2022-09-27,Average Tone,0
2022-09-28,Average Tone,0
2022-09-29,Average Tone,0
2022-09-30,Average Tone,0
2022-10-01,Average Tone,0
2022-10-02,Average Tone,0
2022-10-03,Average Tone,0
2022-10-04,Average Tone,0
2022-10-05,Average Tone,0
2022-10-06,Average Tone,0
2022-10-07,Average Tone,0
2022-10-08,Average Tone,0
2022-10-09,Average Tone,0
2022-10-10,Average Tone,0
2022-10-11,Average Tone,0
2022-10-12,Average Tone,0
2022-10-13,Average Tone,0
2022-10-14,Average Tone,0
2022-10-15,Average Tone,0
2022-10-16,Average Tone,0
2022-10-17,Average Tone,0
2022-10-18,Average Tone,-2.1216
2022-10-19,Average Tone,0
2022-10-20,Average Tone,0
2022-10-21,Average Tone,0
2022-10-22,Average Tone,0
2022-10-23,Average Tone,0
2022-10-24,Average Tone,0
2022-10-25,Average Tone,0
2022-10-26,Average Tone,0
2022-10-27,Average Tone,0
2022-10-28,Average Tone,0
2022-10-29,Average Tone,0
2022-10-30,Average Tone,0
2022-10-31,Average Tone,0
2022-11-01,Average Tone,0
2022-11-02,Average Tone,0
2022-11-03,Average Tone,0
2022-11-04,Average Tone,0
2022-11-05,Average Tone,0
2022-11-06,Average Tone,0
2022-11-07,Average Tone,0
2022-11-08,Average Tone,0
2022-11-09,Average Tone,0
2022-11-10,Average Tone,0
2022-11-11,Average Tone,0
2022-11-12,Average Tone,0
2022-11-13,Average Tone,0
2022-11-14,Average Tone,0
2022-11-15,Average Tone,0
2022-11-16,Average Tone,0
2022-11-17,Average Tone,0
2022-11-18,Average Tone,0
2022-11-19,Average Tone,0
2022-11-20,Average Tone,0
2022-11-21,Average Tone,0
2022-11-22,Average Tone,0
2022-11-23,Average Tone,0
2022-11-24,Average Tone,-1.7953
2022-11-25,Average Tone,0
2022-11-26,Average Tone,0
2022-11-27,Average Tone,0
2022-11-28,Average Tone,0
2022-11-29,Average Tone,0
2022-11-30,Average Tone,0
2022-12-01,Average Tone,0
2022-12-02,Average Tone,0
2022-12-03,Average Tone,0
2022-12-04,Average Tone,0
2022-12-05,Average Tone,0
2022-12-06,Average Tone,0
2022-12-07,Average Tone,0
2022-12-08,Average Tone,0
2022-12-09,Average Tone,0
2022-12-10,Average Tone,0
2022-12-11,Average Tone,0
2022-12-12,Average Tone,0
2022-12-13,Average Tone,-3.5794
2022-12-14,Average Tone,0
2022-12-15,Average Tone,0
2022-12-16,Average Tone,0
2022-12-17,Average Tone,0
2022-12-18,Average Tone,0
2022-12-19,Average Tone,0
2022-12-20,Average Tone,0
2022-12-21,Average Tone,0
2022-12-22,Average Tone,0
2022-12-23,Average Tone,0
2022-12-24,Average Tone,0
2022-12-25,Average Tone,0
2022-12-26,Average Tone,0
2022-12-27,Average Tone,0
2022-12-28,Average Tone,0
2022-12-29,Average Tone,0
2022-12-30,Average Tone,0
2022-12-31,Average Tone,0
2023-01-01,Average Tone,0
2023-01-02,Average Tone,0
2023-01-03,Average Tone,0
2023-01-04,Average Tone,0
2023-01-05,Average Tone,0
2023-01-06,Average Tone,0
2023-01-07,Average Tone,0
2023-01-08,Average Tone,0
2023-01-09,Average Tone,0
2023-01-10,Average Tone,-1.0363
2023-01-11,Average Tone,0
2023-01-12,Average Tone,0
2023-01-13,Average Tone,0
2023-01-14,Average Tone,0
2023-01-15,Average Tone,0
2023-01-16,Average Tone,0
2023-01-17,Average Tone,0
2023-01-18,Average Tone,0
2023-01-19,Average Tone,0
2023-01-20,Average Tone,0
2023-01-21,Average Tone,0
2023-01-22,Average Tone,0
2023-01-23,Average Tone,0
2023-01-24,Average Tone,0
2023-01-25,Average Tone,0
2023-01-26,Average Tone,0
2023-01-27,Average Tone,0
2023-01-28,Average Tone,0
2023-01-29,Average Tone,0
2023-01-30,Average Tone,0
2023-01-31,Average Tone,0
2023-02-01,Average Tone,0
2023-02-02,Average Tone,0
2023-02-03,Average Tone,0
2023-02-04,Average Tone,0
2023-02-05,Average Tone,0
2023-02-06,Average Tone,0
2023-02-07,Average Tone,0
2023-02-08,Average Tone,0
2023-02-09,Average Tone,0
2023-02-10,Average Tone,0
2023-02-11,Average Tone,0
2023-02-12,Average Tone,0
2023-02-13,Average Tone,0
2023-02-14,Average Tone,0
2023-02-15,Average Tone,0
2023-02-16,Average Tone,0
2023-02-17,Average Tone,0
2023-02-18,Average Tone,0
2023-02-19,Average Tone,0
2023-02-20,Average Tone,0
2023-02-21,Average Tone,0
2023-02-22,Average Tone,0
2023-02-23,Average Tone,0
2023-02-24,Average Tone,0
2023-02-25,Average Tone,0
2023-02-26,Average Tone,0
2023-02-27,Average Tone,0
2023-02-28,Average Tone,0
2023-03-01,Average Tone,0
2023-03-02,Average Tone,0
2023-03-03,Average Tone,0
2023-03-04,Average Tone,0
2023-03-05,Average Tone,0
2023-03-06,Average Tone,0
2023-03-07,Average Tone,0
2023-03-08,Average Tone,0
2023-03-09,Average Tone,0
2023-03-10,Average Tone,-2.3364
2023-03-11,Average Tone,0
2023-03-12,Average Tone,0
2023-03-13,Average Tone,0
2023-03-14,Average Tone,0
2023-03-15,Average Tone,0
2023-03-16,Average Tone,0
2023-03-17,Average Tone,0
2023-03-18,Average Tone,0
2023-03-19,Average Tone,0
2023-03-20,Average Tone,0
2023-03-21,Average Tone,0
2023-03-22,Average Tone,0
2023-03-24,Average Tone,0
2023-03-25,Average Tone,0
2023-03-26,Average Tone,0
2023-03-27,Average Tone,0
2023-03-28,Average Tone,0
2023-03-29,Average Tone,0
2023-03-30,Average Tone,0
2023-03-31,Average Tone,0
2023-04-01,Average Tone,0
2023-04-02,Average Tone,0
2023-04-03,Average Tone,0
2023-04-04,Average Tone,0
2023-04-05,Average Tone,0
2023-04-06,Average Tone,2.6121
2023-04-07,Average Tone,0
2023-04-08,Average Tone,0
2023-04-09,Average Tone,0
2023-04-10,Average Tone,0
2023-04-11,Average Tone,0
2023-04-12,Average Tone,0
2023-04-13,Average Tone,0
2023-04-14,Average Tone,0
2023-04-15,Average Tone,0
2023-04-16,Average Tone,0
2023-04-17,Average Tone,0
2023-04-18,Average Tone,0
2023-04-19,Average Tone,0
2023-04-20,Average Tone,0
2023-04-21,Average Tone,0
2023-04-22,Average Tone,0
2023-04-23,Average Tone,0
2023-04-24,Average Tone,0
2023-04-25,Average Tone,0
2023-04-26,Average Tone,0
2023-04-27,Average Tone,0
2023-04-28,Average Tone,1.7954
2023-04-29,Average Tone,0
2023-04-30,Average Tone,-7.9843
2023-05-01,Average Tone,0
2023-05-02,Average Tone,0
2023-05-03,Average Tone,0
2023-05-04,Average Tone,0
2023-05-05,Average Tone,0
2023-05-06,Average Tone,0
2023-05-07,Average Tone,0
2023-05-08,Average Tone,0
2023-05-09,Average Tone,0
2023-05-10,Average Tone,0
2023-05-11,Average Tone,0
2023-05-12,Average Tone,0
2023-05-13,Average Tone,1.2433
2023-05-14,Average Tone,0
2023-05-15,Average Tone,0
2023-05-16,Average Tone,0
2023-05-17,Average Tone,0
2023-05-18,Average Tone,0
2023-05-19,Average Tone,0
2023-05-20,Average Tone,0
2023-05-21,Average Tone,0
2023-05-22,Average Tone,0
2023-05-23,Average Tone,0
2023-05-24,Average Tone,0
2023-05-25,Average Tone,0
2023-05-26,Average Tone,0
2023-05-27,Average Tone,0
2023-05-28,Average Tone,0
2023-05-29,Average Tone,0
2023-05-30,Average Tone,0
2023-05-31,Average Tone,0
2023-06-01,Average Tone,0
2023-06-02,Average Tone,0
2023-06-03,Average Tone,0
2023-06-04,Average Tone,0
2023-06-05,Average Tone,0
2023-06-06,Average Tone,0
2023-06-07,Average Tone,0
2023-06-08,Average Tone,0
2023-06-09,Average Tone,0
2023-06-10,Average Tone,0
2023-06-11,Average Tone,0
2023-06-12,Average Tone,0
2023-06-13,Average Tone,0
2023-06-14,Average Tone,0
2023-06-15,Average Tone,0
2023-06-16,Average Tone,0
2023-06-17,Average Tone,0
2023-06-18,Average Tone,0
2023-06-19,Average Tone,0
2023-06-20,Average Tone,0
2023-06-21,Average Tone,0
2023-06-22,Average Tone,0
2023-06-23,Average Tone,0
2023-06-24,Average Tone,0
2023-06-25,Average Tone,0
2023-06-26,Average Tone,0
2023-06-27,Average Tone,0
2023-06-28,Average Tone,0
2023-06-29,Average Tone,0
2023-06-30,Average Tone,0
2023-07-01,Average Tone,0
2023-07-02,Average Tone,0
2023-07-03,Average Tone,0
2023-07-04,Average Tone,0
2023-07-05,Average Tone,0
2023-07-06,Average Tone,0
2023-07-07,Average Tone,0
2023-07-08,Average Tone,0
2023-07-09,Average Tone,0
2023-07-10,Average Tone,0
2023-07-11,Average Tone,0
2023-07-12,Average Tone,0
2023-07-13,Average Tone,0
2023-07-14,Average Tone,0
2023-07-15,Average Tone,0
2023-07-16,Average Tone,0
2023-07-17,Average Tone,0
2023-07-18,Average Tone,0
2023-07-19,Average Tone,0
2023-07-20,Average Tone,0
2023-07-21,Average Tone,0
2023-07-22,Average Tone,0
2023-07-23,Average Tone,0
2023-07-24,Average Tone,0
2023-07-25,Average Tone,0
2023-07-26,Average Tone,0
2023-07-27,Average Tone,0
2023-07-28,Average Tone,0
2023-07-29,Average Tone,0
2023-07-30,Average Tone,0
2023-07-31,Average Tone,0
2023-08-01,Average Tone,0
2023-08-02,Average Tone,0
2023-08-03,Average Tone,0
2023-08-04,Average Tone,0
2023-08-05,Average Tone,0
2023-08-06,Average Tone,0
2023-08-07,Average Tone,0
2023-08-08,Average Tone,0
2023-08-09,Average Tone,0
2023-08-10,Average Tone,0
2023-08-11,Average Tone,0
2023-08-12,Average Tone,0
2023-08-13,Average Tone,0
2023-08-14,Average Tone,0
2023-08-15,Average Tone,0
2023-08-16,Average Tone,0
2023-08-17,Average Tone,0
2023-08-18,Average Tone,0
2023-08-19,Average Tone,0
2023-08-20,Average Tone,0
2023-08-21,Average Tone,0
2023-08-22,Average Tone,0
2023-08-23,Average Tone,0
2023-08-24,Average Tone,0
2023-08-25,Average Tone,0
2023-08-26,Average Tone,0
2023-08-27,Average Tone,0
2023-08-28,Average Tone,0
2023-08-29,Average Tone,0
2023-08-30,Average Tone,0
2023-08-31,Average Tone,0
2023-09-01,Average Tone,0
2023-09-02,Average Tone,0
2023-09-03,Average Tone,0
2023-09-04,Average Tone,-5.1813
2023-09-05,Average Tone,0
2023-09-06,Average Tone,0
2023-09-07,Average Tone,0
2023-09-08,Average Tone,0
2023-09-09,Average Tone,0
2023-09-10,Average Tone,0
2023-09-11,Average Tone,0
2023-09-12,Average Tone,0
2023-09-13,Average Tone,0
2023-09-14,Average Tone,0
2023-09-15,Average Tone,0
2023-09-16,Average Tone,0
2023-09-17,Average Tone,0
2023-09-18,Average Tone,0
2023-09-19,Average Tone,0
2023-09-20,Average Tone,-6.0309
2023-09-21,Average Tone,0
2023-09-22,Average Tone,0
2023-09-23,Average Tone,0
2023-09-24,Average Tone,0
2023-09-25,Average Tone,0
2023-09-26,Average Tone,0
2023-09-27,Average Tone,0
2023-09-28,Average Tone,0
2023-09-29,Average Tone,0
2023-09-30,Average Tone,0
2023-10-01,Average Tone,0
2023-10-02,Average Tone,0
2023-10-03,Average Tone,0
2023-10-04,Average Tone,0
2023-10-05,Average Tone,0
2023-10-06,Average Tone,0
2023-10-07,Average Tone,0
2023-10-08,Average Tone,0
2023-10-09,Average Tone,0
2023-10-10,Average Tone,0
2023-10-11,Average Tone,0
2023-10-12,Average Tone,0
2023-10-13,Average Tone,0
2023-10-14,Average Tone,0
2023-10-15,Average Tone,0
2023-10-16,Average Tone,0
2023-10-17,Average Tone,0
2023-10-18,Average Tone,0
2023-10-19,Average Tone,0
2023-10-20,Average Tone,0
2023-10-21,Average Tone,0
2023-10-22,Average Tone,0
2023-10-23,Average Tone,0
2023-10-24,Average Tone,0
2023-10-25,Average Tone,0
2023-10-26,Average Tone,0
2023-10-27,Average Tone,0
2023-10-28,Average Tone,0
2023-10-29,Average Tone,0
2023-10-30,Average Tone,0
2023-10-31,Average Tone,0
2023-11-01,Average Tone,0
2023-11-02,Average Tone,0
2023-11-03,Average Tone,0
2023-11-04,Average Tone,0
2023-11-05,Average Tone,0
2023-11-06,Average Tone,0
2023-11-07,Average Tone,0.6289
2023-11-08,Average Tone,0
2023-11-09,Average Tone,0
2023-11-10,Average Tone,0
2023-11-11,Average Tone,0
2023-11-12,Average Tone,0
2023-11-13,Average Tone,0
2023-11-14,Average Tone,0
2023-11-15,Average Tone,0
2023-11-16,Average Tone,0
2023-11-17,Average Tone,0
2023-11-18,Average Tone,0
2023-11-19,Average Tone,0
2023-11-20,Average Tone,0
2023-11-21,Average Tone,0
2023-11-22,Average Tone,0
2023-11-23,Average Tone,0
2023-11-24,Average Tone,0
2023-11-25,Average Tone,-1.7953
2023-11-26,Average Tone,0
2023-11-27,Average Tone,0
2023-11-28,Average Tone,0
2023-11-29,Average Tone,0
2023-11-30,Average Tone,0
2023-12-01,Average Tone,0
2023-12-02,Average Tone,0
2023-12-03,Average Tone,0
2023-12-04,Average Tone,0
2023-12-05,Average Tone,0
2023-12-06,Average Tone,0
2023-12-07,Average Tone,0
2023-12-08,Average Tone,0
2023-12-09,Average Tone,0
2023-12-10,Average Tone,0
2023-12-11,Average Tone,0
2023-12-12,Average Tone,0
2023-12-13,Average Tone,0
2023-12-14,Average Tone,0
2023-12-15,Average Tone,0
2023-12-16,Average Tone,0
2023-12-17,Average Tone,0
2023-12-18,Average Tone,2.7516
2023-12-19,Average Tone,0
2023-12-20,Average Tone,0
2023-12-21,Average Tone,0
2023-12-22,Average Tone,0
2023-12-23,Average Tone,0
2023-12-24,Average Tone,0
2023-12-25,Average Tone,0
2023-12-26,Average Tone,0
2023-12-27,Average Tone,0
2023-12-28,Average Tone,0
2023-12-29,Average Tone,0
2023-12-30,Average Tone,0
2023-12-31,Average Tone,0
2024-01-01,Average Tone,0
2024-01-02,Average Tone,0
2024-01-03,Average Tone,0
2024-01-04,Average Tone,-6.1889
2024-01-05,Average Tone,0
2024-01-06,Average Tone,0
2024-01-07,Average Tone,0
2024-01-08,Average Tone,0
2024-01-09,Average Tone,0
2024-01-10,Average Tone,0
2024-01-11,Average Tone,0
2024-01-12,Average Tone,0
2024-01-13,Average Tone,0
2024-01-14,Average Tone,0
2024-01-15,Average Tone,0
2024-01-16,Average Tone,0
2024-01-17,Average Tone,0
2024-01-18,Average Tone,0
2024-01-19,Average Tone,0
2024-01-20,Average Tone,0
2024-01-21,Average Tone,0
2024-01-22,Average Tone,0
2024-01-23,Average Tone,0
2024-01-24,Average Tone,0
2024-01-25,Average Tone,0
2024-01-26,Average Tone,0
2024-01-27,Average Tone,0
2024-01-28,Average Tone,0
2024-01-29,Average Tone,0
2024-01-30,Average Tone,0
2024-01-31,Average Tone,0
2024-02-01,Average Tone,0
2024-02-02,Average Tone,0
2024-02-03,Average Tone,0
2024-02-04,Average Tone,0
2024-02-05,Average Tone,0
2024-02-06,Average Tone,0
2024-02-07,Average Tone,0
2024-02-08,Average Tone,0
2024-02-09,Average Tone,-4.454
2024-02-10,Average Tone,0
2024-02-11,Average Tone,0
2024-02-12,Average Tone,0
2024-02-13,Average Tone,0
2024-02-14,Average Tone,0
2024-02-15,Average Tone,0
2024-02-16,Average Tone,0
2024-02-17,Average Tone,0
2024-02-18,Average Tone,0
2024-02-19,Average Tone,0
2024-02-20,Average Tone,0
2024-02-21,Average Tone,0
2024-02-22,Average Tone,0
2024-02-23,Average Tone,0
2024-02-24,Average Tone,0
2024-02-25,Average Tone,0
2024-02-26,Average Tone,0
2024-02-27,Average Tone,0
2024-02-28,Average Tone,0
2024-02-29,Average Tone,0
2024-03-01,Average Tone,0
2024-03-02,Average Tone,0
2024-03-03,Average Tone,0
2024-03-04,Average Tone,0
2024-03-05,Average Tone,0
2024-03-06,Average Tone,0
2024-03-07,Average Tone,0
2024-03-08,Average Tone,0
2024-03-09,Average Tone,0
2024-03-10,Average Tone,0
2024-03-11,Average Tone,0
2024-03-12,Average Tone,0
2024-03-13,Average Tone,0
2024-03-14,Average Tone,0
2024-03-15,Average Tone,0
2024-03-16,Average Tone,0
2024-03-17,Average Tone,0
2024-03-18,Average Tone,0
2024-03-19,Average Tone,0
2024-03-20,Average Tone,0
2024-03-21,Average Tone,0
2024-03-22,Average Tone,0
2024-03-23,Average Tone,0
2024-03-24,Average Tone,0
2024-03-25,Average Tone,0
2024-03-26,Average Tone,0
2024-03-27,Average Tone,0
2024-03-28,Average Tone,0
2024-03-29,Average Tone,0
2024-03-30,Average Tone,0
2024-03-31,Average Tone,0
2024-04-01,Average Tone,0
2024-04-02,Average Tone,0
2024-04-03,Average Tone,0
2024-04-04,Average Tone,0
2024-04-05,Average Tone,0
2024-04-06,Average Tone,0
2024-04-07,Average Tone,0
2024-04-08,Average Tone,-1.9841
2024-04-09,Average Tone,0
2024-04-10,Average Tone,0
2024-04-11,Average Tone,0
2024-04-12,Average Tone,0
2024-04-13,Average Tone,0
2024-04-14,Average Tone,0
2024-04-15,Average Tone,0
2024-04-16,Average Tone,0
2024-04-17,Average Tone,0
2024-04-18,Average Tone,0
2024-04-19,Average Tone,0
2024-04-20,Average Tone,0
2024-04-21,Average Tone,0
2024-04-22,Average Tone,0
2024-04-23,Average Tone,0
2024-04-24,Average Tone,0
2024-04-25,Average Tone,0
2024-04-26,Average Tone,0
2024-04-27,Average Tone,0
2024-04-28,Average Tone,0
2024-04-29,Average Tone,0
2024-04-30,Average Tone,0
2024-05-01,Average Tone,0
2024-05-02,Average Tone,0
2024-05-03,Average Tone,0
2024-05-04,Average Tone,0
2024-05-05,Average Tone,0
2024-05-06,Average Tone,0
2024-05-07,Average Tone,0
2024-05-08,Average Tone,0
2024-05-09,Average Tone,0
2024-05-10,Average Tone,0
2024-05-11,Average Tone,0
2024-05-12,Average Tone,0
2024-05-13,Average Tone,0
2024-05-14,Average Tone,-1.4496
2024-05-15,Average Tone,0
2024-05-16,Average Tone,0
2024-05-17,Average Tone,0
2024-05-18,Average Tone,0
2024-05-19,Average Tone,0
2024-05-20,Average Tone,1.0753
2024-05-21,Average Tone,0
2024-05-22,Average Tone,0
2024-05-23,Average Tone,0
2024-05-24,Average Tone,0
2024-05-25,Average Tone,0
2024-05-26,Average Tone,0
2024-05-27,Average Tone,0
2024-05-28,Average Tone,0
2024-05-29,Average Tone,0
2024-05-30,Average Tone,0
2024-05-31,Average Tone,0
2024-06-01,Average Tone,0
2024-06-02,Average Tone,0
2024-06-03,Average Tone,0
2024-06-04,Average Tone,0
2024-06-05,Average Tone,0
2024-06-06,Average Tone,0
2024-06-07,Average Tone,0
2024-06-08,Average Tone,0
2024-06-09,Average Tone,0
2024-06-10,Average Tone,0
2024-06-11,Average Tone,0
2024-06-12,Average Tone,0
2024-06-13,Average Tone,0
2024-06-14,Average Tone,0
2024-06-15,Average Tone,0
2024-06-16,Average Tone,0
2024-06-17,Average Tone,0
2024-06-18,Average Tone,0
2024-06-19,Average Tone,0
2024-06-20,Average Tone,0
2024-06-21,Average Tone,0
2024-06-22,Average Tone,0
2024-06-23,Average Tone,0
2024-06-24,Average Tone,0
2024-06-25,Average Tone,1.006
2024-06-26,Average Tone,0
2024-06-27,Average Tone,0
2024-06-28,Average Tone,0
2024-06-29,Average Tone,0
2024-06-30,Average Tone,0
2024-07-01,Average Tone,-0.3442
2024-07-02,Average Tone,0
2024-07-03,Average Tone,0
2024-07-04,Average Tone,0
2024-07-05,Average Tone,0
2024-07-06,Average Tone,0
2024-07-07,Average Tone,0
2024-07-08,Average Tone,0
2024-07-09,Average Tone,0
2024-07-10,Average Tone,0
2024-07-11,Average Tone,0
2024-07-12,Average Tone,0
2024-07-13,Average Tone,0
2024-07-14,Average Tone,0
2024-07-15,Average Tone,0
2024-07-16,Average Tone,0
2024-07-17,Average Tone,0
2024-07-18,Average Tone,0
2024-07-19,Average Tone,0
2024-07-20,Average Tone,0
2024-07-21,Average Tone,0
2024-07-22,Average Tone,-0.8511
2024-07-23,Average Tone,0
2024-07-24,Average Tone,0
2024-07-25,Average Tone,0
2024-07-26,Average Tone,0
2024-07-27,Average Tone,0
2024-07-28,Average Tone,0
2024-07-29,Average Tone,0
2024-07-30,Average Tone,0
2024-07-31,Average Tone,0
2024-08-01,Average Tone,0
2024-08-02,Average Tone,0
2024-08-03,Average Tone,0
2024-08-04,Average Tone,0
2024-08-05,Average Tone,0
2024-08-06,Average Tone,-4.0108
2024-08-07,Average Tone,0
2024-08-08,Average Tone,0
2024-08-09,Average Tone,0
2024-08-10,Average Tone,0
2024-08-11,Average Tone,0
2024-08-12,Average Tone,0
2024-08-13,Average Tone,0
2024-08-14,Average Tone,0
2024-08-15,Average Tone,0
2024-08-16,Average Tone,0
2024-08-17,Average Tone,0
2024-08-18,Average Tone,0
2024-08-19,Average Tone,0
2024-08-20,Average Tone,0
2024-08-21,Average Tone,0
2024-08-22,Average Tone,0
2024-08-23,Average Tone,0
2024-08-24,Average Tone,0
2024-08-25,Average Tone,0
2024-08-26,Average Tone,0
2024-08-27,Average Tone,0
2024-08-28,Average Tone,0
2024-08-29,Average Tone,0
2024-08-30,Average Tone,0.7212
2024-08-31,Average Tone,0
2024-09-01,Average Tone,0
2024-09-02,Average Tone,0
2024-09-03,Average Tone,0
2024-09-04,Average Tone,0
2024-09-05,Average Tone,0
2024-09-06,Average Tone,0
2024-09-07,Average Tone,0
2024-09-08,Average Tone,0
2024-09-09,Average Tone,-2.1277
2024-09-10,Average Tone,0
2024-09-11,Average Tone,0
2024-09-12,Average Tone,0
2024-09-13,Average Tone,0
2024-09-14,Average Tone,0
2024-09-15,Average Tone,0
2024-09-16,Average Tone,0
2024-09-17,Average Tone,0
2024-09-18,Average Tone,0
2024-09-19,Average Tone,0
2024-09-20,Average Tone,0
2024-09-21,Average Tone,0
2024-09-22,Average Tone,0
2024-09-23,Average Tone,0
2024-09-24,Average Tone,0
2024-09-25,Average Tone,0
2024-09-26,Average Tone,0
2024-09-27,Average Tone,0
2024-09-28,Average Tone,0
2024-09-29,Average Tone,0
2024-09-30,Average Tone,0
2024-10-01,Average Tone,0
2024-10-02,Average Tone,0
2024-10-03,Average Tone,0
2024-10-04,Average Tone,0
2024-10-05,Average Tone,0
2024-10-06,Average Tone,0
2024-10-07,Average Tone,0
2024-10-08,Average Tone,0
2024-10-09,Average Tone,0
2024-10-10,Average Tone,0
2024-10-11,Average Tone,0
2024-10-12,Average Tone,0
2024-10-13,Average Tone,0
2024-10-14,Average Tone,0
2024-10-15,Average Tone,0
2024-10-16,Average Tone,0
2024-10-17,Average Tone,0
2024-10-18,Average Tone,0
2024-10-19,Average Tone,0
2024-10-20,Average Tone,0
2024-10-21,Average Tone,2.7397
2024-10-22,Average Tone,0
2024-10-23,Average Tone,0
2024-10-24,Average Tone,0
2024-10-25,Average Tone,0
2024-10-26,Average Tone,0
2024-10-27,Average Tone,0
2024-10-28,Average Tone,0
2024-10-29,Average Tone,0
2024-10-30,Average Tone,0
2024-10-31,Average Tone,0
2024-11-01,Average Tone,0
2024-11-02,Average Tone,0
2024-11-03,Average Tone,0
2024-11-04,Average Tone,0
2024-11-05,Average Tone,0
2024-11-06,Average Tone,0
2024-11-07,Average Tone,0
2024-11-08,Average Tone,0
2024-11-09,Average Tone,0
2024-11-10,Average Tone,0
2024-11-11,Average Tone,0
2024-11-12,Average Tone,0
2024-11-13,Average Tone,0
2024-11-14,Average Tone,0
2024-11-15,Average Tone,0
2024-11-16,Average Tone,0
2024-11-17,Average Tone,0
2024-11-18,Average Tone,0
2024-11-19,Average Tone,0
2024-11-20,Average Tone,0
2024-11-21,Average Tone,3.7076
2024-11-22,Average Tone,0
2024-11-23,Average Tone,0
2024-11-24,Average Tone,0
2024-11-25,Average Tone,0
2024-11-26,Average Tone,0
2024-11-27,Average Tone,0
2024-11-28,Average Tone,0
2024-11-29,Average Tone,0
2024-11-30,Average Tone,0
2024-12-01,Average Tone,0
2024-12-02,Average Tone,0
2024-12-03,Average Tone,0
2024-12-04,Average Tone,0
2024-12-05,Average Tone,0
2024-12-06,Average Tone,0
2024-12-07,Average Tone,0
2024-12-08,Average Tone,0
2024-12-09,Average Tone,0
2024-12-10,Average Tone,0
2024-12-11,Average Tone,0
2024-12-12,Average Tone,0
2024-12-13,Average Tone,0
2024-12-14,Average Tone,0
2024-12-15,Average Tone,0
2024-12-16,Average Tone,0
2024-12-17,Average Tone,0
2024-12-18,Average Tone,0
2024-12-19,Average Tone,0
2024-12-20,Average Tone,0
2024-12-21,Average Tone,0
2024-12-22,Average Tone,0
2024-12-23,Average Tone,0
2024-12-24,Average Tone,0
2024-12-25,Average Tone,0
2024-12-26,Average Tone,0
2024-12-27,Average Tone,0
2024-12-28,Average Tone,0
2024-12-29,Average Tone,0
2024-12-30,Average Tone,0
2024-12-31,Average Tone,0.5912
2025-01-01,Average Tone,0
2025-01-02,Average Tone,0
2025-01-03,Average Tone,0
2025-01-04,Average Tone,0
2025-01-05,Average Tone,0
2025-01-06,Average Tone,0
2025-01-07,Average Tone,0
2025-01-08,Average Tone,0
2025-01-09,Average Tone,0
2025-01-10,Average Tone,0
2025-01-11,Average Tone,0
2025-01-12,Average Tone,0
2025-01-13,Average Tone,0
2025-01-14,Average Tone,0
2025-01-15,Average Tone,0
2025-01-16,Average Tone,0
2025-01-17,Average Tone,-1.5094
2025-01-18,Average Tone,1.2355
2025-01-19,Average Tone,0
2025-01-20,Average Tone,0
2025-01-21,Average Tone,0
2025-01-22,Average Tone,0
2025-01-23,Average Tone,0
2025-01-24,Average Tone,0
2025-01-25,Average Tone,0
2025-01-26,Average Tone,0
2025-01-27,Average Tone,0
2025-01-28,Average Tone,0
2025-01-29,Average Tone,0
2025-01-30,Average Tone,0
2025-01-31,Average Tone,0
2025-02-01,Average Tone,0
2025-02-02,Average Tone,0
2025-02-03,Average Tone,0
2025-02-04,Average Tone,0
2025-02-05,Average Tone,0
2025-02-06,Average Tone,0
2025-02-07,Average Tone,0
2025-02-08,Average Tone,0
2025-02-09,Average Tone,0
2025-02-10,Average Tone,0
2025-02-11,Average Tone,0
2025-02-12,Average Tone,0
2025-02-13,Average Tone,0
2025-02-14,Average Tone,0
2025-02-15,Average Tone,-0.5806
2025-02-16,Average Tone,0
2025-02-17,Average Tone,0
2025-02-18,Average Tone,0
2025-02-19,Average Tone,0
2025-02-20,Average Tone,0
2025-02-21,Average Tone,0
2025-02-22,Average Tone,0
2025-02-23,Average Tone,0
2025-02-24,Average Tone,0
2025-02-25,Average Tone,0
2025-02-26,Average Tone,0
2025-02-27,Average Tone,0
2025-02-28,Average Tone,0
2025-03-01,Average Tone,0
2025-03-02,Average Tone,0
2025-03-03,Average Tone,0
2025-03-04,Average Tone,0
2025-03-05,Average Tone,0
2025-03-06,Average Tone,0
2025-03-07,Average Tone,0
2025-03-08,Average Tone,0
2025-03-09,Average Tone,0
2025-03-10,Average Tone,0
2025-03-11,Average Tone,0
2025-03-12,Average Tone,0
2025-03-13,Average Tone,0
2025-03-14,Average Tone,0
2025-03-15,Average Tone,0
2025-03-16,Average Tone,0
2025-03-17,Average Tone,0
2025-03-18,Average Tone,0
2025-03-19,Average Tone,0
2025-03-20,Average Tone,0
2025-03-21,Average Tone,0
2025-03-22,Average Tone,0
2025-03-23,Average Tone,0
2025-03-24,Average Tone,0
2025-03-25,Average Tone,0
2025-03-26,Average Tone,0
2025-03-27,Average Tone,0
2025-03-28,Average Tone,0
2025-03-29,Average Tone,0
2025-03-30,Average Tone,0
2025-03-31,Average Tone,0
2025-04-01,Average Tone,0
2025-04-02,Average Tone,0
2025-04-03,Average Tone,0
2025-04-04,Average Tone,0
2025-04-05,Average Tone,0
2025-04-06,Average Tone,0
2025-04-07,Average Tone,0
2025-04-08,Average Tone,0
2025-04-09,Average Tone,0
2025-04-10,Average Tone,0
2025-04-11,Average Tone,0
2025-04-12,Average Tone,0
2025-04-13,Average Tone,0
2025-04-14,Average Tone,0
2025-04-15,Average Tone,0
2025-04-16,Average Tone,0
2025-04-17,Average Tone,0
2025-04-18,Average Tone,0
2025-04-19,Average Tone,0
2025-04-20,Average Tone,0
2025-04-21,Average Tone,0
2025-04-22,Average Tone,0
2025-04-23,Average Tone,0
2025-04-24,Average Tone,0
2025-04-25,Average Tone,0
2025-04-26,Average Tone,0
2025-04-27,Average Tone,0
2025-04-28,Average Tone,0
2025-04-29,Average Tone,0
2025-04-30,Average Tone,0
2025-05-01,Average Tone,0
2025-05-02,Average Tone,0
2025-05-03,Average Tone,0
2025-05-04,Average Tone,0
2025-05-05,Average Tone,0
2025-05-06,Average Tone,0
2025-05-07,Average Tone,0
2025-05-08,Average Tone,0
2025-05-09,Average Tone,0
2025-05-10,Average Tone,0
2025-05-11,Average Tone,0
2025-05-12,Average Tone,0
2025-05-13,Average Tone,0
2025-05-14,Average Tone,0
2025-05-15,Average Tone,0
2025-05-16,Average Tone,0
2025-05-17,Average Tone,0
2025-05-18,Average Tone,0
2025-05-19,Average Tone,0
2025-05-20,Average Tone,0
2025-05-21,Average Tone,0
2025-05-22,Average Tone,0
2025-05-23,Average Tone,0
2025-05-24,Average Tone,0
2025-05-25,Average Tone,0
2025-05-26,Average Tone,0
2025-05-27,Average Tone,0
2025-05-28,Average Tone,0
2025-05-29,Average Tone,0
2025-05-30,Average Tone,0
2025-05-31,Average Tone,0
2025-06-01,Average Tone,0
2025-06-02,Average Tone,0
2025-06-03,Average Tone,0
2025-06-04,Average Tone,0
2025-06-05,Average Tone,0
2025-06-06,Average Tone,0
2025-06-07,Average Tone,0
2025-06-08,Average Tone,0
2025-06-09,Average Tone,0
2025-06-10,Average Tone,0
2025-06-11,Average Tone,0
2025-06-12,Average Tone,0
2025-06-13,Average Tone,0
2025-06-14,Average Tone,0
2025-07-02,Average Tone,0
2025-07-03,Average Tone,0
2025-07-04,Average Tone,0
2025-07-05,Average Tone,0
2025-07-06,Average Tone,0
2025-07-07,Average Tone,0
2025-07-08,Average Tone,0
2025-07-09,Average Tone,0
2025-07-10,Average Tone,0
2025-07-11,Average Tone,0
2025-07-12,Average Tone,0
2025-07-13,Average Tone,0
2025-07-14,Average Tone,0
2025-07-15,Average Tone,0
2025-07-16,Average Tone,0
2025-07-17,Average Tone,0
2025-07-18,Average Tone,0
2025-07-19,Average Tone,0
2025-07-20,Average Tone,0
2025-07-21,Average Tone,0
2025-07-22,Average Tone,0
2025-07-23,Average Tone,0
2025-07-24,Average Tone,0
2025-07-25,Average Tone,0
2025-07-26,Average Tone,0
2025-07-27,Average Tone,0
2025-07-28,Average Tone,0
2025-07-29,Average Tone,0
2025-07-30,Average Tone,0
2025-07-31,Average Tone,0
2025-08-01,Average Tone,0
2025-08-02,Average Tone,0
2025-08-03,Average Tone,0
2025-08-04,Average Tone,0
2025-08-05,Average Tone,0
2025-08-06,Average Tone,0
2025-08-07,Average Tone,0
2025-08-08,Average Tone,0
2025-08-09,Average Tone,0
2025-08-10,Average Tone,0
2025-08-11,Average Tone,0
2025-08-12,Average Tone,-1.4045
2025-08-13,Average Tone,0
2025-08-14,Average Tone,0
2025-08-15,Average Tone,-3.8071
2025-08-16,Average Tone,0
2025-08-17,Average Tone,0
2025-08-18,Average Tone,-0.6838
2025-08-19,Average Tone,-1.9108
2025-08-20,Average Tone,0
2025-08-21,Average Tone,0
2025-08-22,Average Tone,0
2025-08-23,Average Tone,0
2025-08-24,Average Tone,0
2025-08-25,Average Tone,0
2025-08-26,Average Tone,0
2025-08-27,Average Tone,0
2025-08-28,Average Tone,0
2025-08-29,Average Tone,0
2025-08-30,Average Tone,0
2025-08-31,Average Tone,0
2025-09-01,Average Tone,0
2025-09-02,Average Tone,0
2025-09-03,Average Tone,0
2025-09-04,Average Tone,0
2025-09-05,Average Tone,0
2025-09-06,Average Tone,0
2025-09-07,Average Tone,0
2025-09-08,Average Tone,0
2025-09-09,Average Tone,0
2025-09-10,Average Tone,0
2025-09-11,Average Tone,0
2025-09-12,Average Tone,0
2025-09-13,Average Tone,0
2025-09-14,Average Tone,0
2025-09-15,Average Tone,0
2025-09-16,Average Tone,0
2025-09-17,Average Tone,0
2025-09-18,Average Tone,0
2025-09-19,Average Tone,0
2025-09-20,Average Tone,0
2025-09-21,Average Tone,0
2025-09-22,Average Tone,0
2025-09-23,Average Tone,0
2025-09-24,Average Tone,0
2025-09-25,Average Tone,-2.5
2025-09-26,Average Tone,0
2025-09-27,Average Tone,0
2025-09-28,Average Tone,0
2025-09-29,Average Tone,0
2025-09-30,Average Tone,0
2025-10-01,Average Tone,0
2025-10-02,Average Tone,0
2025-10-03,Average Tone,0
2025-10-04,Average Tone,0
2025-10-05,Average Tone,0
2025-10-06,Average Tone,0
2025-10-07,Average Tone,0
2025-10-08,Average Tone,1.0547
2025-10-09,Average Tone,-2.1914
2025-10-10,Average Tone,0
2025-10-11,Average Tone,0
2025-10-12,Average Tone,0
2025-10-13,Average Tone,0
2025-10-14,Average Tone,0.5665
2025-10-15,Average Tone,0
2025-10-16,Average Tone,0.9931
2025-10-17,Average Tone,0
2025-10-18,Average Tone,0
2025-10-19,Average Tone,0
2025-10-20,Average Tone,0
2025-10-21,Average Tone,-1.9676
2025-10-22,Average Tone,0
2025-10-23,Average Tone,0
2025-10-24,Average Tone,0
2025-10-25,Average Tone,0
2025-10-26,Average Tone,0
2025-10-27,Average Tone,0
2025-10-28,Average Tone,0
2025-10-29,Average Tone,0
2025-10-30,Average Tone,1.2204
2025-10-31,Average Tone,-1.3514
2025-11-01,Average Tone,0
2025-11-02,Average Tone,0
2025-11-03,Average Tone,-2.5027
2025-11-04,Average Tone,-1.1089
2025-11-05,Average Tone,0
2025-11-06,Average Tone,-1.7921
2025-11-07,Average Tone,0
2025-11-08,Average Tone,0.8532
2025-11-09,Average Tone,1.6536
2025-11-10,Average Tone,1.3245
2025-11-11,Average Tone,-3.259
2025-11-12,Average Tone,-0.954
2025-11-13,Average Tone,0
2025-11-14,Average Tone,-2.063
2025-11-15,Average Tone,-2.7708
2025-11-16,Average Tone,-1.3097
2025-11-17,Average Tone,-1.7733
2025-11-18,Average Tone,-3.0433
2025-11-19,Average Tone,-2.9774
2025-11-20,Average Tone,-0.8074
2025-11-21,Average Tone,-2.9314
2025-11-22,Average Tone,-1.9258
2025-11-23,Average Tone,-2.6158
2025-11-24,Average Tone,-1.2776
2025-11-25,Average Tone,-1.2263
2025-11-26,Average Tone,0.0164
2025-11-27,Average Tone,-0.7087
2025-11-28,Average Tone,-0.9465
2025-11-29,Average Tone,-2.6346
2025-11-30,Average Tone,-1.1242
2025-12-01,Average Tone,-0.5287
2025-12-02,Average Tone,-0.8723
2025-12-03,Average Tone,-1.8079
2025-12-04,Average Tone,-0.9876
2025-12-05,Average Tone,-1.0715
2025-12-06,Average Tone,0
2025-12-07,Average Tone,-1.3707
2025-12-08,Average Tone,-2.3717
2025-12-09,Average Tone,-0.2734
2025-12-10,Average Tone,-0.751
2025-12-11,Average Tone,-2.0351
2025-12-12,Average Tone,-1.2965
2025-12-13,Average Tone,-1.4683
2025-12-14,Average Tone,-1.8316
2025-12-15,Average Tone,-1.6767
2025-12-16,Average Tone,-0.8998
2025-12-17,Average Tone,-1.1921
2025-12-18,Average Tone,-1.6072
2025-12-19,Average Tone,-0.6602
2025-12-20,Average Tone,-0.4876
2025-12-21,Average Tone,-3.4672
2025-12-22,Average Tone,-1.3784
2025-12-23,Average Tone,-1.7823
2025-12-24,Average Tone,-1.0034
2025-12-25,Average Tone,0.3285
2025-12-26,Average Tone,-2.6205
2025-12-27,Average Tone,-1.4592
2025-12-28,Average Tone,-1.0642
2025-12-29,Average Tone,-0.6577
2025-12-30,Average Tone,-2.001
2025-12-31,Average Tone,-0.8933
2026-01-01,Average Tone,2.3365
2026-01-02,Average Tone,-1.6598
2026-01-03,Average Tone,-0.9407
2026-01-04,Average Tone,-3.1562
2026-01-05,Average Tone,-0.6831
2026-01-06,Average Tone,0.8312
2026-01-07,Average Tone,0.01
2026-01-08,Average Tone,-0.6854
2026-01-09,Average Tone,-1.5958
2026-01-10,Average Tone,-0.4425
2026-01-11,Average Tone,-0.4248
2026-01-12,Average Tone,-0.3944
2026-01-13,Average Tone,-1.2499
2026-01-14,Average Tone,-1.2264
2026-01-15,Average Tone,-0.6325
2026-01-16,Average Tone,-1.3683
2026-01-17,Average Tone,0.2481
2026-01-18,Average Tone,-0.2637
2026-01-19,Average Tone,-0.3144
2026-01-20,Average Tone,0.2112
2026-01-21,Average Tone,-0.131
2026-01-22,Average Tone,-0.0682
2026-01-23,Average Tone,-0.7203
2026-01-24,Average Tone,-0.5633
2026-01-25,Average Tone,0.5365
2026-01-26,Average Tone,-0.7757
2026-01-27,Average Tone,-1.0601
2026-01-28,Average Tone,-0.158
2026-01-29,Average Tone,-0.9279
2026-01-30,Average Tone,-0.3776
2026-01-31,Average Tone,-0.8001
2026-02-01,Average Tone,-0.6565
2026-02-02,Average Tone,0.5336
2026-02-03,Average Tone,-0.8208
2026-02-04,Average Tone,-0.4142
2026-02-05,Average Tone,-0.5724
2026-02-06,Average Tone,-0.6903
2026-02-07,Average Tone,-0.6639
2026-02-08,Average Tone,-0.0353
2026-02-09,Average Tone,0.5412
2026-02-10,Average Tone,-0.5434
2026-02-11,Average Tone,-0.1003
2026-02-12,Average Tone,-1.4818
2026-02-13,Average Tone,-0.0457
2026-02-14,Average Tone,-0.2738
2026-02-15,Average Tone,1.1504
2026-02-16,Average Tone,-1.1606
2026-02-17,Average Tone,-1.406
2026-02-18,Average Tone,-0.8381
2026-02-19,Average Tone,-1.5145
2026-02-20,Average Tone,0.6465
2026-02-21,Average Tone,-0.7043
2026-02-22,Average Tone,-0.7637
2026-02-23,Average Tone,-1.0798
2026-02-24,Average Tone,0.3953
2026-02-25,Average Tone,-0.1675
2026-02-26,Average Tone,0.426
2026-02-27,Average Tone,-1.6613
2026-02-28,Average Tone,0
2026-03-01,Average Tone,-1.0254
2026-03-02,Average Tone,-0.0013
2026-03-03,Average Tone,0.5103
2026-03-04,Average Tone,-0.5977
2026-03-05,Average Tone,0.5344
2026-03-06,Average Tone,-0.3298
2026-03-07,Average Tone,0.7343
2026-03-08,Average Tone,-0.8747
2026-03-09,Average Tone,-0.5879
2026-03-10,Average Tone,-1.0831
2026-03-11,Average Tone,-0.7162
2026-03-12,Average Tone,0.3609
2026-03-13,Average Tone,-0.5612
2026-03-14,Average Tone,0.2423
2026-03-15,Average Tone,4.3482
2026-03-16,Average Tone,-0.2358
2026-03-17,Average Tone,-1.6805
2026-03-18,Average Tone,-0.4016
2026-03-19,Average Tone,-0.5734
2026-03-20,Average Tone,-2.1394
2026-03-21,Average Tone,-0.8939
2026-03-22,Average Tone,0.0542
2026-03-23,Average Tone,1.0682
2026-03-24,Average Tone,-0.6409
2026-03-25,Average Tone,-0.2085
2026-03-26,Average Tone,0.0741
2026-03-27,Average Tone,-0.2799
2026-03-28,Average Tone,-0.7552
2026-03-29,Average Tone,-0.8955
2026-03-30,Average Tone,0.3431
2026-03-31,Average Tone,-0.752
2026-04-01,Average Tone,1.1259
2026-04-02,Average Tone,0.3058
2026-04-03,Average Tone,-0.9239
2026-04-04,Average Tone,0
2026-04-05,Average Tone,1.2493
2026-04-06,Average Tone,-3.264
2026-04-07,Average Tone,-0.7724
2026-04-08,Average Tone,-0.183
2026-04-09,Average Tone,-0.4399
2026-04-10,Average Tone,-1.7952
2026-04-11,Average Tone,-1.126
2026-04-12,Average Tone,0.8846
2026-04-13,Average Tone,-1.011
2026-04-14,Average Tone,-0.3709
2026-04-15,Average Tone,-0.1922
2026-04-16,Average Tone,-0.7499
2026-04-17,Average Tone,0.0939
2026-04-18,Average Tone,0.7117
2026-04-19,Average Tone,-1.5935
2026-04-20,Average Tone,-1.1062
2026-04-21,Average Tone,1.0442
2026-04-22,Average Tone,0.2183
2026-04-23,Average Tone,0.4737
2026-04-24,Average Tone,0.4302
2026-04-25,Average Tone,0.8725
2026-04-26,Average Tone,0.0132
2026-04-27,Average Tone,-0.1436
2026-04-28,Average Tone,-0.3257
2026-04-29,Average Tone,-0.7869
2026-04-30,Average Tone,-0.3466
2026-05-01,Average Tone,0.9356
2026-05-02,Average Tone,-0.1151
2026-05-03,Average Tone,-0.0624
2026-05-04,Average Tone,-0.4363
2026-05-05,Average Tone,-0.3912
2026-05-06,Average Tone,-0.1273
2026-05-07,Average Tone,-0.0745
2026-05-08,Average Tone,-0.841
2026-05-09,Average Tone,0.063
2026-05-10,Average Tone,-0.3672
2026-05-11,Average Tone,-0.6592
2026-05-12,Average Tone,0.4208
2026-05-13,Average Tone,-0.6752
2026-05-14,Average Tone,-1.883
2026-05-15,Average Tone,-0.7477
2026-05-16,Average Tone,-1.3005
2026-05-17,Average Tone,-1.038
2026-05-18,Average Tone,-1.1525
2026-05-19,Average Tone,-0.1546
2026-05-20,Average Tone,-1.0686
2026-05-21,Average Tone,-0.1966
2026-05-22,Average Tone,-0.0514
2026-05-23,Average Tone,0.8791
2026-05-24,Average Tone,-1.2118
2026-05-25,Average Tone,0.6329
2026-05-26,Average Tone,0.4609
2026-05-27,Average Tone,-0.2051
2026-05-28,Average Tone,-0.8491
2026-05-29,Average Tone,0.1273
2026-05-30,Average Tone,0.7432
2026-05-31,Average Tone,0.7733
2026-06-01,Average Tone,-0.9941
2026-06-02,Average Tone,-0.2299
2026-06-03,Average Tone,-0.4965
2026-06-04,Average Tone,-1.2218
2026-06-05,Average Tone,-0.6511
2026-06-06,Average Tone,0.0437
2026-06-07,Average Tone,-0.8551
2026-06-08,Average Tone,-0.6508
2026-06-09,Average Tone,-0.2787
2026-06-10,Average Tone,-0.5163
2026-06-11,Average Tone,0.0949
2026-06-12,Average Tone,-0.3281
2026-06-13,Average Tone,1.4559
2026-06-14,Average Tone,0.5698
2026-06-15,Average Tone,0.2284
2026-06-16,Average Tone,0.4876
2026-06-17,Average Tone,-0.0732
2026-06-18,Average Tone,-0.6107
2026-06-19,Average Tone,-0.6804
2026-06-20,Average Tone,-0.0992
2026-06-21,Average Tone,-0.6964
2026-06-22,Average Tone,-0.3063
2026-06-23,Average Tone,-0.2317
2026-06-24,Average Tone,0.2379
2026-06-25,Average Tone,0.3753
2026-06-26,Average Tone,-0.4443
2026-06-27,Average Tone,-1.0798
2026-06-28,Average Tone,0.8652
2026-06-29,Average Tone,-1.3494
2026-06-30,Average Tone,-1.2417
2026-07-05,Average Tone,0.2376
2026-07-06,Average Tone,-0.2871
2026-07-07,Average Tone,-0.2099
2026-07-08,Average Tone,-1.1074
2026-07-09,Average Tone,-1.1502
2026-07-10,Average Tone,0.5128
2026-07-11,Average Tone,-0.3036
2026-07-12,Average Tone,-0.1035
2026-07-13,Average Tone,-0.8293
2026-07-14,Average Tone,-0.7222
2026-07-15,Average Tone,-0.1738
2026-07-16,Average Tone,-1.0927
2026-07-17,Average Tone,-0.1416
2026-07-18,Average Tone,-0.9373
2026-07-19,Average Tone,-1.83
2026-07-20,Average Tone,-1.2611
2026-07-21,Average Tone,-0.8012
2026-07-22,Average Tone,-0.1901
2026-07-23,Average Tone,-0.1943
2026-07-24,Average Tone,1.477
2026-07-25,Average Tone,-2.1703
2026-07-26,Average Tone,-0.5382
2026-07-27,Average Tone,-0.4524
2026-07-28,Average Tone,-0.1785
2026-07-29,Average Tone,0.1539
2026-07-30,Average Tone,-0.7484
2026-07-31,Average Tone,-0.2468
2026-08-01,Average Tone,0.0615
2026-08-02,Average Tone,-1.5435
2026-08-03,Average Tone,-0.0987
2026-08-04,Average Tone,-0.6625
2026-08-05,Average Tone,-0.3604
2026-08-06,Average Tone,-0.9245
2026-08-07,Average Tone,-0.5131
2026-08-08,Average Tone,-1.016
2026-08-09,Average Tone,-1.0911
2026-08-10,Average Tone,-0.6077
2026-08-11,Average Tone,-0.8688
2026-08-12,Average Tone,0.1989
2026-08-13,Average Tone,-0.0679
2026-08-14,Average Tone,-0.7504
2026-08-15,Average Tone,-0.217
2026-08-16,Average Tone,-0.7352
2026-08-17,Average Tone,-0.1478
2026-08-18,Average Tone,-0.1261
2026-08-19,Average Tone,-0.6581
2026-08-20,Average Tone,-0.2536
2026-08-21,Average Tone,-1.0931
2026-08-22,Average Tone,-0.4114
2026-08-23,Average Tone,-1.4944
2026-08-24,Average Tone,-0.5756
2026-08-25,Average Tone,0.0912
2026-08-26,Average Tone,0.6531
2026-08-27,Average Tone,-0.0127
2026-08-28,Average Tone,-0.2864
2026-08-29,Average Tone,0.3202
2026-08-30,Average Tone,0.8088
2026-08-31,Average Tone,0.689
2026-09-01,Average Tone,0.1379
2026-09-02,Average Tone,0.9372
2026-09-03,Average Tone,0.393
2026-09-04,Average Tone,-0.6314
2026-09-05,Average Tone,1.3254
2026-09-06,Average Tone,0.3334
2026-09-07,Average Tone,-1.1076
2026-09-08,Average Tone,0.8332
2026-09-09,Average Tone,0.5062
2026-09-10,Average Tone,0.2554
2026-09-11,Average Tone,0.5206
2026-09-12,Average Tone,0.8142
2026-09-13,Average Tone,-1.5166
2026-09-20,Average Tone,-0.0214
2026-09-21,Average Tone,-1.234
2026-09-22,Average Tone,-0.8649
2026-09-23,Average Tone,0.1705
2026-09-24,Average Tone,-0.2638
2026-09-25,Average Tone,-0.0284
2026-09-27,Average Tone,1.7258
2026-09-28,Average Tone,-1.5564
2026-09-29,Average Tone,-0.7873
2026-09-30,Average Tone,-1.2898
2026-10-01,Average Tone,-0.0278
2026-10-02,Average Tone,0.8134
2026-10-06,Average Tone,0
