date,dataset,series,price,currency,unit,url_of_snapshot
1971-12-31,costs-of-66-different-technologies-over-time,dram,49.61795,USD (per PCDB; see metadata),various units,https://ourworldindata.org/grapher/costs-of-66-different-technologies-over-time
1972-12-31,costs-of-66-different-technologies-over-time,dram,32.92767,USD (per PCDB; see metadata),various units,https://ourworldindata.org/grapher/costs-of-66-different-technologies-over-time
1973-12-31,costs-of-66-different-technologies-over-time,dram,25.125942,USD (per PCDB; see metadata),various units,https://ourworldindata.org/grapher/costs-of-66-different-technologies-over-time
1974-12-31,costs-of-66-different-technologies-over-time,dram,15.600886,USD (per PCDB; see metadata),various units,https://ourworldindata.org/grapher/costs-of-66-different-technologies-over-time
1975-12-31,costs-of-66-different-technologies-over-time,dram,7.2998223,USD (per PCDB; see metadata),various units,https://ourworldindata.org/grapher/costs-of-66-different-technologies-over-time
1976-12-31,costs-of-66-different-technologies-over-time,dram,3.6245968,USD (per PCDB; see metadata),various units,https://ourworldindata.org/grapher/costs-of-66-different-technologies-over-time
1977-12-31,costs-of-66-different-technologies-over-time,dram,2.0430055,USD (per PCDB; see metadata),various units,https://ourworldindata.org/grapher/costs-of-66-different-technologies-over-time
1978-12-31,costs-of-66-different-technologies-over-time,dram,1.2390244,USD (per PCDB; see metadata),various units,https://ourworldindata.org/grapher/costs-of-66-different-technologies-over-time
1979-12-31,costs-of-66-different-technologies-over-time,dram,0.901531,USD (per PCDB; see metadata),various units,https://ourworldindata.org/grapher/costs-of-66-different-technologies-over-time
1980-12-31,costs-of-66-different-technologies-over-time,dram,0.63816273,USD (per PCDB; see metadata),various units,https://ourworldindata.org/grapher/costs-of-66-different-technologies-over-time
1981-12-31,costs-of-66-different-technologies-over-time,dram,0.27037972,USD (per PCDB; see metadata),various units,https://ourworldindata.org/grapher/costs-of-66-different-technologies-over-time
1982-12-31,costs-of-66-different-technologies-over-time,dram,0.14835022,USD (per PCDB; see metadata),various units,https://ourworldindata.org/grapher/costs-of-66-different-technologies-over-time
1983-12-31,costs-of-66-different-technologies-over-time,dram,0.110235974,USD (per PCDB; see metadata),various units,https://ourworldindata.org/grapher/costs-of-66-different-technologies-over-time
1984-12-31,costs-of-66-different-technologies-over-time,dram,0.0876262,USD (per PCDB; see metadata),various units,https://ourworldindata.org/grapher/costs-of-66-different-technologies-over-time
1985-12-31,costs-of-66-different-technologies-over-time,dram,0.027144296,USD (per PCDB; see metadata),various units,https://ourworldindata.org/grapher/costs-of-66-different-technologies-over-time
1986-12-31,costs-of-66-different-technologies-over-time,dram,0.016425557,USD (per PCDB; see metadata),various units,https://ourworldindata.org/grapher/costs-of-66-different-technologies-over-time
1987-12-31,costs-of-66-different-technologies-over-time,dram,0.015803998,USD (per PCDB; see metadata),various units,https://ourworldindata.org/grapher/costs-of-66-different-technologies-over-time
1988-12-31,costs-of-66-different-technologies-over-time,dram,0.022024974,USD (per PCDB; see metadata),various units,https://ourworldindata.org/grapher/costs-of-66-different-technologies-over-time
1989-12-31,costs-of-66-different-technologies-over-time,dram,0.01900752,USD (per PCDB; see metadata),various units,https://ourworldindata.org/grapher/costs-of-66-different-technologies-over-time
1990-12-31,costs-of-66-different-technologies-over-time,dram,0.008998422,USD (per PCDB; see metadata),various units,https://ourworldindata.org/grapher/costs-of-66-different-technologies-over-time
1991-12-31,costs-of-66-different-technologies-over-time,dram,0.005673695,USD (per PCDB; see metadata),various units,https://ourworldindata.org/grapher/costs-of-66-different-technologies-over-time
1992-12-31,costs-of-66-different-technologies-over-time,dram,0.003908046,USD (per PCDB; see metadata),various units,https://ourworldindata.org/grapher/costs-of-66-different-technologies-over-time
1993-12-31,costs-of-66-different-technologies-over-time,dram,0.003998369,USD (per PCDB; see metadata),various units,https://ourworldindata.org/grapher/costs-of-66-different-technologies-over-time
1994-12-31,costs-of-66-different-technologies-over-time,dram,0.003901705,USD (per PCDB; see metadata),various units,https://ourworldindata.org/grapher/costs-of-66-different-technologies-over-time
1995-12-31,costs-of-66-different-technologies-over-time,dram,0.003850863,USD (per PCDB; see metadata),various units,https://ourworldindata.org/grapher/costs-of-66-different-technologies-over-time
1996-12-31,costs-of-66-different-technologies-over-time,dram,0.001295655,USD (per PCDB; see metadata),various units,https://ourworldindata.org/grapher/costs-of-66-different-technologies-over-time
1997-12-31,costs-of-66-different-technologies-over-time,dram,0.00051369,USD (per PCDB; see metadata),various units,https://ourworldindata.org/grapher/costs-of-66-different-technologies-over-time
1998-12-31,costs-of-66-different-technologies-over-time,dram,0.000192708,USD (per PCDB; see metadata),various units,https://ourworldindata.org/grapher/costs-of-66-different-technologies-over-time
1999-12-31,costs-of-66-different-technologies-over-time,dram,0.000162376,USD (per PCDB; see metadata),various units,https://ourworldindata.org/grapher/costs-of-66-different-technologies-over-time
2000-12-31,costs-of-66-different-technologies-over-time,dram,0.000123933,USD (per PCDB; see metadata),various units,https://ourworldindata.org/grapher/costs-of-66-different-technologies-over-time
2001-12-31,costs-of-66-different-technologies-over-time,dram,2.95e-05,USD (per PCDB; see metadata),various units,https://ourworldindata.org/grapher/costs-of-66-different-technologies-over-time
2002-12-31,costs-of-66-different-technologies-over-time,dram,2.81e-05,USD (per PCDB; see metadata),various units,https://ourworldindata.org/grapher/costs-of-66-different-technologies-over-time
2003-12-31,costs-of-66-different-technologies-over-time,dram,2.15e-05,USD (per PCDB; see metadata),various units,https://ourworldindata.org/grapher/costs-of-66-different-technologies-over-time
2004-12-31,costs-of-66-different-technologies-over-time,dram,2.1e-05,USD (per PCDB; see metadata),various units,https://ourworldindata.org/grapher/costs-of-66-different-technologies-over-time
2005-12-31,costs-of-66-different-technologies-over-time,dram,1.28e-05,USD (per PCDB; see metadata),various units,https://ourworldindata.org/grapher/costs-of-66-different-technologies-over-time
2006-12-31,costs-of-66-different-technologies-over-time,dram,1.11e-05,USD (per PCDB; see metadata),various units,https://ourworldindata.org/grapher/costs-of-66-different-technologies-over-time
2007-12-31,costs-of-66-different-technologies-over-time,dram,5.24e-06,USD (per PCDB; see metadata),various units,https://ourworldindata.org/grapher/costs-of-66-different-technologies-over-time
1988-12-31,costs-of-66-different-technologies-over-time,hard disk drive,17.22791,USD (per PCDB; see metadata),various units,https://ourworldindata.org/grapher/costs-of-66-different-technologies-over-time
1989-12-31,costs-of-66-different-technologies-over-time,hard disk drive,13.382683,USD (per PCDB; see metadata),various units,https://ourworldindata.org/grapher/costs-of-66-different-technologies-over-time
1990-12-31,costs-of-66-different-technologies-over-time,hard disk drive,9.504864,USD (per PCDB; see metadata),various units,https://ourworldindata.org/grapher/costs-of-66-different-technologies-over-time
1991-12-31,costs-of-66-different-technologies-over-time,hard disk drive,6.9975767,USD (per PCDB; see metadata),various units,https://ourworldindata.org/grapher/costs-of-66-different-technologies-over-time
1992-12-31,costs-of-66-different-technologies-over-time,hard disk drive,3.92598,USD (per PCDB; see metadata),various units,https://ourworldindata.org/grapher/costs-of-66-different-technologies-over-time
1993-12-31,costs-of-66-different-technologies-over-time,hard disk drive,1.8705058,USD (per PCDB; see metadata),various units,https://ourworldindata.org/grapher/costs-of-66-different-technologies-over-time
1994-12-31,costs-of-66-different-technologies-over-time,hard disk drive,0.8832718,USD (per PCDB; see metadata),various units,https://ourworldindata.org/grapher/costs-of-66-different-technologies-over-time
1995-12-31,costs-of-66-different-technologies-over-time,hard disk drive,0.40504888,USD (per PCDB; see metadata),various units,https://ourworldindata.org/grapher/costs-of-66-different-technologies-over-time
1996-12-31,costs-of-66-different-technologies-over-time,hard disk drive,0.21606518,USD (per PCDB; see metadata),various units,https://ourworldindata.org/grapher/costs-of-66-different-technologies-over-time
1997-12-31,costs-of-66-different-technologies-over-time,hard disk drive,0.11120262,USD (per PCDB; see metadata),various units,https://ourworldindata.org/grapher/costs-of-66-different-technologies-over-time
1998-12-31,costs-of-66-different-technologies-over-time,hard disk drive,0.040066604,USD (per PCDB; see metadata),various units,https://ourworldindata.org/grapher/costs-of-66-different-technologies-over-time
1999-12-31,costs-of-66-different-technologies-over-time,hard disk drive,0.018487629,USD (per PCDB; see metadata),various units,https://ourworldindata.org/grapher/costs-of-66-different-technologies-over-time
2000-12-31,costs-of-66-different-technologies-over-time,hard disk drive,0.009924938,USD (per PCDB; see metadata),various units,https://ourworldindata.org/grapher/costs-of-66-different-technologies-over-time
2001-12-31,costs-of-66-different-technologies-over-time,hard disk drive,0.006980927,USD (per PCDB; see metadata),various units,https://ourworldindata.org/grapher/costs-of-66-different-technologies-over-time
2002-12-31,costs-of-66-different-technologies-over-time,hard disk drive,0.001892621,USD (per PCDB; see metadata),various units,https://ourworldindata.org/grapher/costs-of-66-different-technologies-over-time
2003-12-31,costs-of-66-different-technologies-over-time,hard disk drive,0.001963277,USD (per PCDB; see metadata),various units,https://ourworldindata.org/grapher/costs-of-66-different-technologies-over-time
2004-12-31,costs-of-66-different-technologies-over-time,hard disk drive,0.001094871,USD (per PCDB; see metadata),various units,https://ourworldindata.org/grapher/costs-of-66-different-technologies-over-time
2005-12-31,costs-of-66-different-technologies-over-time,hard disk drive,0.0006954,USD (per PCDB; see metadata),various units,https://ourworldindata.org/grapher/costs-of-66-different-technologies-over-time
2006-12-31,costs-of-66-different-technologies-over-time,hard disk drive,0.000342648,USD (per PCDB; see metadata),various units,https://ourworldindata.org/grapher/costs-of-66-different-technologies-over-time
2007-12-31,costs-of-66-different-technologies-over-time,hard disk drive,0.000307196,USD (per PCDB; see metadata),various units,https://ourworldindata.org/grapher/costs-of-66-different-technologies-over-time
1968-12-31,costs-of-66-different-technologies-over-time,transistor,4.6785893,USD (per PCDB; see metadata),various units,https://ourworldindata.org/grapher/costs-of-66-different-technologies-over-time
1969-12-31,costs-of-66-different-technologies-over-time,transistor,3.5673966,USD (per PCDB; see metadata),various units,https://ourworldindata.org/grapher/costs-of-66-different-technologies-over-time
1970-12-31,costs-of-66-different-technologies-over-time,transistor,2.1555321,USD (per PCDB; see metadata),various units,https://ourworldindata.org/grapher/costs-of-66-different-technologies-over-time
1971-12-31,costs-of-66-different-technologies-over-time,transistor,1.1030275,USD (per PCDB; see metadata),various units,https://ourworldindata.org/grapher/costs-of-66-different-technologies-over-time
1972-12-31,costs-of-66-different-technologies-over-time,transistor,0.58968914,USD (per PCDB; see metadata),various units,https://ourworldindata.org/grapher/costs-of-66-different-technologies-over-time
1973-12-31,costs-of-66-different-technologies-over-time,transistor,0.32748535,USD (per PCDB; see metadata),various units,https://ourworldindata.org/grapher/costs-of-66-different-technologies-over-time
1974-12-31,costs-of-66-different-technologies-over-time,transistor,0.19550739,USD (per PCDB; see metadata),various units,https://ourworldindata.org/grapher/costs-of-66-different-technologies-over-time
1975-12-31,costs-of-66-different-technologies-over-time,transistor,0.06501976,USD (per PCDB; see metadata),various units,https://ourworldindata.org/grapher/costs-of-66-different-technologies-over-time
1976-12-31,costs-of-66-different-technologies-over-time,transistor,0.032767452,USD (per PCDB; see metadata),various units,https://ourworldindata.org/grapher/costs-of-66-different-technologies-over-time
1977-12-31,costs-of-66-different-technologies-over-time,transistor,0.018281465,USD (per PCDB; see metadata),various units,https://ourworldindata.org/grapher/costs-of-66-different-technologies-over-time
1978-12-31,costs-of-66-different-technologies-over-time,transistor,0.010952251,USD (per PCDB; see metadata),various units,https://ourworldindata.org/grapher/costs-of-66-different-technologies-over-time
1979-12-31,costs-of-66-different-technologies-over-time,transistor,0.005058634,USD (per PCDB; see metadata),various units,https://ourworldindata.org/grapher/costs-of-66-different-technologies-over-time
1980-12-31,costs-of-66-different-technologies-over-time,transistor,0.002938864,USD (per PCDB; see metadata),various units,https://ourworldindata.org/grapher/costs-of-66-different-technologies-over-time
1981-12-31,costs-of-66-different-technologies-over-time,transistor,0.001370008,USD (per PCDB; see metadata),various units,https://ourworldindata.org/grapher/costs-of-66-different-technologies-over-time
1982-12-31,costs-of-66-different-technologies-over-time,transistor,0.000668019,USD (per PCDB; see metadata),various units,https://ourworldindata.org/grapher/costs-of-66-different-technologies-over-time
1983-12-31,costs-of-66-different-technologies-over-time,transistor,0.00048377,USD (per PCDB; see metadata),various units,https://ourworldindata.org/grapher/costs-of-66-different-technologies-over-time
1984-12-31,costs-of-66-different-technologies-over-time,transistor,0.000437762,USD (per PCDB; see metadata),various units,https://ourworldindata.org/grapher/costs-of-66-different-technologies-over-time
1985-12-31,costs-of-66-different-technologies-over-time,transistor,0.000197308,USD (per PCDB; see metadata),various units,https://ourworldindata.org/grapher/costs-of-66-different-technologies-over-time
1986-12-31,costs-of-66-different-technologies-over-time,transistor,0.000140079,USD (per PCDB; see metadata),various units,https://ourworldindata.org/grapher/costs-of-66-different-technologies-over-time
1987-12-31,costs-of-66-different-technologies-over-time,transistor,9.84e-05,USD (per PCDB; see metadata),various units,https://ourworldindata.org/grapher/costs-of-66-different-technologies-over-time
1988-12-31,costs-of-66-different-technologies-over-time,transistor,7.59e-05,USD (per PCDB; see metadata),various units,https://ourworldindata.org/grapher/costs-of-66-different-technologies-over-time
1989-12-31,costs-of-66-different-technologies-over-time,transistor,3.91e-05,USD (per PCDB; see metadata),various units,https://ourworldindata.org/grapher/costs-of-66-different-technologies-over-time
1990-12-31,costs-of-66-different-technologies-over-time,transistor,2.24e-05,USD (per PCDB; see metadata),various units,https://ourworldindata.org/grapher/costs-of-66-different-technologies-over-time
1991-12-31,costs-of-66-different-technologies-over-time,transistor,1.5e-05,USD (per PCDB; see metadata),various units,https://ourworldindata.org/grapher/costs-of-66-different-technologies-over-time
1992-12-31,costs-of-66-different-technologies-over-time,transistor,1.04e-05,USD (per PCDB; see metadata),various units,https://ourworldindata.org/grapher/costs-of-66-different-technologies-over-time
1993-12-31,costs-of-66-different-technologies-over-time,transistor,9.04e-06,USD (per PCDB; see metadata),various units,https://ourworldindata.org/grapher/costs-of-66-different-technologies-over-time
1994-12-31,costs-of-66-different-technologies-over-time,transistor,7.63e-06,USD (per PCDB; see metadata),various units,https://ourworldindata.org/grapher/costs-of-66-different-technologies-over-time
1995-12-31,costs-of-66-different-technologies-over-time,transistor,6.7e-06,USD (per PCDB; see metadata),various units,https://ourworldindata.org/grapher/costs-of-66-different-technologies-over-time
1996-12-31,costs-of-66-different-technologies-over-time,transistor,4.2e-06,USD (per PCDB; see metadata),various units,https://ourworldindata.org/grapher/costs-of-66-different-technologies-over-time
1997-12-31,costs-of-66-different-technologies-over-time,transistor,2.37e-06,USD (per PCDB; see metadata),various units,https://ourworldindata.org/grapher/costs-of-66-different-technologies-over-time
1998-12-31,costs-of-66-different-technologies-over-time,transistor,1.17e-06,USD (per PCDB; see metadata),various units,https://ourworldindata.org/grapher/costs-of-66-different-technologies-over-time
1999-12-31,costs-of-66-different-technologies-over-time,transistor,8.32e-07,USD (per PCDB; see metadata),various units,https://ourworldindata.org/grapher/costs-of-66-different-technologies-over-time
2000-12-31,costs-of-66-different-technologies-over-time,transistor,6.67e-07,USD (per PCDB; see metadata),various units,https://ourworldindata.org/grapher/costs-of-66-different-technologies-over-time
2001-12-31,costs-of-66-different-technologies-over-time,transistor,2.87e-07,USD (per PCDB; see metadata),various units,https://ourworldindata.org/grapher/costs-of-66-different-technologies-over-time
2002-12-31,costs-of-66-different-technologies-over-time,transistor,1.95e-07,USD (per PCDB; see metadata),various units,https://ourworldindata.org/grapher/costs-of-66-different-technologies-over-time
2003-12-31,costs-of-66-different-technologies-over-time,transistor,1.49e-07,USD (per PCDB; see metadata),various units,https://ourworldindata.org/grapher/costs-of-66-different-technologies-over-time
2004-12-31,costs-of-66-different-technologies-over-time,transistor,1.14e-07,USD (per PCDB; see metadata),various units,https://ourworldindata.org/grapher/costs-of-66-different-technologies-over-time
2005-12-31,costs-of-66-different-technologies-over-time,transistor,4.6e-08,USD (per PCDB; see metadata),various units,https://ourworldindata.org/grapher/costs-of-66-different-technologies-over-time
1956-12-31,historical-cost-of-computer-memory-and-storage,disk,87539016000.0,USD (constant 2020),"US$ per TB, running minimum to date",https://ourworldindata.org/grapher/historical-cost-of-computer-memory-and-storage
1959-12-31,historical-cost-of-computer-memory-and-storage,disk,67593253000.0,USD (constant 2020),"US$ per TB, running minimum to date",https://ourworldindata.org/grapher/historical-cost-of-computer-memory-and-storage
1960-12-31,historical-cost-of-computer-memory-and-storage,disk,31477012000.0,USD (constant 2020),"US$ per TB, running minimum to date",https://ourworldindata.org/grapher/historical-cost-of-computer-memory-and-storage
1964-12-31,historical-cost-of-computer-memory-and-storage,disk,29376050000.0,USD (constant 2020),"US$ per TB, running minimum to date",https://ourworldindata.org/grapher/historical-cost-of-computer-memory-and-storage
1966-12-31,historical-cost-of-computer-memory-and-storage,disk,8365506600.0,USD (constant 2020),"US$ per TB, running minimum to date",https://ourworldindata.org/grapher/historical-cost-of-computer-memory-and-storage
1970-12-31,historical-cost-of-computer-memory-and-storage,disk,1732299500.0,USD (constant 2020),"US$ per TB, running minimum to date",https://ourworldindata.org/grapher/historical-cost-of-computer-memory-and-storage
1973-12-31,historical-cost-of-computer-memory-and-storage,disk,1513811200.0,USD (constant 2020),"US$ per TB, running minimum to date",https://ourworldindata.org/grapher/historical-cost-of-computer-memory-and-storage
1974-12-31,historical-cost-of-computer-memory-and-storage,disk,971197500.0,USD (constant 2020),"US$ per TB, running minimum to date",https://ourworldindata.org/grapher/historical-cost-of-computer-memory-and-storage
1975-12-31,historical-cost-of-computer-memory-and-storage,disk,889963500.0,USD (constant 2020),"US$ per TB, running minimum to date",https://ourworldindata.org/grapher/historical-cost-of-computer-memory-and-storage
1979-12-31,historical-cost-of-computer-memory-and-storage,disk,659504640.0,USD (constant 2020),"US$ per TB, running minimum to date",https://ourworldindata.org/grapher/historical-cost-of-computer-memory-and-storage
1980-12-31,historical-cost-of-computer-memory-and-storage,disk,581068400.0,USD (constant 2020),"US$ per TB, running minimum to date",https://ourworldindata.org/grapher/historical-cost-of-computer-memory-and-storage
1981-12-31,historical-cost-of-computer-memory-and-storage,disk,526733060.0,USD (constant 2020),"US$ per TB, running minimum to date",https://ourworldindata.org/grapher/historical-cost-of-computer-memory-and-storage
1982-12-31,historical-cost-of-computer-memory-and-storage,disk,496166180.0,USD (constant 2020),"US$ per TB, running minimum to date",https://ourworldindata.org/grapher/historical-cost-of-computer-memory-and-storage
1983-12-31,historical-cost-of-computer-memory-and-storage,disk,311560640.0,USD (constant 2020),"US$ per TB, running minimum to date",https://ourworldindata.org/grapher/historical-cost-of-computer-memory-and-storage
1984-12-31,historical-cost-of-computer-memory-and-storage,disk,93411096.0,USD (constant 2020),"US$ per TB, running minimum to date",https://ourworldindata.org/grapher/historical-cost-of-computer-memory-and-storage
1985-12-31,historical-cost-of-computer-memory-and-storage,disk,75509450.0,USD (constant 2020),"US$ per TB, running minimum to date",https://ourworldindata.org/grapher/historical-cost-of-computer-memory-and-storage
1986-12-31,historical-cost-of-computer-memory-and-storage,disk,43568096.0,USD (constant 2020),"US$ per TB, running minimum to date",https://ourworldindata.org/grapher/historical-cost-of-computer-memory-and-storage
1987-12-31,historical-cost-of-computer-memory-and-storage,disk,34098050.0,USD (constant 2020),"US$ per TB, running minimum to date",https://ourworldindata.org/grapher/historical-cost-of-computer-memory-and-storage
1988-12-31,historical-cost-of-computer-memory-and-storage,disk,21804590.0,USD (constant 2020),"US$ per TB, running minimum to date",https://ourworldindata.org/grapher/historical-cost-of-computer-memory-and-storage
1989-12-31,historical-cost-of-computer-memory-and-storage,disk,15619105.0,USD (constant 2020),"US$ per TB, running minimum to date",https://ourworldindata.org/grapher/historical-cost-of-computer-memory-and-storage
1990-12-31,historical-cost-of-computer-memory-and-storage,disk,6473702.5,USD (constant 2020),"US$ per TB, running minimum to date",https://ourworldindata.org/grapher/historical-cost-of-computer-memory-and-storage
1991-12-31,historical-cost-of-computer-memory-and-storage,disk,5305435.5,USD (constant 2020),"US$ per TB, running minimum to date",https://ourworldindata.org/grapher/historical-cost-of-computer-memory-and-storage
1992-12-31,historical-cost-of-computer-memory-and-storage,disk,2581653.8,USD (constant 2020),"US$ per TB, running minimum to date",https://ourworldindata.org/grapher/historical-cost-of-computer-memory-and-storage
1993-12-31,historical-cost-of-computer-memory-and-storage,disk,1285597.1,USD (constant 2020),"US$ per TB, running minimum to date",https://ourworldindata.org/grapher/historical-cost-of-computer-memory-and-storage
1994-12-31,historical-cost-of-computer-memory-and-storage,disk,756563.3,USD (constant 2020),"US$ per TB, running minimum to date",https://ourworldindata.org/grapher/historical-cost-of-computer-memory-and-storage
1995-12-31,historical-cost-of-computer-memory-and-storage,disk,363161.03,USD (constant 2020),"US$ per TB, running minimum to date",https://ourworldindata.org/grapher/historical-cost-of-computer-memory-and-storage
1996-12-31,historical-cost-of-computer-memory-and-storage,disk,210479.83,USD (constant 2020),"US$ per TB, running minimum to date",https://ourworldindata.org/grapher/historical-cost-of-computer-memory-and-storage
1997-12-31,historical-cost-of-computer-memory-and-storage,disk,78025.63,USD (constant 2020),"US$ per TB, running minimum to date",https://ourworldindata.org/grapher/historical-cost-of-computer-memory-and-storage
1998-12-31,historical-cost-of-computer-memory-and-storage,disk,39446.848,USD (constant 2020),"US$ per TB, running minimum to date",https://ourworldindata.org/grapher/historical-cost-of-computer-memory-and-storage
1999-12-31,historical-cost-of-computer-memory-and-storage,disk,13728.494,USD (constant 2020),"US$ per TB, running minimum to date",https://ourworldindata.org/grapher/historical-cost-of-computer-memory-and-storage
2000-12-31,historical-cost-of-computer-memory-and-storage,disk,6119.5728,USD (constant 2020),"US$ per TB, running minimum to date",https://ourworldindata.org/grapher/historical-cost-of-computer-memory-and-storage
2001-12-31,historical-cost-of-computer-memory-and-storage,disk,3784.983,USD (constant 2020),"US$ per TB, running minimum to date",https://ourworldindata.org/grapher/historical-cost-of-computer-memory-and-storage
2002-12-31,historical-cost-of-computer-memory-and-storage,disk,1750.348,USD (constant 2020),"US$ per TB, running minimum to date",https://ourworldindata.org/grapher/historical-cost-of-computer-memory-and-storage
2003-12-31,historical-cost-of-computer-memory-and-storage,disk,1054.8236,USD (constant 2020),"US$ per TB, running minimum to date",https://ourworldindata.org/grapher/historical-cost-of-computer-memory-and-storage
2004-12-31,historical-cost-of-computer-memory-and-storage,disk,834.9087,USD (constant 2020),"US$ per TB, running minimum to date",https://ourworldindata.org/grapher/historical-cost-of-computer-memory-and-storage
2005-12-31,historical-cost-of-computer-memory-and-storage,disk,538.3613,USD (constant 2020),"US$ per TB, running minimum to date",https://ourworldindata.org/grapher/historical-cost-of-computer-memory-and-storage
2006-12-31,historical-cost-of-computer-memory-and-storage,disk,280.7894,USD (constant 2020),"US$ per TB, running minimum to date",https://ourworldindata.org/grapher/historical-cost-of-computer-memory-and-storage
2007-12-31,historical-cost-of-computer-memory-and-storage,disk,249.62152,USD (constant 2020),"US$ per TB, running minimum to date",https://ourworldindata.org/grapher/historical-cost-of-computer-memory-and-storage
2008-12-31,historical-cost-of-computer-memory-and-storage,disk,120.195786,USD (constant 2020),"US$ per TB, running minimum to date",https://ourworldindata.org/grapher/historical-cost-of-computer-memory-and-storage
2009-12-31,historical-cost-of-computer-memory-and-storage,disk,84.43383,USD (constant 2020),"US$ per TB, running minimum to date",https://ourworldindata.org/grapher/historical-cost-of-computer-memory-and-storage
2010-12-31,historical-cost-of-computer-memory-and-storage,disk,53.41057,USD (constant 2020),"US$ per TB, running minimum to date",https://ourworldindata.org/grapher/historical-cost-of-computer-memory-and-storage
2011-12-31,historical-cost-of-computer-memory-and-storage,disk,42.180378,USD (constant 2020),"US$ per TB, running minimum to date",https://ourworldindata.org/grapher/historical-cost-of-computer-memory-and-storage
2012-12-31,historical-cost-of-computer-memory-and-storage,disk,41.325172,USD (constant 2020),"US$ per TB, running minimum to date",https://ourworldindata.org/grapher/historical-cost-of-computer-memory-and-storage
2013-12-31,historical-cost-of-computer-memory-and-storage,disk,40.728596,USD (constant 2020),"US$ per TB, running minimum to date",https://ourworldindata.org/grapher/historical-cost-of-computer-memory-and-storage
2014-12-31,historical-cost-of-computer-memory-and-storage,disk,38.263657,USD (constant 2020),"US$ per TB, running minimum to date",https://ourworldindata.org/grapher/historical-cost-of-computer-memory-and-storage
2015-12-31,historical-cost-of-computer-memory-and-storage,disk,30.934978,USD (constant 2020),"US$ per TB, running minimum to date",https://ourworldindata.org/grapher/historical-cost-of-computer-memory-and-storage
2016-12-31,historical-cost-of-computer-memory-and-storage,disk,29.870232,USD (constant 2020),"US$ per TB, running minimum to date",https://ourworldindata.org/grapher/historical-cost-of-computer-memory-and-storage
2017-12-31,historical-cost-of-computer-memory-and-storage,disk,26.396357,USD (constant 2020),"US$ per TB, running minimum to date",https://ourworldindata.org/grapher/historical-cost-of-computer-memory-and-storage
2018-12-31,historical-cost-of-computer-memory-and-storage,disk,24.086998,USD (constant 2020),"US$ per TB, running minimum to date",https://ourworldindata.org/grapher/historical-cost-of-computer-memory-and-storage
2019-12-31,historical-cost-of-computer-memory-and-storage,disk,18.981318,USD (constant 2020),"US$ per TB, running minimum to date",https://ourworldindata.org/grapher/historical-cost-of-computer-memory-and-storage
2020-12-31,historical-cost-of-computer-memory-and-storage,disk,16.25,USD (constant 2020),"US$ per TB, running minimum to date",https://ourworldindata.org/grapher/historical-cost-of-computer-memory-and-storage
2021-12-31,historical-cost-of-computer-memory-and-storage,disk,15.520827,USD (constant 2020),"US$ per TB, running minimum to date",https://ourworldindata.org/grapher/historical-cost-of-computer-memory-and-storage
2022-12-31,historical-cost-of-computer-memory-and-storage,disk,12.637437,USD (constant 2020),"US$ per TB, running minimum to date",https://ourworldindata.org/grapher/historical-cost-of-computer-memory-and-storage
2023-12-31,historical-cost-of-computer-memory-and-storage,disk,10.617382,USD (constant 2020),"US$ per TB, running minimum to date",https://ourworldindata.org/grapher/historical-cost-of-computer-memory-and-storage
2003-12-31,historical-cost-of-computer-memory-and-storage,flash,269228.5,USD (constant 2020),"US$ per TB, running minimum to date",https://ourworldindata.org/grapher/historical-cost-of-computer-memory-and-storage
2004-12-31,historical-cost-of-computer-memory-and-storage,flash,262244.8,USD (constant 2020),"US$ per TB, running minimum to date",https://ourworldindata.org/grapher/historical-cost-of-computer-memory-and-storage
2005-12-31,historical-cost-of-computer-memory-and-storage,flash,100916.87,USD (constant 2020),"US$ per TB, running minimum to date",https://ourworldindata.org/grapher/historical-cost-of-computer-memory-and-storage
2006-12-31,historical-cost-of-computer-memory-and-storage,flash,18792.9,USD (constant 2020),"US$ per TB, running minimum to date",https://ourworldindata.org/grapher/historical-cost-of-computer-memory-and-storage
2007-12-31,historical-cost-of-computer-memory-and-storage,flash,9139.283,USD (constant 2020),"US$ per TB, running minimum to date",https://ourworldindata.org/grapher/historical-cost-of-computer-memory-and-storage
2008-12-31,historical-cost-of-computer-memory-and-storage,flash,2200.7043,USD (constant 2020),"US$ per TB, running minimum to date",https://ourworldindata.org/grapher/historical-cost-of-computer-memory-and-storage
2009-12-31,historical-cost-of-computer-memory-and-storage,flash,1950.483,USD (constant 2020),"US$ per TB, running minimum to date",https://ourworldindata.org/grapher/historical-cost-of-computer-memory-and-storage
2010-12-31,historical-cost-of-computer-memory-and-storage,flash,1412.2704,USD (constant 2020),"US$ per TB, running minimum to date",https://ourworldindata.org/grapher/historical-cost-of-computer-memory-and-storage
2011-12-31,historical-cost-of-computer-memory-and-storage,flash,1158.3726,USD (constant 2020),"US$ per TB, running minimum to date",https://ourworldindata.org/grapher/historical-cost-of-computer-memory-and-storage
2012-12-31,historical-cost-of-computer-memory-and-storage,flash,653.2782,USD (constant 2020),"US$ per TB, running minimum to date",https://ourworldindata.org/grapher/historical-cost-of-computer-memory-and-storage
2013-12-31,historical-cost-of-computer-memory-and-storage,flash,508.3964,USD (constant 2020),"US$ per TB, running minimum to date",https://ourworldindata.org/grapher/historical-cost-of-computer-memory-and-storage
2014-12-31,historical-cost-of-computer-memory-and-storage,flash,366.16135,USD (constant 2020),"US$ per TB, running minimum to date",https://ourworldindata.org/grapher/historical-cost-of-computer-memory-and-storage
2015-12-31,historical-cost-of-computer-memory-and-storage,flash,158.12546,USD (constant 2020),"US$ per TB, running minimum to date",https://ourworldindata.org/grapher/historical-cost-of-computer-memory-and-storage
2016-12-31,historical-cost-of-computer-memory-and-storage,flash,156.15553,USD (constant 2020),"US$ per TB, running minimum to date",https://ourworldindata.org/grapher/historical-cost-of-computer-memory-and-storage
2017-12-31,historical-cost-of-computer-memory-and-storage,flash,152.89827,USD (constant 2020),"US$ per TB, running minimum to date",https://ourworldindata.org/grapher/historical-cost-of-computer-memory-and-storage
1957-12-31,historical-cost-of-computer-memory-and-storage,memory,3785841300000000.0,USD (constant 2020),"US$ per TB, running minimum to date",https://ourworldindata.org/grapher/historical-cost-of-computer-memory-and-storage
1959-12-31,historical-cost-of-computer-memory-and-storage,memory,604316800000000.0,USD (constant 2020),"US$ per TB, running minimum to date",https://ourworldindata.org/grapher/historical-cost-of-computer-memory-and-storage
1960-12-31,historical-cost-of-computer-memory-and-storage,memory,45841725000000.0,USD (constant 2020),"US$ per TB, running minimum to date",https://ourworldindata.org/grapher/historical-cost-of-computer-memory-and-storage
1965-12-31,historical-cost-of-computer-memory-and-storage,memory,21710640000000.0,USD (constant 2020),"US$ per TB, running minimum to date",https://ourworldindata.org/grapher/historical-cost-of-computer-memory-and-storage
1970-12-31,historical-cost-of-computer-memory-and-storage,memory,4896085000000.0,USD (constant 2020),"US$ per TB, running minimum to date",https://ourworldindata.org/grapher/historical-cost-of-computer-memory-and-storage
1973-12-31,historical-cost-of-computer-memory-and-storage,memory,2327900000000.0,USD (constant 2020),"US$ per TB, running minimum to date",https://ourworldindata.org/grapher/historical-cost-of-computer-memory-and-storage
1974-12-31,historical-cost-of-computer-memory-and-storage,memory,1651418000000.0,USD (constant 2020),"US$ per TB, running minimum to date",https://ourworldindata.org/grapher/historical-cost-of-computer-memory-and-storage
1975-12-31,historical-cost-of-computer-memory-and-storage,memory,240145830000.0,USD (constant 2020),"US$ per TB, running minimum to date",https://ourworldindata.org/grapher/historical-cost-of-computer-memory-and-storage
1976-12-31,historical-cost-of-computer-memory-and-storage,memory,104797980000.0,USD (constant 2020),"US$ per TB, running minimum to date",https://ourworldindata.org/grapher/historical-cost-of-computer-memory-and-storage
1977-12-31,historical-cost-of-computer-memory-and-storage,memory,98399430000.0,USD (constant 2020),"US$ per TB, running minimum to date",https://ourworldindata.org/grapher/historical-cost-of-computer-memory-and-storage
1978-12-31,historical-cost-of-computer-memory-and-storage,memory,60336312000.0,USD (constant 2020),"US$ per TB, running minimum to date",https://ourworldindata.org/grapher/historical-cost-of-computer-memory-and-storage
1979-12-31,historical-cost-of-computer-memory-and-storage,memory,23899023000.0,USD (constant 2020),"US$ per TB, running minimum to date",https://ourworldindata.org/grapher/historical-cost-of-computer-memory-and-storage
1980-12-31,historical-cost-of-computer-memory-and-storage,memory,20353098000.0,USD (constant 2020),"US$ per TB, running minimum to date",https://ourworldindata.org/grapher/historical-cost-of-computer-memory-and-storage
1981-12-31,historical-cost-of-computer-memory-and-storage,memory,12753204000.0,USD (constant 2020),"US$ per TB, running minimum to date",https://ourworldindata.org/grapher/historical-cost-of-computer-memory-and-storage
1982-12-31,historical-cost-of-computer-memory-and-storage,memory,5310319000.0,USD (constant 2020),"US$ per TB, running minimum to date",https://ourworldindata.org/grapher/historical-cost-of-computer-memory-and-storage
1983-12-31,historical-cost-of-computer-memory-and-storage,memory,5145038000.0,USD (constant 2020),"US$ per TB, running minimum to date",https://ourworldindata.org/grapher/historical-cost-of-computer-memory-and-storage
1984-12-31,historical-cost-of-computer-memory-and-storage,memory,3314640600.0,USD (constant 2020),"US$ per TB, running minimum to date",https://ourworldindata.org/grapher/historical-cost-of-computer-memory-and-storage
1985-12-31,historical-cost-of-computer-memory-and-storage,memory,720389300.0,USD (constant 2020),"US$ per TB, running minimum to date",https://ourworldindata.org/grapher/historical-cost-of-computer-memory-and-storage
1986-12-31,historical-cost-of-computer-memory-and-storage,memory,447488000.0,USD (constant 2020),"US$ per TB, running minimum to date",https://ourworldindata.org/grapher/historical-cost-of-computer-memory-and-storage
1987-12-31,historical-cost-of-computer-memory-and-storage,memory,303009340.0,USD (constant 2020),"US$ per TB, running minimum to date",https://ourworldindata.org/grapher/historical-cost-of-computer-memory-and-storage
1988-12-31,historical-cost-of-computer-memory-and-storage,memory,290970940.0,USD (constant 2020),"US$ per TB, running minimum to date",https://ourworldindata.org/grapher/historical-cost-of-computer-memory-and-storage
1989-12-31,historical-cost-of-computer-memory-and-storage,memory,236112860.0,USD (constant 2020),"US$ per TB, running minimum to date",https://ourworldindata.org/grapher/historical-cost-of-computer-memory-and-storage
1990-12-31,historical-cost-of-computer-memory-and-storage,memory,90098700.0,USD (constant 2020),"US$ per TB, running minimum to date",https://ourworldindata.org/grapher/historical-cost-of-computer-memory-and-storage
1991-12-31,historical-cost-of-computer-memory-and-storage,memory,75534056.0,USD (constant 2020),"US$ per TB, running minimum to date",https://ourworldindata.org/grapher/historical-cost-of-computer-memory-and-storage
1992-12-31,historical-cost-of-computer-memory-and-storage,memory,48423300.0,USD (constant 2020),"US$ per TB, running minimum to date",https://ourworldindata.org/grapher/historical-cost-of-computer-memory-and-storage
1993-12-31,historical-cost-of-computer-memory-and-storage,memory,47015840.0,USD (constant 2020),"US$ per TB, running minimum to date",https://ourworldindata.org/grapher/historical-cost-of-computer-memory-and-storage
1994-12-31,historical-cost-of-computer-memory-and-storage,memory,45842030.0,USD (constant 2020),"US$ per TB, running minimum to date",https://ourworldindata.org/grapher/historical-cost-of-computer-memory-and-storage
1995-12-31,historical-cost-of-computer-memory-and-storage,memory,44578668.0,USD (constant 2020),"US$ per TB, running minimum to date",https://ourworldindata.org/grapher/historical-cost-of-computer-memory-and-storage
1996-12-31,historical-cost-of-computer-memory-and-storage,memory,8660024.0,USD (constant 2020),"US$ per TB, running minimum to date",https://ourworldindata.org/grapher/historical-cost-of-computer-memory-and-storage
1997-12-31,historical-cost-of-computer-memory-and-storage,memory,3477017.0,USD (constant 2020),"US$ per TB, running minimum to date",https://ourworldindata.org/grapher/historical-cost-of-computer-memory-and-storage
1998-12-31,historical-cost-of-computer-memory-and-storage,memory,1339704.2,USD (constant 2020),"US$ per TB, running minimum to date",https://ourworldindata.org/grapher/historical-cost-of-computer-memory-and-storage
1999-12-31,historical-cost-of-computer-memory-and-storage,memory,1213540.6,USD (constant 2020),"US$ per TB, running minimum to date",https://ourworldindata.org/grapher/historical-cost-of-computer-memory-and-storage
2000-12-31,historical-cost-of-computer-memory-and-storage,memory,1045032.1,USD (constant 2020),"US$ per TB, running minimum to date",https://ourworldindata.org/grapher/historical-cost-of-computer-memory-and-storage
2001-12-31,historical-cost-of-computer-memory-and-storage,memory,215668.22,USD (constant 2020),"US$ per TB, running minimum to date",https://ourworldindata.org/grapher/historical-cost-of-computer-memory-and-storage
2002-12-31,historical-cost-of-computer-memory-and-storage,memory,192136.88,USD (constant 2020),"US$ per TB, running minimum to date",https://ourworldindata.org/grapher/historical-cost-of-computer-memory-and-storage
2003-12-31,historical-cost-of-computer-memory-and-storage,memory,107141.97,USD (constant 2020),"US$ per TB, running minimum to date",https://ourworldindata.org/grapher/historical-cost-of-computer-memory-and-storage
2004-12-31,historical-cost-of-computer-memory-and-storage,memory,104362.74,USD (constant 2020),"US$ per TB, running minimum to date",https://ourworldindata.org/grapher/historical-cost-of-computer-memory-and-storage
2005-12-31,historical-cost-of-computer-memory-and-storage,memory,100942.766,USD (constant 2020),"US$ per TB, running minimum to date",https://ourworldindata.org/grapher/historical-cost-of-computer-memory-and-storage
2006-12-31,historical-cost-of-computer-memory-and-storage,memory,93394.086,USD (constant 2020),"US$ per TB, running minimum to date",https://ourworldindata.org/grapher/historical-cost-of-computer-memory-and-storage
2007-12-31,historical-cost-of-computer-memory-and-storage,memory,30443.953,USD (constant 2020),"US$ per TB, running minimum to date",https://ourworldindata.org/grapher/historical-cost-of-computer-memory-and-storage
2008-12-31,historical-cost-of-computer-memory-and-storage,memory,11736.104,USD (constant 2020),"US$ per TB, running minimum to date",https://ourworldindata.org/grapher/historical-cost-of-computer-memory-and-storage
2009-12-31,historical-cost-of-computer-memory-and-storage,memory,11778.007,USD (constant 2020),"US$ per TB, running minimum to date",https://ourworldindata.org/grapher/historical-cost-of-computer-memory-and-storage
2010-12-31,historical-cost-of-computer-memory-and-storage,memory,11587.933,USD (constant 2020),"US$ per TB, running minimum to date",https://ourworldindata.org/grapher/historical-cost-of-computer-memory-and-storage
2011-12-31,historical-cost-of-computer-memory-and-storage,memory,5897.5786,USD (constant 2020),"US$ per TB, running minimum to date",https://ourworldindata.org/grapher/historical-cost-of-computer-memory-and-storage
2012-12-31,historical-cost-of-computer-memory-and-storage,memory,4126.757,USD (constant 2020),"US$ per TB, running minimum to date",https://ourworldindata.org/grapher/historical-cost-of-computer-memory-and-storage
2013-12-31,historical-cost-of-computer-memory-and-storage,memory,4067.1821,USD (constant 2020),"US$ per TB, running minimum to date",https://ourworldindata.org/grapher/historical-cost-of-computer-memory-and-storage
2014-12-31,historical-cost-of-computer-memory-and-storage,memory,4002.2583,USD (constant 2020),"US$ per TB, running minimum to date",https://ourworldindata.org/grapher/historical-cost-of-computer-memory-and-storage
2015-12-31,historical-cost-of-computer-memory-and-storage,memory,3997.5132,USD (constant 2020),"US$ per TB, running minimum to date",https://ourworldindata.org/grapher/historical-cost-of-computer-memory-and-storage
2016-12-31,historical-cost-of-computer-memory-and-storage,memory,2961.1104,USD (constant 2020),"US$ per TB, running minimum to date",https://ourworldindata.org/grapher/historical-cost-of-computer-memory-and-storage
2017-12-31,historical-cost-of-computer-memory-and-storage,memory,2899.3442,USD (constant 2020),"US$ per TB, running minimum to date",https://ourworldindata.org/grapher/historical-cost-of-computer-memory-and-storage
2018-12-31,historical-cost-of-computer-memory-and-storage,memory,2830.2168,USD (constant 2020),"US$ per TB, running minimum to date",https://ourworldindata.org/grapher/historical-cost-of-computer-memory-and-storage
2019-12-31,historical-cost-of-computer-memory-and-storage,memory,2779.8467,USD (constant 2020),"US$ per TB, running minimum to date",https://ourworldindata.org/grapher/historical-cost-of-computer-memory-and-storage
2020-12-31,historical-cost-of-computer-memory-and-storage,memory,2745.97,USD (constant 2020),"US$ per TB, running minimum to date",https://ourworldindata.org/grapher/historical-cost-of-computer-memory-and-storage
2021-12-31,historical-cost-of-computer-memory-and-storage,memory,2477.3057,USD (constant 2020),"US$ per TB, running minimum to date",https://ourworldindata.org/grapher/historical-cost-of-computer-memory-and-storage
2022-12-31,historical-cost-of-computer-memory-and-storage,memory,1861.9304,USD (constant 2020),"US$ per TB, running minimum to date",https://ourworldindata.org/grapher/historical-cost-of-computer-memory-and-storage
2023-12-31,historical-cost-of-computer-memory-and-storage,memory,1088.4346,USD (constant 2020),"US$ per TB, running minimum to date",https://ourworldindata.org/grapher/historical-cost-of-computer-memory-and-storage
2013-12-31,historical-cost-of-computer-memory-and-storage,solid state,694.3193,USD (constant 2020),"US$ per TB, running minimum to date",https://ourworldindata.org/grapher/historical-cost-of-computer-memory-and-storage
2014-12-31,historical-cost-of-computer-memory-and-storage,solid state,409.94592,USD (constant 2020),"US$ per TB, running minimum to date",https://ourworldindata.org/grapher/historical-cost-of-computer-memory-and-storage
2015-12-31,historical-cost-of-computer-memory-and-storage,solid state,272.94415,USD (constant 2020),"US$ per TB, running minimum to date",https://ourworldindata.org/grapher/historical-cost-of-computer-memory-and-storage
2016-12-31,historical-cost-of-computer-memory-and-storage,solid state,219.0232,USD (constant 2020),"US$ per TB, running minimum to date",https://ourworldindata.org/grapher/historical-cost-of-computer-memory-and-storage
2017-12-31,historical-cost-of-computer-memory-and-storage,solid state,214.45456,USD (constant 2020),"US$ per TB, running minimum to date",https://ourworldindata.org/grapher/historical-cost-of-computer-memory-and-storage
2018-12-31,historical-cost-of-computer-memory-and-storage,solid state,107.345345,USD (constant 2020),"US$ per TB, running minimum to date",https://ourworldindata.org/grapher/historical-cost-of-computer-memory-and-storage
2019-12-31,historical-cost-of-computer-memory-and-storage,solid state,80.13659,USD (constant 2020),"US$ per TB, running minimum to date",https://ourworldindata.org/grapher/historical-cost-of-computer-memory-and-storage
2020-12-31,historical-cost-of-computer-memory-and-storage,solid state,74.99,USD (constant 2020),"US$ per TB, running minimum to date",https://ourworldindata.org/grapher/historical-cost-of-computer-memory-and-storage
2021-12-31,historical-cost-of-computer-memory-and-storage,solid state,71.62504,USD (constant 2020),"US$ per TB, running minimum to date",https://ourworldindata.org/grapher/historical-cost-of-computer-memory-and-storage
2022-12-31,historical-cost-of-computer-memory-and-storage,solid state,39.79599,USD (constant 2020),"US$ per TB, running minimum to date",https://ourworldindata.org/grapher/historical-cost-of-computer-memory-and-storage
2023-12-31,historical-cost-of-computer-memory-and-storage,solid state,25.906414,USD (constant 2020),"US$ per TB, running minimum to date",https://ourworldindata.org/grapher/historical-cost-of-computer-memory-and-storage
