period,period_end,company,metric,value,unit,reported_in_deck,as_first_reported,n_decks,max_abs_diff_across_decks,row_text,page,source_url
2013Q3,2013-09-30,Samsung Electronics,ds_operating_profit,3.09,KRW trillion,2014Q3,False,1,0.0,DS  2.33 0.24 2.09 3.09,4,https://images.samsung.com/is/content/samsung/assets/global/ir/docs/20141030_conference_eng.pdf
2014Q1,2014-03-31,Samsung Electronics,ds_operating_profit,1.87,KRW trillion,2015Q1,False,1,0.0,DS  3.39 0.25 3.13 1.87,4,https://images.samsung.com/is/content/samsung/assets/global/ir/docs/20150429_conference_eng.pdf
2014Q2,2014-06-30,Samsung Electronics,ds_operating_profit,2.09,KRW trillion,2014Q3,False,2,0.0,DS  2.33 0.24 2.09 3.09,4,https://images.samsung.com/is/content/samsung/assets/global/ir/docs/20141030_conference_eng.pdf
2014Q3,2014-09-30,Samsung Electronics,ds_operating_profit,2.33,KRW trillion,2014Q3,True,2,0.0,DS  2.33 0.24 2.09 3.09,4,https://images.samsung.com/is/content/samsung/assets/global/ir/docs/20141030_conference_eng.pdf
2014Q4,2014-12-31,Samsung Electronics,ds_operating_profit,3.13,KRW trillion,2015Q1,False,1,0.0,DS  3.39 0.25 3.13 1.87,4,https://images.samsung.com/is/content/samsung/assets/global/ir/docs/20150429_conference_eng.pdf
2015Q1,2015-03-31,Samsung Electronics,ds_operating_profit,3.39,KRW trillion,2015Q1,True,2,0.0,DS  3.39 0.25 3.13 1.87,4,https://images.samsung.com/is/content/samsung/assets/global/ir/docs/20150429_conference_eng.pdf
2015Q2,2015-06-30,Samsung Electronics,ds_operating_profit,3.87,KRW trillion,2015Q2,True,2,0.0,DS  3.87 0.48↑ 3.39 2.09,4,https://images.samsung.com/is/content/samsung/assets/global/ir/docs/20150730_conference_eng.pdf
2015Q3,2015-09-30,Samsung Electronics,ds_operating_profit,4.65,KRW trillion,2015Q3,True,1,0.0,DS  4.65 0.79 3.87 2.33,4,https://images.samsung.com/is/content/samsung/assets/global/ir/docs/20151029_conference_eng.pdf
2016Q1,2016-03-31,Samsung Electronics,ds_operating_profit,2.33,KRW trillion,2017Q1,False,1,0.0,DS 7.59 2.33 6.34 5.26 1.25,4,https://images.samsung.com/is/content/samsung/p5/global/ir/docs/2017_1Q_Earnings_Release_Samsung_Electronics.pdf
2016Q2,2016-06-30,Samsung Electronics,ds_operating_profit,2.79,KRW trillion,2017Q2,False,1,0.0,DS 9.69 2.79 7.59 6.90 2.10,4,https://images.samsung.com/is/content/samsung/p5/global/ir/docs/2017_2Q_Earnings_Release_Samsung_Electronics.pdf
2016Q3,2016-09-30,Samsung Electronics,ds_operating_profit,4.4,KRW trillion,2017Q3,False,1,0.0,DS 10.85 4.40 9.69 6.45 1.16,4,https://images.samsung.com/is/content/samsung/p5/global/ir/docs/2017_3Q_Earnings_Release_Samsung_Electronics.pdf
2016Q4,2016-12-31,Samsung Electronics,ds_operating_profit,6.34,KRW trillion,2017Q1,False,1,0.0,DS 7.59 2.33 6.34 5.26 1.25,4,https://images.samsung.com/is/content/samsung/p5/global/ir/docs/2017_1Q_Earnings_Release_Samsung_Electronics.pdf
2017Q1,2017-03-31,Samsung Electronics,ds_operating_profit,7.59,KRW trillion,2017Q1,True,3,0.0,DS 7.59 2.33 6.34 5.26 1.25,4,https://images.samsung.com/is/content/samsung/p5/global/ir/docs/2017_1Q_Earnings_Release_Samsung_Electronics.pdf
2017Q2,2017-06-30,Samsung Electronics,ds_operating_profit,9.69,KRW trillion,2017Q2,True,3,0.0,DS 9.69 2.79 7.59 6.90 2.10,4,https://images.samsung.com/is/content/samsung/p5/global/ir/docs/2017_2Q_Earnings_Release_Samsung_Electronics.pdf
2017Q3,2017-09-30,Samsung Electronics,ds_operating_profit,10.85,KRW trillion,2017Q3,True,2,0.0,DS 10.85 4.40 9.69 6.45 1.16,4,https://images.samsung.com/is/content/samsung/p5/global/ir/docs/2017_3Q_Earnings_Release_Samsung_Electronics.pdf
2017Q4,2017-12-31,Samsung Electronics,ds_operating_profit,12.2,KRW trillion,2018Q1,False,1,0.0,DS 11.76 7.59 12.20 4.17 △0.44,4,https://images.samsung.com/is/content/samsung/p5/global/ir/docs/2018_1Q_conference_eng.pdf
2018Q1,2018-03-31,Samsung Electronics,ds_operating_profit,11.76,KRW trillion,2018Q1,True,3,0.0,DS 11.76 7.59 12.20 4.17 △0.44,4,https://images.samsung.com/is/content/samsung/p5/global/ir/docs/2018_1Q_conference_eng.pdf
2018Q2,2018-06-30,Samsung Electronics,ds_operating_profit,11.69,KRW trillion,2018Q2,True,3,0.0,DS 11.69 9.69 11.76 2.00 △0.07,4,https://images.samsung.com/is/content/samsung/p5/global/ir/docs/2018_2Q_conference_eng.pdf
2018Q3,2018-09-30,Samsung Electronics,ds_operating_profit,14.56,KRW trillion,2018Q3,True,2,0.0,DS 14.56 10.85 11.69 3.72 2.87,4,https://images.samsung.com/is/content/samsung/p5/global/ir/docs/2018_3Q_conference_eng.pdf
2018Q4,2018-12-31,Samsung Electronics,ds_operating_profit,8.5,KRW trillion,2019Q1,False,1,0.0,DS 3.54 11.76 8.50 △8.23 △4.96,4,https://images.samsung.com/is/content/samsung/p5/global/ir/docs/2019_1Q_conference_eng.pdf
2019Q1,2019-03-31,Samsung Electronics,ds_operating_profit,3.54,KRW trillion,2019Q1,True,3,0.0,DS 3.54 11.76 8.50 △8.23 △4.96,4,https://images.samsung.com/is/content/samsung/p5/global/ir/docs/2019_1Q_conference_eng.pdf
2019Q2,2019-06-30,Samsung Electronics,ds_operating_profit,4.15,KRW trillion,2019Q2,True,3,0.0,DS 4.15 11.69 3.54 △7.54 0.61,4,https://images.samsung.com/is/content/samsung/p5/global/ir/docs/2019_2Q_conference_eng.pdf
2019Q3,2019-09-30,Samsung Electronics,ds_operating_profit,4.24,KRW trillion,2019Q3,True,2,0.0,DS 4.24 14.56 4.15 △10.32 0.09,4,https://images.samsung.com/is/content/samsung/p5/global/ir/docs/2019_3Q_conference_eng.pdf
2019Q4,2019-12-31,Samsung Electronics,ds_operating_profit,3.66,KRW trillion,2020Q1,False,1,0.0,DS 3.72 3.66 3.54 0.06 0.18,4,https://images.samsung.com/is/content/samsung/p5/global/ir/docs/2020_1Q_conference_eng.pdf
2020Q1,2020-03-31,Samsung Electronics,ds_operating_profit,3.72,KRW trillion,2020Q1,True,3,0.0,DS 3.72 3.66 3.54 0.06 0.18,4,https://images.samsung.com/is/content/samsung/p5/global/ir/docs/2020_1Q_conference_eng.pdf
2020Q2,2020-06-30,Samsung Electronics,ds_operating_profit,5.74,KRW trillion,2020Q2,True,3,0.0,DS 5.74 3.72 4.15 2.02 1.59,4,https://images.samsung.com/is/content/samsung/p5/global/ir/docs/2020_2Q_conference_eng.pdf
2020Q3,2020-09-30,Samsung Electronics,ds_operating_profit,6.04,KRW trillion,2020Q3,True,2,0.0,DS 6.04 5.74 4.24 0.30 1.79,4,https://images.samsung.com/is/content/samsung/p5/global/ir/docs/2020_3Q_conference_eng.pdf
2020Q4,2020-12-31,Samsung Electronics,ds_operating_profit,5.63,KRW trillion,2021Q1,False,1,0.0,DS 3.75 5.63 3.72 △1.88 0.03,4,https://images.samsung.com/is/content/samsung/assets/global/ir/docs/2021_1Q_conference_eng.pdf
2021Q1,2021-03-31,Samsung Electronics,ds_operating_profit,3.75,KRW trillion,2021Q1,True,3,0.3900000000000001,DS 3.75 5.63 3.72 △1.88 0.03,4,https://images.samsung.com/is/content/samsung/assets/global/ir/docs/2021_1Q_conference_eng.pdf
2021Q2,2021-06-30,Samsung Electronics,ds_operating_profit,8.23,KRW trillion,2021Q2,True,3,1.3000000000000007,DS 8.23 3.75 5.74 4.48 2.49,4,https://images.samsung.com/is/content/samsung/assets/global/ir/docs/2021_2Q_conference_eng.pdf
2021Q3,2021-09-30,Samsung Electronics,ds_operating_profit,11.58,KRW trillion,2021Q3,True,2,1.5099999999999998,DS 11.58 8.23 6.04 3.35 5.55,4,https://images.samsung.com/is/content/samsung/assets/global/ir/docs/2021_3Q_conference_eng.pdf
2021Q4,2021-12-31,Samsung Electronics,ds_operating_profit,8.83,KRW trillion,2022Q1,False,1,0.0,DS 8.45 8.83 3.36 △0.38 5.09,4,https://images.samsung.com/is/content/samsung/assets/global/ir/docs/2022_1Q_conference_eng.pdf
2022Q1,2022-03-31,Samsung Electronics,ds_operating_profit,8.45,KRW trillion,2022Q1,True,3,0.0,DS 8.45 8.83 3.36 △0.38 5.09,4,https://images.samsung.com/is/content/samsung/assets/global/ir/docs/2022_1Q_conference_eng.pdf
2022Q2,2022-06-30,Samsung Electronics,ds_operating_profit,9.98,KRW trillion,2022Q2,True,3,0.0,DS 9.98 8.45 6.93 1.53 3.05,4,https://images.samsung.com/is/content/samsung/assets/global/ir/docs/2022_2Q_conference_eng.pdf
2022Q3,2022-09-30,Samsung Electronics,ds_operating_profit,5.12,KRW trillion,2022Q3,True,2,0.0,DS 5.12 9.98 10.07 △4.87 △4.95,4,https://images.samsung.com/is/content/samsung/assets/global/ir/docs/2022_3Q_conference_eng.pdf
2022Q4,2022-12-31,Samsung Electronics,ds_operating_profit,0.27,KRW trillion,2023Q1,False,1,0.0,DS (4.58) 0.27 8.45 (4.85) (13.03),6,https://images.samsung.com/is/content/samsung/assets/global/ir/docs/2023_1Q_conference_eng.pdf
2023Q1,2023-03-31,Samsung Electronics,ds_operating_profit,-4.58,KRW trillion,2023Q1,True,3,0.0,DS (4.58) 0.27 8.45 (4.85) (13.03),6,https://images.samsung.com/is/content/samsung/assets/global/ir/docs/2023_1Q_conference_eng.pdf
2023Q2,2023-06-30,Samsung Electronics,ds_operating_profit,-4.36,KRW trillion,2023Q2,True,3,0.0,DS (4.36) (4.58) 9.98 0.22 (14.34),6,https://images.samsung.com/is/content/samsung/assets/global/ir/docs/2023_2Q_conference_eng.pdf
2023Q3,2023-09-30,Samsung Electronics,ds_operating_profit,-3.75,KRW trillion,2023Q3,True,2,0.0,DS (3.75) (4.36) 5.12 0.61 (8.87),6,https://images.samsung.com/is/content/samsung/assets/global/ir/docs/2023_3Q_conference_eng_01.pdf
2023Q4,2023-12-31,Samsung Electronics,ds_operating_profit,-2.18,KRW trillion,2024Q1,False,2,0.020000000000000018,DS 1.91 (2.18) (4.58) 4.10 6.50,6,https://images.samsung.com/is/content/samsung/assets/global/ir/docs/2024_1Q_conference_eng.pdf
2024Q1,2024-03-31,Samsung Electronics,ds_operating_profit,1.91,KRW trillion,2024Q1,True,3,0.010000000000000009,DS 1.91 (2.18) (4.58) 4.10 6.50,6,https://images.samsung.com/is/content/samsung/assets/global/ir/docs/2024_1Q_conference_eng.pdf
2024Q2,2024-06-30,Samsung Electronics,ds_operating_profit,6.45,KRW trillion,2024Q2,True,3,0.04999999999999982,DS (4.36) 1.91 6.45 4.54 10.81,6,https://images.samsung.com/is/content/samsung/assets/global/ir/docs/2024_2Q_conference_eng.pdf
2024Q3,2024-09-30,Samsung Electronics,ds_operating_profit,3.86,KRW trillion,2024Q3,True,3,0.040000000000000036,DS (3.75) 6.45 3.86 (2.59) 7.62,6,https://images.samsung.com/is/content/samsung/assets/global/ir/docs/2024_3Q_conference_eng.pdf
2024Q4,2024-12-31,Samsung Electronics,ds_operating_profit,2.9,KRW trillion,2024Q4,True,3,0.0,DS (2.2) 3.9 2.9 1.0↓ 5.0↑ (14.9) 15.1 30.0↑,7,https://images.samsung.com/is/content/samsung/assets/global/ir/docs/2024_4Q_conference_eng.pdf
2025Q1,2025-03-31,Samsung Electronics,ds_operating_profit,1.1,KRW trillion,2025Q1,True,3,0.0,DS 1.9 2.9 1.1 1.8↓ 0.8↓,7,https://images.samsung.com/is/content/samsung/assets/global/ir/docs/2025_1Q_conference_eng.pdf
2025Q2,2025-06-30,Samsung Electronics,ds_operating_profit,0.4,KRW trillion,2025Q2,True,3,0.0,DS 6.5 1.1 0.4 0.8↓ 6.1↓,7,https://images.samsung.com/is/content/samsung/assets/global/ir/docs/2025_2Q_conference_eng.pdf
2025Q3,2025-09-30,Samsung Electronics,ds_operating_profit,7.0,KRW trillion,2025Q3,True,2,0.0,DS 3.9 0.4 7.0 6.6↑ 3.1↑,7,https://images.samsung.com/is/content/samsung/assets/global/ir/docs/2025_3Q_conference_eng.pdf
2025Q4,2025-12-31,Samsung Electronics,ds_operating_profit,16.4,KRW trillion,2025Q4,True,2,0.0,DS 2.9 7.0 16.4 9.4↑ 13.5↑ 15.1 24.9 9.8↑,7,https://images.samsung.com/is/content/samsung/assets/global/ir/docs/2025_4Q_conference_eng.pdf
2026Q1,2026-03-31,Samsung Electronics,ds_operating_profit,53.7,KRW trillion,2026Q1,True,2,0.0,DS 1.1 16.4 53.7 37.3↑ 52.6↑,13,https://images.samsung.com/is/content/samsung/assets/global/ir/docs/2026_1Q_conference_eng.pdf
2026Q2,2026-06-30,Samsung Electronics,ds_operating_profit,89.2,KRW trillion,2026Q2,True,1,0.0,DS 0.4 53.7 89.2 35.5↑ 88.8↑,13,https://images.samsung.com/is/content/samsung/assets/global/ir/docs/2026_2Q_conference_eng.pdf
2013Q3,2013-09-30,Samsung Electronics,ds_sales,17.9,KRW trillion,2014Q3,False,1,0.0,DS  16.29 0.4%↑ 16.23 17.90,4,https://images.samsung.com/is/content/samsung/assets/global/ir/docs/20141030_conference_eng.pdf
2014Q1,2014-03-31,Samsung Electronics,ds_sales,15.56,KRW trillion,2015Q1,False,1,0.0,DS  17.10 3%↓ 17.71 15.56,4,https://images.samsung.com/is/content/samsung/assets/global/ir/docs/20150429_conference_eng.pdf
2014Q2,2014-06-30,Samsung Electronics,ds_sales,16.23,KRW trillion,2014Q3,False,2,0.0,DS  16.29 0.4%↑ 16.23 17.90,4,https://images.samsung.com/is/content/samsung/assets/global/ir/docs/20141030_conference_eng.pdf
2014Q3,2014-09-30,Samsung Electronics,ds_sales,16.29,KRW trillion,2014Q3,True,2,0.0,DS  16.29 0.4%↑ 16.23 17.90,4,https://images.samsung.com/is/content/samsung/assets/global/ir/docs/20141030_conference_eng.pdf
2014Q4,2014-12-31,Samsung Electronics,ds_sales,17.71,KRW trillion,2015Q1,False,1,0.0,DS  17.10 3%↓ 17.71 15.56,4,https://images.samsung.com/is/content/samsung/assets/global/ir/docs/20150429_conference_eng.pdf
2015Q1,2015-03-31,Samsung Electronics,ds_sales,17.1,KRW trillion,2015Q1,True,2,0.0,DS  17.10 3%↓ 17.71 15.56,4,https://images.samsung.com/is/content/samsung/assets/global/ir/docs/20150429_conference_eng.pdf
2015Q2,2015-06-30,Samsung Electronics,ds_sales,17.87,KRW trillion,2015Q2,True,2,0.0,DS  17.87 4%↑ 17.10 16.23,4,https://images.samsung.com/is/content/samsung/assets/global/ir/docs/20150730_conference_eng.pdf
2015Q3,2015-09-30,Samsung Electronics,ds_sales,20.31,KRW trillion,2015Q3,True,1,0.0,DS  20.31 14%↑ 17.87 16.29,4,https://images.samsung.com/is/content/samsung/assets/global/ir/docs/20151029_conference_eng.pdf
2016Q1,2016-03-31,Samsung Electronics,ds_sales,17.18,KRW trillion,2017Q1,False,1,0.0,DS 22.85 17.18 22.26 33%↑ 3%↑,4,https://images.samsung.com/is/content/samsung/p5/global/ir/docs/2017_1Q_Earnings_Release_Samsung_Electronics.pdf
2016Q2,2016-06-30,Samsung Electronics,ds_sales,18.43,KRW trillion,2017Q2,False,1,0.0,DS 25.25 18.43 22.85 37%↑ 11%↑,4,https://images.samsung.com/is/content/samsung/p5/global/ir/docs/2017_2Q_Earnings_Release_Samsung_Electronics.pdf
2016Q3,2016-09-30,Samsung Electronics,ds_sales,20.29,KRW trillion,2017Q3,False,1,0.0,DS 28.02 20.29 25.25 38%↑ 11%↑,4,https://images.samsung.com/is/content/samsung/p5/global/ir/docs/2017_3Q_Earnings_Release_Samsung_Electronics.pdf
2016Q4,2016-12-31,Samsung Electronics,ds_sales,22.26,KRW trillion,2017Q1,False,1,0.0,DS 22.85 17.18 22.26 33%↑ 3%↑,4,https://images.samsung.com/is/content/samsung/p5/global/ir/docs/2017_1Q_Earnings_Release_Samsung_Electronics.pdf
2017Q1,2017-03-31,Samsung Electronics,ds_sales,22.85,KRW trillion,2017Q1,True,3,0.0,DS 22.85 17.18 22.26 33%↑ 3%↑,4,https://images.samsung.com/is/content/samsung/p5/global/ir/docs/2017_1Q_Earnings_Release_Samsung_Electronics.pdf
2017Q2,2017-06-30,Samsung Electronics,ds_sales,25.25,KRW trillion,2017Q2,True,3,0.0,DS 25.25 18.43 22.85 37%↑ 11%↑,4,https://images.samsung.com/is/content/samsung/p5/global/ir/docs/2017_2Q_Earnings_Release_Samsung_Electronics.pdf
2017Q3,2017-09-30,Samsung Electronics,ds_sales,28.02,KRW trillion,2017Q3,True,2,0.0,DS 28.02 20.29 25.25 38%↑ 11%↑,4,https://images.samsung.com/is/content/samsung/p5/global/ir/docs/2017_3Q_Earnings_Release_Samsung_Electronics.pdf
2017Q4,2017-12-31,Samsung Electronics,ds_sales,32.05,KRW trillion,2018Q1,False,1,0.0,DS 28.35 22.85 32.05 24%↑ 12%↓,4,https://images.samsung.com/is/content/samsung/p5/global/ir/docs/2018_1Q_conference_eng.pdf
2018Q1,2018-03-31,Samsung Electronics,ds_sales,28.35,KRW trillion,2018Q1,True,3,0.0,DS 28.35 22.85 32.05 24%↑ 12%↓,4,https://images.samsung.com/is/content/samsung/p5/global/ir/docs/2018_1Q_conference_eng.pdf
2018Q2,2018-06-30,Samsung Electronics,ds_sales,27.7,KRW trillion,2018Q2,True,3,0.0,DS 27.70 25.25 28.35 10%↑ 2%↓,4,https://images.samsung.com/is/content/samsung/p5/global/ir/docs/2018_2Q_conference_eng.pdf
2018Q3,2018-09-30,Samsung Electronics,ds_sales,34.76,KRW trillion,2018Q3,True,2,0.0,DS 34.76 28.02 27.70 24%↑ 26%↑,4,https://images.samsung.com/is/content/samsung/p5/global/ir/docs/2018_3Q_conference_eng.pdf
2018Q4,2018-12-31,Samsung Electronics,ds_sales,27.76,KRW trillion,2019Q1,False,1,0.0,DS 20.62 28.35 27.76 27%↓ 26%↓,4,https://images.samsung.com/is/content/samsung/p5/global/ir/docs/2019_1Q_conference_eng.pdf
2019Q1,2019-03-31,Samsung Electronics,ds_sales,20.62,KRW trillion,2019Q1,True,3,0.0,DS 20.62 28.35 27.76 27%↓ 26%↓,4,https://images.samsung.com/is/content/samsung/p5/global/ir/docs/2019_1Q_conference_eng.pdf
2019Q2,2019-06-30,Samsung Electronics,ds_sales,23.53,KRW trillion,2019Q2,True,3,0.0,DS 23.53 27.70 20.62 15%↓ 14%↑,4,https://images.samsung.com/is/content/samsung/p5/global/ir/docs/2019_2Q_conference_eng.pdf
2019Q3,2019-09-30,Samsung Electronics,ds_sales,26.64,KRW trillion,2019Q3,True,2,0.0,DS 26.64 34.76 23.53 23%↓ 13%↑,4,https://images.samsung.com/is/content/samsung/p5/global/ir/docs/2019_3Q_conference_eng.pdf
2019Q4,2019-12-31,Samsung Electronics,ds_sales,24.74,KRW trillion,2020Q1,False,1,0.0,DS 24.13 24.74 20.62 2%↓ 17%↑,4,https://images.samsung.com/is/content/samsung/p5/global/ir/docs/2020_1Q_conference_eng.pdf
2020Q1,2020-03-31,Samsung Electronics,ds_sales,24.13,KRW trillion,2020Q1,True,3,0.0,DS 24.13 24.74 20.62 2%↓ 17%↑,4,https://images.samsung.com/is/content/samsung/p5/global/ir/docs/2020_1Q_conference_eng.pdf
2020Q2,2020-06-30,Samsung Electronics,ds_sales,25.05,KRW trillion,2020Q2,True,3,0.0,DS 25.05 24.13 23.53 4%↑ 6%↑,4,https://images.samsung.com/is/content/samsung/p5/global/ir/docs/2020_2Q_conference_eng.pdf
2020Q3,2020-09-30,Samsung Electronics,ds_sales,25.93,KRW trillion,2020Q3,True,2,0.0,DS 25.93 25.05 26.64 4%↑ 3%↓,4,https://images.samsung.com/is/content/samsung/p5/global/ir/docs/2020_3Q_conference_eng.pdf
2020Q4,2020-12-31,Samsung Electronics,ds_sales,27.92,KRW trillion,2021Q1,False,1,0.0,DS 25.82 27.92 24.13 8%↓ 7%↑,4,https://images.samsung.com/is/content/samsung/assets/global/ir/docs/2021_1Q_conference_eng.pdf
2021Q1,2021-03-31,Samsung Electronics,ds_sales,25.82,KRW trillion,2021Q1,True,3,6.5,DS 25.82 27.92 24.13 8%↓ 7%↑,4,https://images.samsung.com/is/content/samsung/assets/global/ir/docs/2021_1Q_conference_eng.pdf
2021Q2,2021-06-30,Samsung Electronics,ds_sales,29.46,KRW trillion,2021Q2,True,3,6.41,DS 29.46 25.82 25.05 14%↑ 18%↑,4,https://images.samsung.com/is/content/samsung/assets/global/ir/docs/2021_2Q_conference_eng.pdf
2021Q3,2021-09-30,Samsung Electronics,ds_sales,35.09,KRW trillion,2021Q3,True,2,8.350000000000005,DS 35.09 29.46 25.93 19%↑ 35%↑,4,https://images.samsung.com/is/content/samsung/assets/global/ir/docs/2021_3Q_conference_eng.pdf
2021Q4,2021-12-31,Samsung Electronics,ds_sales,26.28,KRW trillion,2022Q1,False,1,0.0,DS 26.87 26.28 19.32 2%↑ 39%↑,4,https://images.samsung.com/is/content/samsung/assets/global/ir/docs/2022_1Q_conference_eng.pdf
2022Q1,2022-03-31,Samsung Electronics,ds_sales,26.87,KRW trillion,2022Q1,True,3,0.0,DS 26.87 26.28 19.32 2%↑ 39%↑,4,https://images.samsung.com/is/content/samsung/assets/global/ir/docs/2022_1Q_conference_eng.pdf
2022Q2,2022-06-30,Samsung Electronics,ds_sales,28.5,KRW trillion,2022Q2,True,3,0.0,DS 28.50 26.87 23.05 6%↑ 24%↑,4,https://images.samsung.com/is/content/samsung/assets/global/ir/docs/2022_2Q_conference_eng.pdf
2022Q3,2022-09-30,Samsung Electronics,ds_sales,23.02,KRW trillion,2022Q3,True,2,0.0,DS 23.02 28.50 26.74 19%↓ 14%↓,4,https://images.samsung.com/is/content/samsung/assets/global/ir/docs/2022_3Q_conference_eng.pdf
2022Q4,2022-12-31,Samsung Electronics,ds_sales,20.07,KRW trillion,2023Q1,False,1,0.0,DS 13.73 20.07 26.87 32%↓ 49%↓,6,https://images.samsung.com/is/content/samsung/assets/global/ir/docs/2023_1Q_conference_eng.pdf
2023Q1,2023-03-31,Samsung Electronics,ds_sales,13.73,KRW trillion,2023Q1,True,3,0.0,DS 13.73 20.07 26.87 32%↓ 49%↓,6,https://images.samsung.com/is/content/samsung/assets/global/ir/docs/2023_1Q_conference_eng.pdf
2023Q2,2023-06-30,Samsung Electronics,ds_sales,14.73,KRW trillion,2023Q2,True,3,0.0,DS 14.73 13.73 28.50 7%↑ 48%↓,6,https://images.samsung.com/is/content/samsung/assets/global/ir/docs/2023_2Q_conference_eng.pdf
2023Q3,2023-09-30,Samsung Electronics,ds_sales,16.44,KRW trillion,2023Q3,True,2,0.0,DS 16.44 14.73 23.02 12%↑ 29%↓,6,https://images.samsung.com/is/content/samsung/assets/global/ir/docs/2023_3Q_conference_eng_01.pdf
2023Q4,2023-12-31,Samsung Electronics,ds_sales,21.69,KRW trillion,2024Q1,False,2,0.00999999999999801,DS 23.14 21.69 13.73 7%↑ 68%↑,6,https://images.samsung.com/is/content/samsung/assets/global/ir/docs/2024_1Q_conference_eng.pdf
2024Q1,2024-03-31,Samsung Electronics,ds_sales,23.14,KRW trillion,2024Q1,True,3,0.03999999999999915,DS 23.14 21.69 13.73 7%↑ 68%↑,6,https://images.samsung.com/is/content/samsung/assets/global/ir/docs/2024_1Q_conference_eng.pdf
2024Q2,2024-06-30,Samsung Electronics,ds_sales,28.56,KRW trillion,2024Q2,True,3,0.0400000000000027,DS 14.73 23.14 28.56 23%↑ 94%↑,6,https://images.samsung.com/is/content/samsung/assets/global/ir/docs/2024_2Q_conference_eng.pdf
2024Q3,2024-09-30,Samsung Electronics,ds_sales,29.27,KRW trillion,2024Q3,True,3,0.030000000000001137,DS 16.44 28.56 29.27 3%↑ 78%↑,6,https://images.samsung.com/is/content/samsung/assets/global/ir/docs/2024_3Q_conference_eng.pdf
2024Q4,2024-12-31,Samsung Electronics,ds_sales,30.1,KRW trillion,2024Q4,True,3,0.0,DS 21.7 29.3 30.1 3%↑ 39%↑ 66.6 111.1 67%↑,7,https://images.samsung.com/is/content/samsung/assets/global/ir/docs/2024_4Q_conference_eng.pdf
2025Q1,2025-03-31,Samsung Electronics,ds_sales,25.1,KRW trillion,2025Q1,True,3,0.0,DS 23.1 30.1 25.1 17%↓ 9%↑,7,https://images.samsung.com/is/content/samsung/assets/global/ir/docs/2025_1Q_conference_eng.pdf
2025Q2,2025-06-30,Samsung Electronics,ds_sales,27.9,KRW trillion,2025Q2,True,3,0.0,DS 28.6 25.1 27.9 11%↑ 2%↓,7,https://images.samsung.com/is/content/samsung/assets/global/ir/docs/2025_2Q_conference_eng.pdf
2025Q3,2025-09-30,Samsung Electronics,ds_sales,33.1,KRW trillion,2025Q3,True,2,0.0,DS 29.3 27.9 33.1 19%↑ 13%↑,7,https://images.samsung.com/is/content/samsung/assets/global/ir/docs/2025_3Q_conference_eng.pdf
2025Q4,2025-12-31,Samsung Electronics,ds_sales,44.0,KRW trillion,2025Q4,True,2,0.0,DS 30.1 33.1 44.0 33%↑ 46%↑ 111.1 130.1 17%↑,7,https://images.samsung.com/is/content/samsung/assets/global/ir/docs/2025_4Q_conference_eng.pdf
2026Q1,2026-03-31,Samsung Electronics,ds_sales,81.7,KRW trillion,2026Q1,True,2,0.0,DS 25.1 44.0 81.7 86%↑ 225%↑,13,https://images.samsung.com/is/content/samsung/assets/global/ir/docs/2026_1Q_conference_eng.pdf
2026Q2,2026-06-30,Samsung Electronics,ds_sales,127.5,KRW trillion,2026Q2,True,1,0.0,DS 27.9 81.7 127.5 56%↑ 357%↑,13,https://images.samsung.com/is/content/samsung/assets/global/ir/docs/2026_2Q_conference_eng.pdf
2013Q3,2013-09-30,Samsung Electronics,memory_sales,6.37,KRW trillion,2014Q3,False,1,0.0,- Memory 7.93 15%↑ 6.92 6.37,4,https://images.samsung.com/is/content/samsung/assets/global/ir/docs/20141030_conference_eng.pdf
2014Q1,2014-03-31,Samsung Electronics,memory_sales,6.29,KRW trillion,2015Q1,False,1,0.0,- Memory 8.32 2%↑ 8.18 6.29,4,https://images.samsung.com/is/content/samsung/assets/global/ir/docs/20150429_conference_eng.pdf
2014Q2,2014-06-30,Samsung Electronics,memory_sales,6.92,KRW trillion,2014Q3,False,2,0.0,- Memory 7.93 15%↑ 6.92 6.37,4,https://images.samsung.com/is/content/samsung/assets/global/ir/docs/20141030_conference_eng.pdf
2014Q3,2014-09-30,Samsung Electronics,memory_sales,7.93,KRW trillion,2014Q3,True,2,0.0,- Memory 7.93 15%↑ 6.92 6.37,4,https://images.samsung.com/is/content/samsung/assets/global/ir/docs/20141030_conference_eng.pdf
2014Q4,2014-12-31,Samsung Electronics,memory_sales,8.18,KRW trillion,2015Q1,False,1,0.0,- Memory 8.32 2%↑ 8.18 6.29,4,https://images.samsung.com/is/content/samsung/assets/global/ir/docs/20150429_conference_eng.pdf
2015Q1,2015-03-31,Samsung Electronics,memory_sales,8.32,KRW trillion,2015Q1,True,2,0.0,- Memory 8.32 2%↑ 8.18 6.29,4,https://images.samsung.com/is/content/samsung/assets/global/ir/docs/20150429_conference_eng.pdf
2015Q2,2015-06-30,Samsung Electronics,memory_sales,8.49,KRW trillion,2015Q2,True,2,0.0,- Memory 8.49 2%↑ 8.32 6.92,4,https://images.samsung.com/is/content/samsung/assets/global/ir/docs/20150730_conference_eng.pdf
2015Q3,2015-09-30,Samsung Electronics,memory_sales,9.14,KRW trillion,2015Q3,True,1,0.0,- Memory 9.14 8%↑ 8.49 7.93,4,https://images.samsung.com/is/content/samsung/assets/global/ir/docs/20151029_conference_eng.pdf
2016Q1,2016-03-31,Samsung Electronics,memory_sales,7.94,KRW trillion,2017Q1,False,1,0.0,- Memory 12.12 7.94 11.62 53%↑ 4%↑,4,https://images.samsung.com/is/content/samsung/p5/global/ir/docs/2017_1Q_Earnings_Release_Samsung_Electronics.pdf
2016Q2,2016-06-30,Samsung Electronics,memory_sales,8.43,KRW trillion,2017Q2,False,1,0.0,- Memory 13.94 8.43 12.12 65%↑ 15%↑,4,https://images.samsung.com/is/content/samsung/p5/global/ir/docs/2017_2Q_Earnings_Release_Samsung_Electronics.pdf
2016Q3,2016-09-30,Samsung Electronics,memory_sales,9.86,KRW trillion,2017Q3,False,1,0.0,- Memory 16.30 9.86 13.94 65%↑ 17%↑,4,https://images.samsung.com/is/content/samsung/p5/global/ir/docs/2017_3Q_Earnings_Release_Samsung_Electronics.pdf
2016Q4,2016-12-31,Samsung Electronics,memory_sales,11.62,KRW trillion,2017Q1,False,1,0.0,- Memory 12.12 7.94 11.62 53%↑ 4%↑,4,https://images.samsung.com/is/content/samsung/p5/global/ir/docs/2017_1Q_Earnings_Release_Samsung_Electronics.pdf
2017Q1,2017-03-31,Samsung Electronics,memory_sales,12.12,KRW trillion,2017Q1,True,3,0.0,- Memory 12.12 7.94 11.62 53%↑ 4%↑,4,https://images.samsung.com/is/content/samsung/p5/global/ir/docs/2017_1Q_Earnings_Release_Samsung_Electronics.pdf
2017Q2,2017-06-30,Samsung Electronics,memory_sales,13.94,KRW trillion,2017Q2,True,3,0.0,- Memory 13.94 8.43 12.12 65%↑ 15%↑,4,https://images.samsung.com/is/content/samsung/p5/global/ir/docs/2017_2Q_Earnings_Release_Samsung_Electronics.pdf
2017Q3,2017-09-30,Samsung Electronics,memory_sales,16.3,KRW trillion,2017Q3,True,2,0.0,- Memory 16.30 9.86 13.94 65%↑ 17%↑,4,https://images.samsung.com/is/content/samsung/p5/global/ir/docs/2017_3Q_Earnings_Release_Samsung_Electronics.pdf
2017Q4,2017-12-31,Samsung Electronics,memory_sales,17.94,KRW trillion,2018Q1,False,1,0.0,- Memory 17.33 12.12 17.94 43%↑ 3%↓,4,https://images.samsung.com/is/content/samsung/p5/global/ir/docs/2018_1Q_conference_eng.pdf
2018Q1,2018-03-31,Samsung Electronics,memory_sales,17.33,KRW trillion,2018Q1,True,3,0.0,- Memory 17.33 12.12 17.94 43%↑ 3%↓,4,https://images.samsung.com/is/content/samsung/p5/global/ir/docs/2018_1Q_conference_eng.pdf
2018Q2,2018-06-30,Samsung Electronics,memory_sales,18.5,KRW trillion,2018Q2,True,3,0.0,- Memory 18.50 13.94 17.33 33%↑ 7%↑,4,https://images.samsung.com/is/content/samsung/p5/global/ir/docs/2018_2Q_conference_eng.pdf
2018Q3,2018-09-30,Samsung Electronics,memory_sales,21.05,KRW trillion,2018Q3,True,2,0.0,- Memory 21.05 16.30 18.50 29%↑ 14%↑,4,https://images.samsung.com/is/content/samsung/p5/global/ir/docs/2018_3Q_conference_eng.pdf
2018Q4,2018-12-31,Samsung Electronics,memory_sales,15.5,KRW trillion,2019Q1,False,1,0.0,- Memory 11.47 17.33 15.50 34%↓ 26%↓,4,https://images.samsung.com/is/content/samsung/p5/global/ir/docs/2019_1Q_conference_eng.pdf
2019Q1,2019-03-31,Samsung Electronics,memory_sales,11.47,KRW trillion,2019Q1,True,3,0.0,- Memory 11.47 17.33 15.50 34%↓ 26%↓,4,https://images.samsung.com/is/content/samsung/p5/global/ir/docs/2019_1Q_conference_eng.pdf
2019Q2,2019-06-30,Samsung Electronics,memory_sales,12.3,KRW trillion,2019Q2,True,3,0.0,- Memory 12.30 18.50 11.47 34%↓ 7%↑,4,https://images.samsung.com/is/content/samsung/p5/global/ir/docs/2019_2Q_conference_eng.pdf
2019Q3,2019-09-30,Samsung Electronics,memory_sales,13.26,KRW trillion,2019Q3,True,2,0.0,- Memory 13.26 21.05 12.30 37%↓ 8%↑,4,https://images.samsung.com/is/content/samsung/p5/global/ir/docs/2019_3Q_conference_eng.pdf
2019Q4,2019-12-31,Samsung Electronics,memory_sales,13.18,KRW trillion,2020Q1,False,1,0.0,- Memory 13.14 13.18 11.47 0.3%↓ 15%↑,4,https://images.samsung.com/is/content/samsung/p5/global/ir/docs/2020_1Q_conference_eng.pdf
2020Q1,2020-03-31,Samsung Electronics,memory_sales,13.14,KRW trillion,2020Q1,True,3,0.0,- Memory 13.14 13.18 11.47 0.3%↓ 15%↑,4,https://images.samsung.com/is/content/samsung/p5/global/ir/docs/2020_1Q_conference_eng.pdf
2020Q2,2020-06-30,Samsung Electronics,memory_sales,14.61,KRW trillion,2020Q2,True,3,0.0,- Memory 14.61 13.14 12.30 11%↑ 19%↑,4,https://images.samsung.com/is/content/samsung/p5/global/ir/docs/2020_2Q_conference_eng.pdf
2020Q3,2020-09-30,Samsung Electronics,memory_sales,14.28,KRW trillion,2020Q3,True,2,0.0,- Memory 14.28 14.61 13.26 2%↓ 8%↑,4,https://images.samsung.com/is/content/samsung/p5/global/ir/docs/2020_3Q_conference_eng.pdf
2020Q4,2020-12-31,Samsung Electronics,memory_sales,13.51,KRW trillion,2021Q1,False,1,0.0,- Memory 14.43 13.51 13.14 7%↑ 10%↑,4,https://images.samsung.com/is/content/samsung/assets/global/ir/docs/2021_1Q_conference_eng.pdf
2021Q1,2021-03-31,Samsung Electronics,memory_sales,14.43,KRW trillion,2021Q1,True,3,0.0,- Memory 14.43 13.51 13.14 7%↑ 10%↑,4,https://images.samsung.com/is/content/samsung/assets/global/ir/docs/2021_1Q_conference_eng.pdf
2021Q2,2021-06-30,Samsung Electronics,memory_sales,17.88,KRW trillion,2021Q2,True,3,0.0,- Memory 17.88 14.43 14.61 24%↑ 22%↑,4,https://images.samsung.com/is/content/samsung/assets/global/ir/docs/2021_2Q_conference_eng.pdf
2021Q3,2021-09-30,Samsung Electronics,memory_sales,20.83,KRW trillion,2021Q3,True,2,0.0,- Memory 20.83 17.88 14.28 17%↑ 46%↑,4,https://images.samsung.com/is/content/samsung/assets/global/ir/docs/2021_3Q_conference_eng.pdf
2021Q4,2021-12-31,Samsung Electronics,memory_sales,19.45,KRW trillion,2022Q1,False,1,0.0,- Memory 20.09 19.45 14.43 3%↑ 39%↑,4,https://images.samsung.com/is/content/samsung/assets/global/ir/docs/2022_1Q_conference_eng.pdf
2022Q1,2022-03-31,Samsung Electronics,memory_sales,20.09,KRW trillion,2022Q1,True,3,0.0,- Memory 20.09 19.45 14.43 3%↑ 39%↑,4,https://images.samsung.com/is/content/samsung/assets/global/ir/docs/2022_1Q_conference_eng.pdf
2022Q2,2022-06-30,Samsung Electronics,memory_sales,21.08,KRW trillion,2022Q2,True,3,0.0,- Memory 21.08 20.09 17.88 5%↑ 18%↑,4,https://images.samsung.com/is/content/samsung/assets/global/ir/docs/2022_2Q_conference_eng.pdf
2022Q3,2022-09-30,Samsung Electronics,memory_sales,15.23,KRW trillion,2022Q3,True,2,0.0,- Memory 15.23 21.08 20.83 28%↓ 27%↓,4,https://images.samsung.com/is/content/samsung/assets/global/ir/docs/2022_3Q_conference_eng.pdf
2022Q4,2022-12-31,Samsung Electronics,memory_sales,12.14,KRW trillion,2023Q1,False,1,0.0,Memory 8.92 12.14 20.09 27%↓ 56%↓,6,https://images.samsung.com/is/content/samsung/assets/global/ir/docs/2023_1Q_conference_eng.pdf
2023Q1,2023-03-31,Samsung Electronics,memory_sales,8.92,KRW trillion,2023Q1,True,3,0.0,Memory 8.92 12.14 20.09 27%↓ 56%↓,6,https://images.samsung.com/is/content/samsung/assets/global/ir/docs/2023_1Q_conference_eng.pdf
2023Q2,2023-06-30,Samsung Electronics,memory_sales,8.97,KRW trillion,2023Q2,True,3,0.0,Memory 8.97 8.92 21.08 1%↑ 57%↓,6,https://images.samsung.com/is/content/samsung/assets/global/ir/docs/2023_2Q_conference_eng.pdf
2023Q3,2023-09-30,Samsung Electronics,memory_sales,10.53,KRW trillion,2023Q3,True,2,0.0,Memory 10.53 8.97 15.23 17%↑ 31%↓,6,https://images.samsung.com/is/content/samsung/assets/global/ir/docs/2023_3Q_conference_eng_01.pdf
2023Q4,2023-12-31,Samsung Electronics,memory_sales,15.71,KRW trillion,2024Q1,False,2,0.010000000000001563,Memory 17.49 15.71 8.92 11%↑ 96%↑,6,https://images.samsung.com/is/content/samsung/assets/global/ir/docs/2024_1Q_conference_eng.pdf
2024Q1,2024-03-31,Samsung Electronics,memory_sales,17.49,KRW trillion,2024Q1,True,3,0.010000000000001563,Memory 17.49 15.71 8.92 11%↑ 96%↑,6,https://images.samsung.com/is/content/samsung/assets/global/ir/docs/2024_1Q_conference_eng.pdf
2024Q2,2024-06-30,Samsung Electronics,memory_sales,21.74,KRW trillion,2024Q2,True,3,0.03999999999999915,Memory 8.97 17.49 21.74 24%↑ 142%↑,6,https://images.samsung.com/is/content/samsung/assets/global/ir/docs/2024_2Q_conference_eng.pdf
2024Q3,2024-09-30,Samsung Electronics,memory_sales,22.27,KRW trillion,2024Q3,True,3,0.030000000000001137,Memory 10.53 21.74 22.27 2%↑ 112%↑,6,https://images.samsung.com/is/content/samsung/assets/global/ir/docs/2024_3Q_conference_eng.pdf
2024Q4,2024-12-31,Samsung Electronics,memory_sales,23.0,KRW trillion,2024Q4,True,3,0.0,Memory 15.7 22.3 23.0 3%↑ 46%↑ 44.1 84.5 91%↑,7,https://images.samsung.com/is/content/samsung/assets/global/ir/docs/2024_4Q_conference_eng.pdf
2025Q1,2025-03-31,Samsung Electronics,memory_sales,19.1,KRW trillion,2025Q1,True,3,0.0,Memory 17.5 23.0 19.1 17%↓ 9%↑,7,https://images.samsung.com/is/content/samsung/assets/global/ir/docs/2025_1Q_conference_eng.pdf
2025Q2,2025-06-30,Samsung Electronics,memory_sales,21.2,KRW trillion,2025Q2,True,3,0.0,Memory 21.7 19.1 21.2 11%↑ 3%↓,7,https://images.samsung.com/is/content/samsung/assets/global/ir/docs/2025_2Q_conference_eng.pdf
2025Q3,2025-09-30,Samsung Electronics,memory_sales,26.7,KRW trillion,2025Q3,True,2,0.0,Memory 22.3 21.2 26.7 26%↑ 20%↑,7,https://images.samsung.com/is/content/samsung/assets/global/ir/docs/2025_3Q_conference_eng.pdf
2025Q4,2025-12-31,Samsung Electronics,memory_sales,37.1,KRW trillion,2025Q4,True,2,0.0,Memory 23.0 26.7 37.1 39%↑ 62%↑ 84.5 104.1 23%↑,7,https://images.samsung.com/is/content/samsung/assets/global/ir/docs/2025_4Q_conference_eng.pdf
2026Q1,2026-03-31,Samsung Electronics,memory_sales,74.8,KRW trillion,2026Q1,True,2,0.0,Memory 19.1 37.1 74.8 101%↑ 292%↑,13,https://images.samsung.com/is/content/samsung/assets/global/ir/docs/2026_1Q_conference_eng.pdf
2026Q2,2026-06-30,Samsung Electronics,memory_sales,120.8,KRW trillion,2026Q2,True,1,0.0,Memory 21.2 74.8 120.8 62%↑ 471%↑,13,https://images.samsung.com/is/content/samsung/assets/global/ir/docs/2026_2Q_conference_eng.pdf
2013Q3,2013-09-30,Samsung Electronics,semiconductor_operating_profit,2.06,KRW trillion,2014Q3,False,1,0.0,Semiconductor 2.26 0.40 1.86 2.06,4,https://images.samsung.com/is/content/samsung/assets/global/ir/docs/20141030_conference_eng.pdf
2014Q1,2014-03-31,Samsung Electronics,semiconductor_operating_profit,1.95,KRW trillion,2015Q1,False,1,0.0,Semiconductor 2.93 0.23 2.70 1.95,4,https://images.samsung.com/is/content/samsung/assets/global/ir/docs/20150429_conference_eng.pdf
2014Q2,2014-06-30,Samsung Electronics,semiconductor_operating_profit,1.86,KRW trillion,2014Q3,False,2,0.0,Semiconductor 2.26 0.40 1.86 2.06,4,https://images.samsung.com/is/content/samsung/assets/global/ir/docs/20141030_conference_eng.pdf
2014Q3,2014-09-30,Samsung Electronics,semiconductor_operating_profit,2.26,KRW trillion,2014Q3,True,2,0.0,Semiconductor 2.26 0.40 1.86 2.06,4,https://images.samsung.com/is/content/samsung/assets/global/ir/docs/20141030_conference_eng.pdf
2014Q4,2014-12-31,Samsung Electronics,semiconductor_operating_profit,2.7,KRW trillion,2015Q1,False,1,0.0,Semiconductor 2.93 0.23 2.70 1.95,4,https://images.samsung.com/is/content/samsung/assets/global/ir/docs/20150429_conference_eng.pdf
2015Q1,2015-03-31,Samsung Electronics,semiconductor_operating_profit,2.93,KRW trillion,2015Q1,True,2,0.0,Semiconductor 2.93 0.23 2.70 1.95,4,https://images.samsung.com/is/content/samsung/assets/global/ir/docs/20150429_conference_eng.pdf
2015Q2,2015-06-30,Samsung Electronics,semiconductor_operating_profit,3.4,KRW trillion,2015Q2,True,2,0.0,Semiconductor 3.40 0.47↑ 2.93 1.86,4,https://images.samsung.com/is/content/samsung/assets/global/ir/docs/20150730_conference_eng.pdf
2015Q3,2015-09-30,Samsung Electronics,semiconductor_operating_profit,3.66,KRW trillion,2015Q3,True,1,0.0,Semiconductor 3.66 0.26 3.40 2.26,4,https://images.samsung.com/is/content/samsung/assets/global/ir/docs/20151029_conference_eng.pdf
2016Q1,2016-03-31,Samsung Electronics,semiconductor_operating_profit,2.63,KRW trillion,2017Q1,False,1,0.0,Semiconductor 6.31 2.63 4.95 3.68 1.36,4,https://images.samsung.com/is/content/samsung/p5/global/ir/docs/2017_1Q_Earnings_Release_Samsung_Electronics.pdf
2016Q2,2016-06-30,Samsung Electronics,semiconductor_operating_profit,2.64,KRW trillion,2017Q2,False,1,0.0,Semiconductor 8.03 2.64 6.31 5.39 1.72,4,https://images.samsung.com/is/content/samsung/p5/global/ir/docs/2017_2Q_Earnings_Release_Samsung_Electronics.pdf
2016Q3,2016-09-30,Samsung Electronics,semiconductor_operating_profit,3.37,KRW trillion,2017Q3,False,1,0.0,Semiconductor 9.96 3.37 8.03 6.59 1.93,4,https://images.samsung.com/is/content/samsung/p5/global/ir/docs/2017_3Q_Earnings_Release_Samsung_Electronics.pdf
2016Q4,2016-12-31,Samsung Electronics,semiconductor_operating_profit,4.95,KRW trillion,2017Q1,False,1,0.0,Semiconductor 6.31 2.63 4.95 3.68 1.36,4,https://images.samsung.com/is/content/samsung/p5/global/ir/docs/2017_1Q_Earnings_Release_Samsung_Electronics.pdf
2017Q1,2017-03-31,Samsung Electronics,semiconductor_operating_profit,6.31,KRW trillion,2017Q1,True,3,0.0,Semiconductor 6.31 2.63 4.95 3.68 1.36,4,https://images.samsung.com/is/content/samsung/p5/global/ir/docs/2017_1Q_Earnings_Release_Samsung_Electronics.pdf
2017Q2,2017-06-30,Samsung Electronics,semiconductor_operating_profit,8.03,KRW trillion,2017Q2,True,3,0.0,Semiconductor 8.03 2.64 6.31 5.39 1.72,4,https://images.samsung.com/is/content/samsung/p5/global/ir/docs/2017_2Q_Earnings_Release_Samsung_Electronics.pdf
2017Q3,2017-09-30,Samsung Electronics,semiconductor_operating_profit,9.96,KRW trillion,2017Q3,True,2,0.0,Semiconductor 9.96 3.37 8.03 6.59 1.93,4,https://images.samsung.com/is/content/samsung/p5/global/ir/docs/2017_3Q_Earnings_Release_Samsung_Electronics.pdf
2017Q4,2017-12-31,Samsung Electronics,semiconductor_operating_profit,10.9,KRW trillion,2018Q1,False,1,0.0,Semiconductor 11.55 6.31 10.90 5.24 0.65,4,https://images.samsung.com/is/content/samsung/p5/global/ir/docs/2018_1Q_conference_eng.pdf
2018Q1,2018-03-31,Samsung Electronics,semiconductor_operating_profit,11.55,KRW trillion,2018Q1,True,3,0.0,Semiconductor 11.55 6.31 10.90 5.24 0.65,4,https://images.samsung.com/is/content/samsung/p5/global/ir/docs/2018_1Q_conference_eng.pdf
2018Q2,2018-06-30,Samsung Electronics,semiconductor_operating_profit,11.61,KRW trillion,2018Q2,True,3,0.0,Semiconductor 11.61 8.03 11.55 3.58 0.06,4,https://images.samsung.com/is/content/samsung/p5/global/ir/docs/2018_2Q_conference_eng.pdf
2018Q3,2018-09-30,Samsung Electronics,semiconductor_operating_profit,13.65,KRW trillion,2018Q3,True,2,0.0,Semiconductor 13.65 9.96 11.61 3.69 2.04,4,https://images.samsung.com/is/content/samsung/p5/global/ir/docs/2018_3Q_conference_eng.pdf
2018Q4,2018-12-31,Samsung Electronics,semiconductor_operating_profit,7.77,KRW trillion,2019Q1,False,1,0.0,Semiconductor 4.12 11.55 7.77 △7.43 △3.65,4,https://images.samsung.com/is/content/samsung/p5/global/ir/docs/2019_1Q_conference_eng.pdf
2019Q1,2019-03-31,Samsung Electronics,semiconductor_operating_profit,4.12,KRW trillion,2019Q1,True,3,0.0,Semiconductor 4.12 11.55 7.77 △7.43 △3.65,4,https://images.samsung.com/is/content/samsung/p5/global/ir/docs/2019_1Q_conference_eng.pdf
2019Q2,2019-06-30,Samsung Electronics,semiconductor_operating_profit,3.4,KRW trillion,2019Q2,True,3,0.0,Semiconductor 3.40 11.61 4.12 △8.21 △0.72,4,https://images.samsung.com/is/content/samsung/p5/global/ir/docs/2019_2Q_conference_eng.pdf
2019Q3,2019-09-30,Samsung Electronics,semiconductor_operating_profit,3.05,KRW trillion,2019Q3,True,2,0.0,Semiconductor 3.05 13.65 3.40 △10.60 △0.35,4,https://images.samsung.com/is/content/samsung/p5/global/ir/docs/2019_3Q_conference_eng.pdf
2019Q4,2019-12-31,Samsung Electronics,semiconductor_operating_profit,3.45,KRW trillion,2020Q1,False,1,0.0,Semiconductor 3.99 3.45 4.12 0.55 △0.13,4,https://images.samsung.com/is/content/samsung/p5/global/ir/docs/2020_1Q_conference_eng.pdf
2020Q1,2020-03-31,Samsung Electronics,semiconductor_operating_profit,3.99,KRW trillion,2020Q1,True,3,0.0,Semiconductor 3.99 3.45 4.12 0.55 △0.13,4,https://images.samsung.com/is/content/samsung/p5/global/ir/docs/2020_1Q_conference_eng.pdf
2020Q2,2020-06-30,Samsung Electronics,semiconductor_operating_profit,5.43,KRW trillion,2020Q2,True,3,0.0,Semiconductor 5.43 3.99 3.40 1.43 2.03,4,https://images.samsung.com/is/content/samsung/p5/global/ir/docs/2020_2Q_conference_eng.pdf
2020Q3,2020-09-30,Samsung Electronics,semiconductor_operating_profit,5.54,KRW trillion,2020Q3,True,2,0.0,Semiconductor 5.54 5.43 3.05 0.11 2.49,4,https://images.samsung.com/is/content/samsung/p5/global/ir/docs/2020_3Q_conference_eng.pdf
2020Q4,2020-12-31,Samsung Electronics,semiconductor_operating_profit,3.85,KRW trillion,2021Q1,False,1,0.0,Semiconductor 3.37 3.85 3.99 △0.48 △0.63,4,https://images.samsung.com/is/content/samsung/assets/global/ir/docs/2021_1Q_conference_eng.pdf
2021Q1,2021-03-31,Samsung Electronics,semiconductor_operating_profit,3.37,KRW trillion,2021Q1,True,2,0.0,Semiconductor 3.37 3.85 3.99 △0.48 △0.63,4,https://images.samsung.com/is/content/samsung/assets/global/ir/docs/2021_1Q_conference_eng.pdf
2021Q2,2021-06-30,Samsung Electronics,semiconductor_operating_profit,6.93,KRW trillion,2021Q2,True,2,0.0,Semiconductor 6.93 3.37 5.43 3.56 1.50,4,https://images.samsung.com/is/content/samsung/assets/global/ir/docs/2021_2Q_conference_eng.pdf
2021Q3,2021-09-30,Samsung Electronics,semiconductor_operating_profit,10.06,KRW trillion,2021Q3,True,1,0.0,Semiconductor 10.06 6.93 5.54 3.13 4.52,4,https://images.samsung.com/is/content/samsung/assets/global/ir/docs/2021_3Q_conference_eng.pdf
2013Q3,2013-09-30,Samsung Electronics,semiconductor_sales,9.74,KRW trillion,2014Q3,False,1,0.0,Semiconductor 9.89 1%↑ 9.78 9.74,4,https://images.samsung.com/is/content/samsung/assets/global/ir/docs/20141030_conference_eng.pdf
2014Q1,2014-03-31,Samsung Electronics,semiconductor_sales,9.39,KRW trillion,2015Q1,False,1,0.0,Semiconductor 10.27 4%↓ 10.66 9.39,4,https://images.samsung.com/is/content/samsung/assets/global/ir/docs/20150429_conference_eng.pdf
2014Q2,2014-06-30,Samsung Electronics,semiconductor_sales,9.78,KRW trillion,2014Q3,False,2,0.0,Semiconductor 9.89 1%↑ 9.78 9.74,4,https://images.samsung.com/is/content/samsung/assets/global/ir/docs/20141030_conference_eng.pdf
2014Q3,2014-09-30,Samsung Electronics,semiconductor_sales,9.89,KRW trillion,2014Q3,True,2,0.0,Semiconductor 9.89 1%↑ 9.78 9.74,4,https://images.samsung.com/is/content/samsung/assets/global/ir/docs/20141030_conference_eng.pdf
2014Q4,2014-12-31,Samsung Electronics,semiconductor_sales,10.66,KRW trillion,2015Q1,False,1,0.0,Semiconductor 10.27 4%↓ 10.66 9.39,4,https://images.samsung.com/is/content/samsung/assets/global/ir/docs/20150429_conference_eng.pdf
2015Q1,2015-03-31,Samsung Electronics,semiconductor_sales,10.27,KRW trillion,2015Q1,True,2,0.0,Semiconductor 10.27 4%↓ 10.66 9.39,4,https://images.samsung.com/is/content/samsung/assets/global/ir/docs/20150429_conference_eng.pdf
2015Q2,2015-06-30,Samsung Electronics,semiconductor_sales,11.29,KRW trillion,2015Q2,True,2,0.0,Semiconductor 11.29 10%↑ 10.27 9.78,4,https://images.samsung.com/is/content/samsung/assets/global/ir/docs/20150730_conference_eng.pdf
2015Q3,2015-09-30,Samsung Electronics,semiconductor_sales,12.82,KRW trillion,2015Q3,True,1,0.0,Semiconductor 12.82 14%↑ 11.29 9.89,4,https://images.samsung.com/is/content/samsung/assets/global/ir/docs/20151029_conference_eng.pdf
2016Q1,2016-03-31,Samsung Electronics,semiconductor_sales,11.15,KRW trillion,2017Q1,False,1,0.0,Semiconductor 15.66 11.15 14.86 40%↑ 5%↑,4,https://images.samsung.com/is/content/samsung/p5/global/ir/docs/2017_1Q_Earnings_Release_Samsung_Electronics.pdf
2016Q2,2016-06-30,Samsung Electronics,semiconductor_sales,12.0,KRW trillion,2017Q2,False,1,0.0,Semiconductor 17.58 12.00 15.66 46%↑ 12%↑,4,https://images.samsung.com/is/content/samsung/p5/global/ir/docs/2017_2Q_Earnings_Release_Samsung_Electronics.pdf
2016Q3,2016-09-30,Samsung Electronics,semiconductor_sales,13.15,KRW trillion,2017Q3,False,1,0.0,Semiconductor 19.91 13.15 17.58 51%↑ 13%↑,4,https://images.samsung.com/is/content/samsung/p5/global/ir/docs/2017_3Q_Earnings_Release_Samsung_Electronics.pdf
2016Q4,2016-12-31,Samsung Electronics,semiconductor_sales,14.86,KRW trillion,2017Q1,False,1,0.0,Semiconductor 15.66 11.15 14.86 40%↑ 5%↑,4,https://images.samsung.com/is/content/samsung/p5/global/ir/docs/2017_1Q_Earnings_Release_Samsung_Electronics.pdf
2017Q1,2017-03-31,Samsung Electronics,semiconductor_sales,15.66,KRW trillion,2017Q1,True,3,0.0,Semiconductor 15.66 11.15 14.86 40%↑ 5%↑,4,https://images.samsung.com/is/content/samsung/p5/global/ir/docs/2017_1Q_Earnings_Release_Samsung_Electronics.pdf
2017Q2,2017-06-30,Samsung Electronics,semiconductor_sales,17.58,KRW trillion,2017Q2,True,3,0.0,Semiconductor 17.58 12.00 15.66 46%↑ 12%↑,4,https://images.samsung.com/is/content/samsung/p5/global/ir/docs/2017_2Q_Earnings_Release_Samsung_Electronics.pdf
2017Q3,2017-09-30,Samsung Electronics,semiconductor_sales,19.91,KRW trillion,2017Q3,True,2,0.0,Semiconductor 19.91 13.15 17.58 51%↑ 13%↑,4,https://images.samsung.com/is/content/samsung/p5/global/ir/docs/2017_3Q_Earnings_Release_Samsung_Electronics.pdf
2017Q4,2017-12-31,Samsung Electronics,semiconductor_sales,21.11,KRW trillion,2018Q1,False,1,0.0,Semiconductor 20.78 15.66 21.11 33%↑ 2%↓,4,https://images.samsung.com/is/content/samsung/p5/global/ir/docs/2018_1Q_conference_eng.pdf
2018Q1,2018-03-31,Samsung Electronics,semiconductor_sales,20.78,KRW trillion,2018Q1,True,3,0.0,Semiconductor 20.78 15.66 21.11 33%↑ 2%↓,4,https://images.samsung.com/is/content/samsung/p5/global/ir/docs/2018_1Q_conference_eng.pdf
2018Q2,2018-06-30,Samsung Electronics,semiconductor_sales,21.99,KRW trillion,2018Q2,True,3,0.0,Semiconductor 21.99 17.58 20.78 25%↑ 6%↑,4,https://images.samsung.com/is/content/samsung/p5/global/ir/docs/2018_2Q_conference_eng.pdf
2018Q3,2018-09-30,Samsung Electronics,semiconductor_sales,24.77,KRW trillion,2018Q3,True,2,0.0,Semiconductor 24.77 19.91 21.99 24%↑ 13%↑,4,https://images.samsung.com/is/content/samsung/p5/global/ir/docs/2018_3Q_conference_eng.pdf
2018Q4,2018-12-31,Samsung Electronics,semiconductor_sales,18.75,KRW trillion,2019Q1,False,1,0.0,Semiconductor 14.47 20.78 18.75 30%↓ 23%↓,4,https://images.samsung.com/is/content/samsung/p5/global/ir/docs/2019_1Q_conference_eng.pdf
2019Q1,2019-03-31,Samsung Electronics,semiconductor_sales,14.47,KRW trillion,2019Q1,True,3,0.0,Semiconductor 14.47 20.78 18.75 30%↓ 23%↓,4,https://images.samsung.com/is/content/samsung/p5/global/ir/docs/2019_1Q_conference_eng.pdf
2019Q2,2019-06-30,Samsung Electronics,semiconductor_sales,16.09,KRW trillion,2019Q2,True,3,0.0,Semiconductor 16.09 21.99 14.47 27%↓ 11%↑,4,https://images.samsung.com/is/content/samsung/p5/global/ir/docs/2019_2Q_conference_eng.pdf
2019Q3,2019-09-30,Samsung Electronics,semiconductor_sales,17.59,KRW trillion,2019Q3,True,2,0.0,Semiconductor 17.59 24.77 16.09 29%↓ 9%↑,4,https://images.samsung.com/is/content/samsung/p5/global/ir/docs/2019_3Q_conference_eng.pdf
2019Q4,2019-12-31,Samsung Electronics,semiconductor_sales,16.79,KRW trillion,2020Q1,False,1,0.0,Semiconductor 17.64 16.79 14.47 5%↑ 22%↑,4,https://images.samsung.com/is/content/samsung/p5/global/ir/docs/2020_1Q_conference_eng.pdf
2020Q1,2020-03-31,Samsung Electronics,semiconductor_sales,17.64,KRW trillion,2020Q1,True,3,0.0,Semiconductor 17.64 16.79 14.47 5%↑ 22%↑,4,https://images.samsung.com/is/content/samsung/p5/global/ir/docs/2020_1Q_conference_eng.pdf
2020Q2,2020-06-30,Samsung Electronics,semiconductor_sales,18.23,KRW trillion,2020Q2,True,3,0.0,Semiconductor 18.23 17.64 16.09 3%↑ 13%↑,4,https://images.samsung.com/is/content/samsung/p5/global/ir/docs/2020_2Q_conference_eng.pdf
2020Q3,2020-09-30,Samsung Electronics,semiconductor_sales,18.8,KRW trillion,2020Q3,True,2,0.0,Semiconductor 18.80 18.23 17.59 3%↑ 7%↑,4,https://images.samsung.com/is/content/samsung/p5/global/ir/docs/2020_3Q_conference_eng.pdf
2020Q4,2020-12-31,Samsung Electronics,semiconductor_sales,18.18,KRW trillion,2021Q1,False,1,0.0,Semiconductor 19.01 18.18 17.64 5%↑ 8%↑,4,https://images.samsung.com/is/content/samsung/assets/global/ir/docs/2021_1Q_conference_eng.pdf
2021Q1,2021-03-31,Samsung Electronics,semiconductor_sales,19.01,KRW trillion,2021Q1,True,2,0.0,Semiconductor 19.01 18.18 17.64 5%↑ 8%↑,4,https://images.samsung.com/is/content/samsung/assets/global/ir/docs/2021_1Q_conference_eng.pdf
2021Q2,2021-06-30,Samsung Electronics,semiconductor_sales,22.74,KRW trillion,2021Q2,True,2,0.0,Semiconductor 22.74 19.01 18.23 20%↑ 25%↑,4,https://images.samsung.com/is/content/samsung/assets/global/ir/docs/2021_2Q_conference_eng.pdf
2021Q3,2021-09-30,Samsung Electronics,semiconductor_sales,26.41,KRW trillion,2021Q3,True,1,0.0,Semiconductor 26.41 22.74 18.80 16%↑ 40%↑,4,https://images.samsung.com/is/content/samsung/assets/global/ir/docs/2021_3Q_conference_eng.pdf
2013Q3,2013-09-30,Samsung Electronics,total_operating_profit,10.16,KRW trillion,2014Q3,False,1,0.0,Total 4.06 △3.13 7.19 10.16,4,https://images.samsung.com/is/content/samsung/assets/global/ir/docs/20141030_conference_eng.pdf
2014Q1,2014-03-31,Samsung Electronics,total_operating_profit,8.49,KRW trillion,2015Q1,False,1,0.0,Total 5.98 0.69 5.29 8.49,4,https://images.samsung.com/is/content/samsung/assets/global/ir/docs/20150429_conference_eng.pdf
2014Q2,2014-06-30,Samsung Electronics,total_operating_profit,7.19,KRW trillion,2014Q3,False,2,0.0,Total 4.06 △3.13 7.19 10.16,4,https://images.samsung.com/is/content/samsung/assets/global/ir/docs/20141030_conference_eng.pdf
2014Q3,2014-09-30,Samsung Electronics,total_operating_profit,4.06,KRW trillion,2014Q3,True,2,0.0,Total 4.06 △3.13 7.19 10.16,4,https://images.samsung.com/is/content/samsung/assets/global/ir/docs/20141030_conference_eng.pdf
2014Q4,2014-12-31,Samsung Electronics,total_operating_profit,5.29,KRW trillion,2015Q1,False,1,0.0,Total 5.98 0.69 5.29 8.49,4,https://images.samsung.com/is/content/samsung/assets/global/ir/docs/20150429_conference_eng.pdf
2015Q1,2015-03-31,Samsung Electronics,total_operating_profit,5.98,KRW trillion,2015Q1,True,2,0.0,Total 5.98 0.69 5.29 8.49,4,https://images.samsung.com/is/content/samsung/assets/global/ir/docs/20150429_conference_eng.pdf
2015Q2,2015-06-30,Samsung Electronics,total_operating_profit,6.9,KRW trillion,2015Q2,True,2,0.0,Total 6.90 0.92↑ 5.98 7.19,4,https://images.samsung.com/is/content/samsung/assets/global/ir/docs/20150730_conference_eng.pdf
2015Q3,2015-09-30,Samsung Electronics,total_operating_profit,7.39,KRW trillion,2015Q3,True,1,0.0,Total 7.39 0.50 6.90 4.06,4,https://images.samsung.com/is/content/samsung/assets/global/ir/docs/20151029_conference_eng.pdf
2016Q1,2016-03-31,Samsung Electronics,total_operating_profit,6.68,KRW trillion,2017Q1,False,1,0.0,9.90 6.68 9.22 3.22 0.68,4,https://images.samsung.com/is/content/samsung/p5/global/ir/docs/2017_1Q_Earnings_Release_Samsung_Electronics.pdf
2016Q2,2016-06-30,Samsung Electronics,total_operating_profit,8.14,KRW trillion,2017Q2,False,1,0.0,14.07 8.14 9.90 5.92 4.17,4,https://images.samsung.com/is/content/samsung/p5/global/ir/docs/2017_2Q_Earnings_Release_Samsung_Electronics.pdf
2016Q3,2016-09-30,Samsung Electronics,total_operating_profit,5.2,KRW trillion,2017Q3,False,1,0.0,14.53 5.20 14.07 9.33 0.47,4,https://images.samsung.com/is/content/samsung/p5/global/ir/docs/2017_3Q_Earnings_Release_Samsung_Electronics.pdf
2016Q4,2016-12-31,Samsung Electronics,total_operating_profit,9.22,KRW trillion,2017Q1,False,1,0.0,9.90 6.68 9.22 3.22 0.68,4,https://images.samsung.com/is/content/samsung/p5/global/ir/docs/2017_1Q_Earnings_Release_Samsung_Electronics.pdf
2017Q1,2017-03-31,Samsung Electronics,total_operating_profit,9.9,KRW trillion,2017Q1,True,3,0.0,9.90 6.68 9.22 3.22 0.68,4,https://images.samsung.com/is/content/samsung/p5/global/ir/docs/2017_1Q_Earnings_Release_Samsung_Electronics.pdf
2017Q2,2017-06-30,Samsung Electronics,total_operating_profit,14.07,KRW trillion,2017Q2,True,3,0.0,14.07 8.14 9.90 5.92 4.17,4,https://images.samsung.com/is/content/samsung/p5/global/ir/docs/2017_2Q_Earnings_Release_Samsung_Electronics.pdf
2017Q3,2017-09-30,Samsung Electronics,total_operating_profit,14.53,KRW trillion,2017Q3,True,2,0.0,14.53 5.20 14.07 9.33 0.47,4,https://images.samsung.com/is/content/samsung/p5/global/ir/docs/2017_3Q_Earnings_Release_Samsung_Electronics.pdf
2017Q4,2017-12-31,Samsung Electronics,total_operating_profit,15.15,KRW trillion,2018Q1,False,1,0.0,15.64 9.90 15.15 5.74 0.50,4,https://images.samsung.com/is/content/samsung/p5/global/ir/docs/2018_1Q_conference_eng.pdf
2018Q1,2018-03-31,Samsung Electronics,total_operating_profit,15.64,KRW trillion,2018Q1,True,3,0.0,15.64 9.90 15.15 5.74 0.50,4,https://images.samsung.com/is/content/samsung/p5/global/ir/docs/2018_1Q_conference_eng.pdf
2018Q2,2018-06-30,Samsung Electronics,total_operating_profit,14.87,KRW trillion,2018Q2,True,3,0.0,14.87 14.07 15.64 0.80 △0.77,4,https://images.samsung.com/is/content/samsung/p5/global/ir/docs/2018_2Q_conference_eng.pdf
2018Q3,2018-09-30,Samsung Electronics,total_operating_profit,17.57,KRW trillion,2018Q3,True,2,0.0,17.57 14.53 14.87 3.04 2.71,4,https://images.samsung.com/is/content/samsung/p5/global/ir/docs/2018_3Q_conference_eng.pdf
2018Q4,2018-12-31,Samsung Electronics,total_operating_profit,10.8,KRW trillion,2019Q1,False,1,0.0,6.23 15.64 10.80 △9.41 △4.57,4,https://images.samsung.com/is/content/samsung/p5/global/ir/docs/2019_1Q_conference_eng.pdf
2019Q1,2019-03-31,Samsung Electronics,total_operating_profit,6.23,KRW trillion,2019Q1,True,3,0.0,6.23 15.64 10.80 △9.41 △4.57,4,https://images.samsung.com/is/content/samsung/p5/global/ir/docs/2019_1Q_conference_eng.pdf
2019Q2,2019-06-30,Samsung Electronics,total_operating_profit,6.6,KRW trillion,2019Q2,True,3,0.0,6.60 14.87 6.23 △8.27 0.36,4,https://images.samsung.com/is/content/samsung/p5/global/ir/docs/2019_2Q_conference_eng.pdf
2019Q3,2019-09-30,Samsung Electronics,total_operating_profit,7.78,KRW trillion,2019Q3,True,2,0.0,7.78 17.57 6.60 △9.80 1.18,4,https://images.samsung.com/is/content/samsung/p5/global/ir/docs/2019_3Q_conference_eng.pdf
2019Q4,2019-12-31,Samsung Electronics,total_operating_profit,7.16,KRW trillion,2020Q1,False,1,0.0,6.45 7.16 6.23 △0.71 0.21,4,https://images.samsung.com/is/content/samsung/p5/global/ir/docs/2020_1Q_conference_eng.pdf
2020Q1,2020-03-31,Samsung Electronics,total_operating_profit,6.45,KRW trillion,2020Q1,True,3,0.0,6.45 7.16 6.23 △0.71 0.21,4,https://images.samsung.com/is/content/samsung/p5/global/ir/docs/2020_1Q_conference_eng.pdf
2020Q2,2020-06-30,Samsung Electronics,total_operating_profit,8.15,KRW trillion,2020Q2,True,3,0.0,8.15 6.45 6.60 1.70 1.55,4,https://images.samsung.com/is/content/samsung/p5/global/ir/docs/2020_2Q_conference_eng.pdf
2020Q3,2020-09-30,Samsung Electronics,total_operating_profit,12.35,KRW trillion,2020Q3,True,2,0.0,12.35 8.15 7.78 4.21 4.58,4,https://images.samsung.com/is/content/samsung/p5/global/ir/docs/2020_3Q_conference_eng.pdf
2020Q4,2020-12-31,Samsung Electronics,total_operating_profit,9.05,KRW trillion,2021Q1,False,1,0.0,9.38 9.05 6.45 0.34 2.94,4,https://images.samsung.com/is/content/samsung/assets/global/ir/docs/2021_1Q_conference_eng.pdf
2021Q1,2021-03-31,Samsung Electronics,total_operating_profit,9.38,KRW trillion,2021Q1,True,3,0.0,9.38 9.05 6.45 0.34 2.94,4,https://images.samsung.com/is/content/samsung/assets/global/ir/docs/2021_1Q_conference_eng.pdf
2021Q2,2021-06-30,Samsung Electronics,total_operating_profit,12.57,KRW trillion,2021Q2,True,3,0.0,12.57 9.38 8.15 3.18 4.42,4,https://images.samsung.com/is/content/samsung/assets/global/ir/docs/2021_2Q_conference_eng.pdf
2021Q3,2021-09-30,Samsung Electronics,total_operating_profit,15.82,KRW trillion,2021Q3,True,2,0.0,15.82 12.57 12.35 3.25 3.46,4,https://images.samsung.com/is/content/samsung/assets/global/ir/docs/2021_3Q_conference_eng.pdf
2021Q4,2021-12-31,Samsung Electronics,total_operating_profit,13.87,KRW trillion,2022Q1,False,1,0.0,14.12 13.87 9.38 0.25 4.74,4,https://images.samsung.com/is/content/samsung/assets/global/ir/docs/2022_1Q_conference_eng.pdf
2022Q1,2022-03-31,Samsung Electronics,total_operating_profit,14.12,KRW trillion,2022Q1,True,3,0.0,14.12 13.87 9.38 0.25 4.74,4,https://images.samsung.com/is/content/samsung/assets/global/ir/docs/2022_1Q_conference_eng.pdf
2022Q2,2022-06-30,Samsung Electronics,total_operating_profit,14.1,KRW trillion,2022Q2,True,3,0.0,14.10 14.12 12.57 △0.02 1.53,4,https://images.samsung.com/is/content/samsung/assets/global/ir/docs/2022_2Q_conference_eng.pdf
2022Q3,2022-09-30,Samsung Electronics,total_operating_profit,10.85,KRW trillion,2022Q3,True,2,0.0,10.85 14.10 15.82 △3.25 △4.97,4,https://images.samsung.com/is/content/samsung/assets/global/ir/docs/2022_3Q_conference_eng.pdf
2022Q4,2022-12-31,Samsung Electronics,total_operating_profit,4.31,KRW trillion,2023Q1,False,1,0.0,Total 0.64 4.31 14.12 (3.67) (13.48),6,https://images.samsung.com/is/content/samsung/assets/global/ir/docs/2023_1Q_conference_eng.pdf
2023Q1,2023-03-31,Samsung Electronics,total_operating_profit,0.64,KRW trillion,2023Q1,True,3,0.0,Total 0.64 4.31 14.12 (3.67) (13.48),6,https://images.samsung.com/is/content/samsung/assets/global/ir/docs/2023_1Q_conference_eng.pdf
2023Q2,2023-06-30,Samsung Electronics,total_operating_profit,0.67,KRW trillion,2023Q2,True,3,0.0,Total 0.67 0.64 14.10 0.03 (13.43),6,https://images.samsung.com/is/content/samsung/assets/global/ir/docs/2023_2Q_conference_eng.pdf
2023Q3,2023-09-30,Samsung Electronics,total_operating_profit,2.43,KRW trillion,2023Q3,True,2,0.0,Total 2.43 0.67 10.85 1.77 (8.42),6,https://images.samsung.com/is/content/samsung/assets/global/ir/docs/2023_3Q_conference_eng_01.pdf
2023Q4,2023-12-31,Samsung Electronics,total_operating_profit,2.82,KRW trillion,2024Q1,False,2,0.020000000000000018,Total 6.61 2.82 0.64 3.78 5.97,6,https://images.samsung.com/is/content/samsung/assets/global/ir/docs/2024_1Q_conference_eng.pdf
2024Q1,2024-03-31,Samsung Electronics,total_operating_profit,6.61,KRW trillion,2024Q1,True,3,0.010000000000000675,Total 6.61 2.82 0.64 3.78 5.97,6,https://images.samsung.com/is/content/samsung/assets/global/ir/docs/2024_1Q_conference_eng.pdf
2024Q2,2024-06-30,Samsung Electronics,total_operating_profit,10.44,KRW trillion,2024Q2,True,3,0.03999999999999915,Total 0.67 6.61 10.44 3.84 9.78,6,https://images.samsung.com/is/content/samsung/assets/global/ir/docs/2024_2Q_conference_eng.pdf
2024Q3,2024-09-30,Samsung Electronics,total_operating_profit,9.18,KRW trillion,2024Q3,True,3,0.019999999999999574,Total 2.43 10.44 9.18 (1.26) 6.75,6,https://images.samsung.com/is/content/samsung/assets/global/ir/docs/2024_3Q_conference_eng.pdf
2024Q4,2024-12-31,Samsung Electronics,total_operating_profit,6.5,KRW trillion,2024Q4,True,3,0.0,Total 2.8 9.2 6.5 2.7↓ 3.7↑ 6.6 32.7 26.2↑,7,https://images.samsung.com/is/content/samsung/assets/global/ir/docs/2024_4Q_conference_eng.pdf
2025Q1,2025-03-31,Samsung Electronics,total_operating_profit,6.7,KRW trillion,2025Q1,True,3,0.0,Total 6.6 6.5 6.7 0.2↑ 0.1↑,7,https://images.samsung.com/is/content/samsung/assets/global/ir/docs/2025_1Q_conference_eng.pdf
2025Q2,2025-06-30,Samsung Electronics,total_operating_profit,4.7,KRW trillion,2025Q2,True,3,0.0,Total 10.4 6.7 4.7 2.0↓ 5.8↓,7,https://images.samsung.com/is/content/samsung/assets/global/ir/docs/2025_2Q_conference_eng.pdf
2025Q3,2025-09-30,Samsung Electronics,total_operating_profit,12.2,KRW trillion,2025Q3,True,2,0.0,Total 9.2 4.7 12.2 7.5↑ 3.0↑,7,https://images.samsung.com/is/content/samsung/assets/global/ir/docs/2025_3Q_conference_eng.pdf
2025Q4,2025-12-31,Samsung Electronics,total_operating_profit,20.1,KRW trillion,2025Q4,True,2,0.0,Total 6.5 12.2 20.1 7.9↑ 13.6↑ 32.7 43.6 10.9↑,7,https://images.samsung.com/is/content/samsung/assets/global/ir/docs/2025_4Q_conference_eng.pdf
2026Q1,2026-03-31,Samsung Electronics,total_operating_profit,57.2,KRW trillion,2026Q1,True,2,0.0,Total 6.7 20.1 57.2 37.2↑ 50.5↑,13,https://images.samsung.com/is/content/samsung/assets/global/ir/docs/2026_1Q_conference_eng.pdf
2026Q2,2026-06-30,Samsung Electronics,total_operating_profit,89.5,KRW trillion,2026Q2,True,1,0.0,Total 4.7 57.2 89.5 32.3↑ 84.8↑,13,https://images.samsung.com/is/content/samsung/assets/global/ir/docs/2026_2Q_conference_eng.pdf
2013Q3,2013-09-30,Samsung Electronics,total_sales,59.08,KRW trillion,2014Q3,False,1,0.0,Total 47.45 9%↓ 52.35 59.08,4,https://images.samsung.com/is/content/samsung/assets/global/ir/docs/20141030_conference_eng.pdf
2014Q1,2014-03-31,Samsung Electronics,total_sales,53.68,KRW trillion,2015Q1,False,1,0.0,Total 47.12 11%↓ 52.73 53.68,4,https://images.samsung.com/is/content/samsung/assets/global/ir/docs/20150429_conference_eng.pdf
2014Q2,2014-06-30,Samsung Electronics,total_sales,52.35,KRW trillion,2014Q3,False,2,0.0,Total 47.45 9%↓ 52.35 59.08,4,https://images.samsung.com/is/content/samsung/assets/global/ir/docs/20141030_conference_eng.pdf
2014Q3,2014-09-30,Samsung Electronics,total_sales,47.45,KRW trillion,2014Q3,True,2,0.0,Total 47.45 9%↓ 52.35 59.08,4,https://images.samsung.com/is/content/samsung/assets/global/ir/docs/20141030_conference_eng.pdf
2014Q4,2014-12-31,Samsung Electronics,total_sales,52.73,KRW trillion,2015Q1,False,1,0.0,Total 47.12 11%↓ 52.73 53.68,4,https://images.samsung.com/is/content/samsung/assets/global/ir/docs/20150429_conference_eng.pdf
2015Q1,2015-03-31,Samsung Electronics,total_sales,47.12,KRW trillion,2015Q1,True,2,0.0,Total 47.12 11%↓ 52.73 53.68,4,https://images.samsung.com/is/content/samsung/assets/global/ir/docs/20150429_conference_eng.pdf
2015Q2,2015-06-30,Samsung Electronics,total_sales,48.54,KRW trillion,2015Q2,True,2,0.0,Total 48.54 3%↑ 47.12 52.35,4,https://images.samsung.com/is/content/samsung/assets/global/ir/docs/20150730_conference_eng.pdf
2015Q3,2015-09-30,Samsung Electronics,total_sales,51.68,KRW trillion,2015Q3,True,1,0.0,Total 51.68 6%↑ 48.54 47.45,4,https://images.samsung.com/is/content/samsung/assets/global/ir/docs/20151029_conference_eng.pdf
2016Q1,2016-03-31,Samsung Electronics,total_sales,49.78,KRW trillion,2017Q1,False,1,0.0,50.55 49.78 53.33 2%↑ 5%↓,4,https://images.samsung.com/is/content/samsung/p5/global/ir/docs/2017_1Q_Earnings_Release_Samsung_Electronics.pdf
2016Q2,2016-06-30,Samsung Electronics,total_sales,50.94,KRW trillion,2017Q2,False,1,0.0,61.00 50.94 50.55 20%↑ 21%↑,4,https://images.samsung.com/is/content/samsung/p5/global/ir/docs/2017_2Q_Earnings_Release_Samsung_Electronics.pdf
2016Q3,2016-09-30,Samsung Electronics,total_sales,47.82,KRW trillion,2017Q3,False,1,0.0,62.05 47.82 61.00 30%↑ 2%↑,4,https://images.samsung.com/is/content/samsung/p5/global/ir/docs/2017_3Q_Earnings_Release_Samsung_Electronics.pdf
2016Q4,2016-12-31,Samsung Electronics,total_sales,53.33,KRW trillion,2017Q1,False,1,0.0,50.55 49.78 53.33 2%↑ 5%↓,4,https://images.samsung.com/is/content/samsung/p5/global/ir/docs/2017_1Q_Earnings_Release_Samsung_Electronics.pdf
2017Q1,2017-03-31,Samsung Electronics,total_sales,50.55,KRW trillion,2017Q1,True,3,0.0,50.55 49.78 53.33 2%↑ 5%↓,4,https://images.samsung.com/is/content/samsung/p5/global/ir/docs/2017_1Q_Earnings_Release_Samsung_Electronics.pdf
2017Q2,2017-06-30,Samsung Electronics,total_sales,61.0,KRW trillion,2017Q2,True,3,0.0,61.00 50.94 50.55 20%↑ 21%↑,4,https://images.samsung.com/is/content/samsung/p5/global/ir/docs/2017_2Q_Earnings_Release_Samsung_Electronics.pdf
2017Q3,2017-09-30,Samsung Electronics,total_sales,62.05,KRW trillion,2017Q3,True,2,0.0,62.05 47.82 61.00 30%↑ 2%↑,4,https://images.samsung.com/is/content/samsung/p5/global/ir/docs/2017_3Q_Earnings_Release_Samsung_Electronics.pdf
2017Q4,2017-12-31,Samsung Electronics,total_sales,65.98,KRW trillion,2018Q1,False,1,0.0,60.56 50.55 65.98 20%↑ 8%↓,4,https://images.samsung.com/is/content/samsung/p5/global/ir/docs/2018_1Q_conference_eng.pdf
2018Q1,2018-03-31,Samsung Electronics,total_sales,60.56,KRW trillion,2018Q1,True,3,0.0,60.56 50.55 65.98 20%↑ 8%↓,4,https://images.samsung.com/is/content/samsung/p5/global/ir/docs/2018_1Q_conference_eng.pdf
2018Q2,2018-06-30,Samsung Electronics,total_sales,58.48,KRW trillion,2018Q2,True,3,0.0,58.48 61.00 60.56 4%↓ 3%↓,4,https://images.samsung.com/is/content/samsung/p5/global/ir/docs/2018_2Q_conference_eng.pdf
2018Q3,2018-09-30,Samsung Electronics,total_sales,65.46,KRW trillion,2018Q3,True,2,0.0,65.46 62.05 58.48 5%↑ 12%↑,4,https://images.samsung.com/is/content/samsung/p5/global/ir/docs/2018_3Q_conference_eng.pdf
2018Q4,2018-12-31,Samsung Electronics,total_sales,59.27,KRW trillion,2019Q1,False,1,0.0,52.39 60.56 59.27 14%↓ 12%↓,4,https://images.samsung.com/is/content/samsung/p5/global/ir/docs/2019_1Q_conference_eng.pdf
2019Q1,2019-03-31,Samsung Electronics,total_sales,52.39,KRW trillion,2019Q1,True,3,0.0,52.39 60.56 59.27 14%↓ 12%↓,4,https://images.samsung.com/is/content/samsung/p5/global/ir/docs/2019_1Q_conference_eng.pdf
2019Q2,2019-06-30,Samsung Electronics,total_sales,56.13,KRW trillion,2019Q2,True,3,0.0,56.13 58.48 52.39 4%↓ 7%↑,4,https://images.samsung.com/is/content/samsung/p5/global/ir/docs/2019_2Q_conference_eng.pdf
2019Q3,2019-09-30,Samsung Electronics,total_sales,62.0,KRW trillion,2019Q3,True,2,0.0,62.00 65.46 56.13 5%↓ 10%↑,4,https://images.samsung.com/is/content/samsung/p5/global/ir/docs/2019_3Q_conference_eng.pdf
2019Q4,2019-12-31,Samsung Electronics,total_sales,59.88,KRW trillion,2020Q1,False,1,0.0,55.33 59.88 52.39 8%↓ 6%↑,4,https://images.samsung.com/is/content/samsung/p5/global/ir/docs/2020_1Q_conference_eng.pdf
2020Q1,2020-03-31,Samsung Electronics,total_sales,55.33,KRW trillion,2020Q1,True,3,0.0,55.33 59.88 52.39 8%↓ 6%↑,4,https://images.samsung.com/is/content/samsung/p5/global/ir/docs/2020_1Q_conference_eng.pdf
2020Q2,2020-06-30,Samsung Electronics,total_sales,52.97,KRW trillion,2020Q2,True,3,0.0,52.97 55.33 56.13 4%↓ 6%↓,4,https://images.samsung.com/is/content/samsung/p5/global/ir/docs/2020_2Q_conference_eng.pdf
2020Q3,2020-09-30,Samsung Electronics,total_sales,66.96,KRW trillion,2020Q3,True,2,0.0,66.96 52.97 62.00 26%↑ 8%↑,4,https://images.samsung.com/is/content/samsung/p5/global/ir/docs/2020_3Q_conference_eng.pdf
2020Q4,2020-12-31,Samsung Electronics,total_sales,61.55,KRW trillion,2021Q1,False,1,0.0,65.39 61.55 55.33 6%↑ 18%↑,4,https://images.samsung.com/is/content/samsung/assets/global/ir/docs/2021_1Q_conference_eng.pdf
2021Q1,2021-03-31,Samsung Electronics,total_sales,65.39,KRW trillion,2021Q1,True,3,0.0,65.39 61.55 55.33 6%↑ 18%↑,4,https://images.samsung.com/is/content/samsung/assets/global/ir/docs/2021_1Q_conference_eng.pdf
2021Q2,2021-06-30,Samsung Electronics,total_sales,63.67,KRW trillion,2021Q2,True,3,0.0,63.67 65.39 52.97 3%↓ 20%↑,4,https://images.samsung.com/is/content/samsung/assets/global/ir/docs/2021_2Q_conference_eng.pdf
2021Q3,2021-09-30,Samsung Electronics,total_sales,73.98,KRW trillion,2021Q3,True,2,0.0,73.98 63.67 66.96 16%↑ 10%↑,4,https://images.samsung.com/is/content/samsung/assets/global/ir/docs/2021_3Q_conference_eng.pdf
2021Q4,2021-12-31,Samsung Electronics,total_sales,76.57,KRW trillion,2022Q1,False,1,0.0,77.78 76.57 65.39 2%↑ 19%↑,4,https://images.samsung.com/is/content/samsung/assets/global/ir/docs/2022_1Q_conference_eng.pdf
2022Q1,2022-03-31,Samsung Electronics,total_sales,77.78,KRW trillion,2022Q1,True,3,0.0,77.78 76.57 65.39 2%↑ 19%↑,4,https://images.samsung.com/is/content/samsung/assets/global/ir/docs/2022_1Q_conference_eng.pdf
2022Q2,2022-06-30,Samsung Electronics,total_sales,77.2,KRW trillion,2022Q2,True,3,0.0,77.20 77.78 63.67 1%↓ 21%↑,4,https://images.samsung.com/is/content/samsung/assets/global/ir/docs/2022_2Q_conference_eng.pdf
2022Q3,2022-09-30,Samsung Electronics,total_sales,76.78,KRW trillion,2022Q3,True,2,0.0,76.78 77.20 73.98 1%↓ 4%↑,4,https://images.samsung.com/is/content/samsung/assets/global/ir/docs/2022_3Q_conference_eng.pdf
2022Q4,2022-12-31,Samsung Electronics,total_sales,70.46,KRW trillion,2023Q1,False,1,0.0,Total 63.75 70.46 77.78 10%↓ 18%↓,6,https://images.samsung.com/is/content/samsung/assets/global/ir/docs/2023_1Q_conference_eng.pdf
2023Q1,2023-03-31,Samsung Electronics,total_sales,63.75,KRW trillion,2023Q1,True,3,0.0,Total 63.75 70.46 77.78 10%↓ 18%↓,6,https://images.samsung.com/is/content/samsung/assets/global/ir/docs/2023_1Q_conference_eng.pdf
2023Q2,2023-06-30,Samsung Electronics,total_sales,60.01,KRW trillion,2023Q2,True,3,0.0,Total 60.01 63.75 77.20 6%↓ 22%↓,6,https://images.samsung.com/is/content/samsung/assets/global/ir/docs/2023_2Q_conference_eng.pdf
2023Q3,2023-09-30,Samsung Electronics,total_sales,67.4,KRW trillion,2023Q3,True,2,0.0,Total 67.40 60.01 76.78 12%↑ 12%↓,6,https://images.samsung.com/is/content/samsung/assets/global/ir/docs/2023_3Q_conference_eng_01.pdf
2023Q4,2023-12-31,Samsung Electronics,total_sales,67.78,KRW trillion,2024Q1,False,2,0.01999999999999602,Total 71.92 67.78 63.75 6%↑ 13%↑,6,https://images.samsung.com/is/content/samsung/assets/global/ir/docs/2024_1Q_conference_eng.pdf
2024Q1,2024-03-31,Samsung Electronics,total_sales,71.92,KRW trillion,2024Q1,True,3,0.01999999999999602,Total 71.92 67.78 63.75 6%↑ 13%↑,6,https://images.samsung.com/is/content/samsung/assets/global/ir/docs/2024_1Q_conference_eng.pdf
2024Q2,2024-06-30,Samsung Electronics,total_sales,74.07,KRW trillion,2024Q2,True,3,0.030000000000001137,Total 60.01 71.92 74.07 3%↑ 23%↑,6,https://images.samsung.com/is/content/samsung/assets/global/ir/docs/2024_2Q_conference_eng.pdf
2024Q3,2024-09-30,Samsung Electronics,total_sales,79.1,KRW trillion,2024Q3,True,3,0.0,Total 67.40 74.07 79.10 7%↑ 17%↑,6,https://images.samsung.com/is/content/samsung/assets/global/ir/docs/2024_3Q_conference_eng.pdf
2024Q4,2024-12-31,Samsung Electronics,total_sales,75.8,KRW trillion,2024Q4,True,3,0.0,Total 67.8 79.1 75.8 4%↓ 12%↑ 258.9 300.9 16%↑,7,https://images.samsung.com/is/content/samsung/assets/global/ir/docs/2024_4Q_conference_eng.pdf
2025Q1,2025-03-31,Samsung Electronics,total_sales,79.1,KRW trillion,2025Q1,True,3,0.0,Total 71.9 75.8 79.1 4%↑ 10%↑,7,https://images.samsung.com/is/content/samsung/assets/global/ir/docs/2025_1Q_conference_eng.pdf
2025Q2,2025-06-30,Samsung Electronics,total_sales,74.6,KRW trillion,2025Q2,True,3,0.0,Total 74.1 79.1 74.6 6%↓ 1%↑,7,https://images.samsung.com/is/content/samsung/assets/global/ir/docs/2025_2Q_conference_eng.pdf
2025Q3,2025-09-30,Samsung Electronics,total_sales,86.1,KRW trillion,2025Q3,True,2,0.0,Total 79.1 74.6 86.1 15%↑ 9%↑,7,https://images.samsung.com/is/content/samsung/assets/global/ir/docs/2025_3Q_conference_eng.pdf
2025Q4,2025-12-31,Samsung Electronics,total_sales,93.8,KRW trillion,2025Q4,True,2,0.0,Total 75.8 86.1 93.8 9%↑ 24%↑ 300.9 333.6 11%↑,7,https://images.samsung.com/is/content/samsung/assets/global/ir/docs/2025_4Q_conference_eng.pdf
2026Q1,2026-03-31,Samsung Electronics,total_sales,133.9,KRW trillion,2026Q1,True,2,0.0,Total 79.1 93.8 133.9 43%↑ 69%↑,13,https://images.samsung.com/is/content/samsung/assets/global/ir/docs/2026_1Q_conference_eng.pdf
2026Q2,2026-06-30,Samsung Electronics,total_sales,171.5,KRW trillion,2026Q2,True,1,0.0,Total 74.6 133.9 171.5 28%↑ 130%↑,13,https://images.samsung.com/is/content/samsung/assets/global/ir/docs/2026_2Q_conference_eng.pdf
