vendor,family,brand,model,cores,threads,p_cores,e_cores,base_ghz,boost_ghz,l3_mb,tdp_w,release_date,release_date_precision,release_raw,launch_price_usd,price_raw,release_date_basis,wiki_page,wiki_section,wiki_revid,source_url
AMD,Ryzen 3000 (Zen 2),Ryzen 9,3950X,16.0,32.0,,,3.5,4.7,64.0,105.0,2019-11-25,day,"Nov 25, 2019",749.0,US $749,table,List of AMD Ryzen processors,"Desktop processors > Ryzen 3000 series > Matisse (3000 series, Zen 2 based)",1376710910,https://en.wikipedia.org/w/index.php?title=List_of_AMD_Ryzen_processors&oldid=1376710910
AMD,Ryzen 3000 (Zen 2),Ryzen 9,3900XT,12.0,24.0,,,3.8,4.7,64.0,105.0,2020-07-07,day,"Jul 7, 2020",499.0,US $499,table,List of AMD Ryzen processors,"Desktop processors > Ryzen 3000 series > Matisse (3000 series, Zen 2 based)",1376710910,https://en.wikipedia.org/w/index.php?title=List_of_AMD_Ryzen_processors&oldid=1376710910
AMD,Ryzen 3000 (Zen 2),Ryzen 9,3900X,12.0,24.0,,,3.8,4.6,64.0,105.0,2019-07-07,day,"Jul 7, 2019",499.0,US $499,table,List of AMD Ryzen processors,"Desktop processors > Ryzen 3000 series > Matisse (3000 series, Zen 2 based)",1376710910,https://en.wikipedia.org/w/index.php?title=List_of_AMD_Ryzen_processors&oldid=1376710910
AMD,Ryzen 3000 (Zen 2),Ryzen 9,3900,12.0,24.0,,,3.1,4.3,64.0,65.0,2019-10-08,day,"Oct 8, 2019",,OEM,table,List of AMD Ryzen processors,"Desktop processors > Ryzen 3000 series > Matisse (3000 series, Zen 2 based)",1376710910,https://en.wikipedia.org/w/index.php?title=List_of_AMD_Ryzen_processors&oldid=1376710910
AMD,Ryzen 3000 (Zen 2),Ryzen 7,3800XT,8.0,16.0,,,3.9,4.7,32.0,105.0,2020-07-07,day,"Jul 7, 2020",399.0,US $399,table,List of AMD Ryzen processors,"Desktop processors > Ryzen 3000 series > Matisse (3000 series, Zen 2 based)",1376710910,https://en.wikipedia.org/w/index.php?title=List_of_AMD_Ryzen_processors&oldid=1376710910
AMD,Ryzen 3000 (Zen 2),Ryzen 7,3800X,8.0,16.0,,,3.9,4.5,32.0,105.0,2019-07-07,day,"Jul 7, 2019",399.0,US $399,table,List of AMD Ryzen processors,"Desktop processors > Ryzen 3000 series > Matisse (3000 series, Zen 2 based)",1376710910,https://en.wikipedia.org/w/index.php?title=List_of_AMD_Ryzen_processors&oldid=1376710910
AMD,Ryzen 3000 (Zen 2),Ryzen 7,3700X,8.0,16.0,,,3.6,4.4,32.0,65.0,2019-07-07,day,"Jul 7, 2019",329.0,US $329,table,List of AMD Ryzen processors,"Desktop processors > Ryzen 3000 series > Matisse (3000 series, Zen 2 based)",1376710910,https://en.wikipedia.org/w/index.php?title=List_of_AMD_Ryzen_processors&oldid=1376710910
AMD,Ryzen 3000 (Zen 2),Ryzen 5,3600XT,6.0,12.0,,,3.8,4.5,32.0,95.0,2020-07-07,day,"Jul 7, 2020",249.0,US $249,table,List of AMD Ryzen processors,"Desktop processors > Ryzen 3000 series > Matisse (3000 series, Zen 2 based)",1376710910,https://en.wikipedia.org/w/index.php?title=List_of_AMD_Ryzen_processors&oldid=1376710910
AMD,Ryzen 3000 (Zen 2),Ryzen 5,3600X,6.0,12.0,,,3.8,4.4,32.0,95.0,2019-07-07,day,"Jul 7, 2019",249.0,US $249,table,List of AMD Ryzen processors,"Desktop processors > Ryzen 3000 series > Matisse (3000 series, Zen 2 based)",1376710910,https://en.wikipedia.org/w/index.php?title=List_of_AMD_Ryzen_processors&oldid=1376710910
AMD,Ryzen 3000 (Zen 2),Ryzen 5,3600,6.0,12.0,,,3.6,4.2,32.0,65.0,2019-07-07,day,"Jul 7, 2019",199.0,US $199,table,List of AMD Ryzen processors,"Desktop processors > Ryzen 3000 series > Matisse (3000 series, Zen 2 based)",1376710910,https://en.wikipedia.org/w/index.php?title=List_of_AMD_Ryzen_processors&oldid=1376710910
AMD,Ryzen 3000 (Zen 2),Ryzen 5,3500X,6.0,6.0,,,3.6,4.1,32.0,65.0,2019-10-08,day,"Oct 8, 2019",,CNY 1099 / (Mainland China Only),table,List of AMD Ryzen processors,"Desktop processors > Ryzen 3000 series > Matisse (3000 series, Zen 2 based)",1376710910,https://en.wikipedia.org/w/index.php?title=List_of_AMD_Ryzen_processors&oldid=1376710910
AMD,Ryzen 3000 (Zen 2),Ryzen 5,3500,6.0,6.0,,,3.6,4.1,16.0,65.0,2019-11-15,day,"Nov 15, 2019",,OEM (Worldwide) JPY 16000 / (Japan Only),table,List of AMD Ryzen processors,"Desktop processors > Ryzen 3000 series > Matisse (3000 series, Zen 2 based)",1376710910,https://en.wikipedia.org/w/index.php?title=List_of_AMD_Ryzen_processors&oldid=1376710910
AMD,Ryzen 3000 (Zen 2),Ryzen 3,3300X,4.0,8.0,,,3.8,4.3,16.0,65.0,2020-04-21,day,"Apr 21, 2020",119.0,US $119,table,List of AMD Ryzen processors,"Desktop processors > Ryzen 3000 series > Matisse (3000 series, Zen 2 based)",1376710910,https://en.wikipedia.org/w/index.php?title=List_of_AMD_Ryzen_processors&oldid=1376710910
AMD,Ryzen 3000 (Zen 2),Ryzen 3,3100,4.0,8.0,,,3.6,3.9,16.0,65.0,2020-04-21,day,"Apr 21, 2020",99.0,US $99,table,List of AMD Ryzen processors,"Desktop processors > Ryzen 3000 series > Matisse (3000 series, Zen 2 based)",1376710910,https://en.wikipedia.org/w/index.php?title=List_of_AMD_Ryzen_processors&oldid=1376710910
AMD,Ryzen 5000 (Zen 3),Ryzen 9,5950X,16.0,32.0,,,3.4,4.9,64.0,105.0,2020-11-05,day,"Nov 5, 2020",799.0,US $799,table,List of AMD Ryzen processors,"Desktop processors > Ryzen 5000 series > Vermeer (5000 series, Zen 3 based)",1376710910,https://en.wikipedia.org/w/index.php?title=List_of_AMD_Ryzen_processors&oldid=1376710910
AMD,Ryzen 5000 (Zen 3),Ryzen 9,5900XT,16.0,32.0,,,3.3,4.8,64.0,105.0,2024-07-31,day,"Jul 31, 2024",349.0,US $349,table,List of AMD Ryzen processors,"Desktop processors > Ryzen 5000 series > Vermeer (5000 series, Zen 3 based)",1376710910,https://en.wikipedia.org/w/index.php?title=List_of_AMD_Ryzen_processors&oldid=1376710910
AMD,Ryzen 5000 (Zen 3),Ryzen 9,5900X,12.0,24.0,,,3.7,4.8,64.0,105.0,2020-11-05,day,"Nov 5, 2020",549.0,US $549,table,List of AMD Ryzen processors,"Desktop processors > Ryzen 5000 series > Vermeer (5000 series, Zen 3 based)",1376710910,https://en.wikipedia.org/w/index.php?title=List_of_AMD_Ryzen_processors&oldid=1376710910
AMD,Ryzen 5000 (Zen 3),Ryzen 9,5900,12.0,24.0,,,3.0,4.7,64.0,65.0,2021-01-12,day,"Jan 12, 2021",,OEM,table,List of AMD Ryzen processors,"Desktop processors > Ryzen 5000 series > Vermeer (5000 series, Zen 3 based)",1376710910,https://en.wikipedia.org/w/index.php?title=List_of_AMD_Ryzen_processors&oldid=1376710910
AMD,Ryzen 5000 (Zen 3),Ryzen 9,PRO 5945,12.0,24.0,,,3.0,4.7,64.0,65.0,2022-09-01,month,Sep 2022,,OEM,table,List of AMD Ryzen processors,"Desktop processors > Ryzen 5000 series > Vermeer (5000 series, Zen 3 based)",1376710910,https://en.wikipedia.org/w/index.php?title=List_of_AMD_Ryzen_processors&oldid=1376710910
AMD,Ryzen 5000 (Zen 3),Ryzen 7,5800X3D,8.0,16.0,,,3.4,4.5,96.0,105.0,2022-04-20,day,"Apr 20, 2022 / Jun 25, 2026 (10th ann. ed.)",449.0,US $449 / US $349 (10th ann. ed.),table,List of AMD Ryzen processors,"Desktop processors > Ryzen 5000 series > Vermeer (5000 series, Zen 3 based)",1376710910,https://en.wikipedia.org/w/index.php?title=List_of_AMD_Ryzen_processors&oldid=1376710910
AMD,Ryzen 5000 (Zen 3),Ryzen 7,5800XT,8.0,16.0,,,3.8,4.8,32.0,105.0,2024-07-31,day,"Jul 31, 2024",249.0,US $249,table,List of AMD Ryzen processors,"Desktop processors > Ryzen 5000 series > Vermeer (5000 series, Zen 3 based)",1376710910,https://en.wikipedia.org/w/index.php?title=List_of_AMD_Ryzen_processors&oldid=1376710910
AMD,Ryzen 5000 (Zen 3),Ryzen 7,5800X,8.0,16.0,,,3.8,4.7,32.0,105.0,2020-11-05,day,"Nov 5, 2020",449.0,US $449,table,List of AMD Ryzen processors,"Desktop processors > Ryzen 5000 series > Vermeer (5000 series, Zen 3 based)",1376710910,https://en.wikipedia.org/w/index.php?title=List_of_AMD_Ryzen_processors&oldid=1376710910
AMD,Ryzen 5000 (Zen 3),Ryzen 7,5800,8.0,16.0,,,3.4,4.6,32.0,65.0,2021-01-12,day,"Jan 12, 2021",,OEM,table,List of AMD Ryzen processors,"Desktop processors > Ryzen 5000 series > Vermeer (5000 series, Zen 3 based)",1376710910,https://en.wikipedia.org/w/index.php?title=List_of_AMD_Ryzen_processors&oldid=1376710910
AMD,Ryzen 5000 (Zen 3),Ryzen 7,5700X3D,8.0,16.0,,,3.0,4.1,96.0,105.0,2024-01-31,day,"Jan 31, 2024",249.0,US $249,table,List of AMD Ryzen processors,"Desktop processors > Ryzen 5000 series > Vermeer (5000 series, Zen 3 based)",1376710910,https://en.wikipedia.org/w/index.php?title=List_of_AMD_Ryzen_processors&oldid=1376710910
AMD,Ryzen 5000 (Zen 3),Ryzen 7,5700X,8.0,16.0,,,3.4,4.6,32.0,65.0,2022-04-04,day,"Apr 4, 2022",299.0,US $299,table,List of AMD Ryzen processors,"Desktop processors > Ryzen 5000 series > Vermeer (5000 series, Zen 3 based)",1376710910,https://en.wikipedia.org/w/index.php?title=List_of_AMD_Ryzen_processors&oldid=1376710910
AMD,Ryzen 5000 (Zen 3),Ryzen 7,PRO 5845,8.0,16.0,,,3.4,4.6,32.0,65.0,2022-09-01,month,Sep 2022,,OEM,table,List of AMD Ryzen processors,"Desktop processors > Ryzen 5000 series > Vermeer (5000 series, Zen 3 based)",1376710910,https://en.wikipedia.org/w/index.php?title=List_of_AMD_Ryzen_processors&oldid=1376710910
AMD,Ryzen 5000 (Zen 3),Ryzen 5,5600X3D,6.0,12.0,,,3.3,4.4,96.0,105.0,2023-07-07,day,"Jul 7, 2023",,US $229 / US Only,table,List of AMD Ryzen processors,"Desktop processors > Ryzen 5000 series > Vermeer (5000 series, Zen 3 based)",1376710910,https://en.wikipedia.org/w/index.php?title=List_of_AMD_Ryzen_processors&oldid=1376710910
AMD,Ryzen 5000 (Zen 3),Ryzen 5,5600XT,6.0,12.0,,,3.7,4.7,32.0,65.0,2024-10-31,day,"Oct 31, 2024",194.0,US $194,table,List of AMD Ryzen processors,"Desktop processors > Ryzen 5000 series > Vermeer (5000 series, Zen 3 based)",1376710910,https://en.wikipedia.org/w/index.php?title=List_of_AMD_Ryzen_processors&oldid=1376710910
AMD,Ryzen 5000 (Zen 3),Ryzen 5,5600X,6.0,12.0,,,3.7,4.6,32.0,65.0,2020-11-05,day,"Nov 5, 2020",299.0,US $299,table,List of AMD Ryzen processors,"Desktop processors > Ryzen 5000 series > Vermeer (5000 series, Zen 3 based)",1376710910,https://en.wikipedia.org/w/index.php?title=List_of_AMD_Ryzen_processors&oldid=1376710910
AMD,Ryzen 5000 (Zen 3),Ryzen 5,5600T,6.0,12.0,,,3.5,4.5,32.0,65.0,2024-10-31,day,"Oct 31, 2024",186.0,US $186,table,List of AMD Ryzen processors,"Desktop processors > Ryzen 5000 series > Vermeer (5000 series, Zen 3 based)",1376710910,https://en.wikipedia.org/w/index.php?title=List_of_AMD_Ryzen_processors&oldid=1376710910
AMD,Ryzen 5000 (Zen 3),Ryzen 5,5600,6.0,12.0,,,3.5,4.4,32.0,65.0,2022-04-04,day,"Apr 4, 2022",199.0,US $199,table,List of AMD Ryzen processors,"Desktop processors > Ryzen 5000 series > Vermeer (5000 series, Zen 3 based)",1376710910,https://en.wikipedia.org/w/index.php?title=List_of_AMD_Ryzen_processors&oldid=1376710910
AMD,Ryzen 5000 (Zen 3),Ryzen 5,5600F,6.0,12.0,,,3.0,4.0,32.0,65.0,2025-09-16,day,"Sep 16, 2025",,APJ Only,table,List of AMD Ryzen processors,"Desktop processors > Ryzen 5000 series > Vermeer (5000 series, Zen 3 based)",1376710910,https://en.wikipedia.org/w/index.php?title=List_of_AMD_Ryzen_processors&oldid=1376710910
AMD,Ryzen 5000 (Zen 3),Ryzen 5,PRO 5645,6.0,12.0,,,3.7,4.6,32.0,65.0,2022-09-01,month,Sep 2022,,OEM,table,List of AMD Ryzen processors,"Desktop processors > Ryzen 5000 series > Vermeer (5000 series, Zen 3 based)",1376710910,https://en.wikipedia.org/w/index.php?title=List_of_AMD_Ryzen_processors&oldid=1376710910
AMD,Ryzen 5000 (Zen 3),Ryzen 5,5500X3D,6.0,12.0,,,3.0,4.0,96.0,105.0,2025-06-05,day,"Jun 5, 2025",,"¥‌1099, LATAM, China and UK Only",table,List of AMD Ryzen processors,"Desktop processors > Ryzen 5000 series > Vermeer (5000 series, Zen 3 based)",1376710910,https://en.wikipedia.org/w/index.php?title=List_of_AMD_Ryzen_processors&oldid=1376710910
AMD,Ryzen 5000 (Zen 3),Ryzen 5,5500F,6.0,12.0,,,3.0,4.4,16.0,65.0,2026-09-10,day,"Sep 10, 2026",99.0,US $99,table,List of AMD Ryzen processors,"Desktop processors > Ryzen 5000 series > Vermeer (5000 series, Zen 3 based)",1376710910,https://en.wikipedia.org/w/index.php?title=List_of_AMD_Ryzen_processors&oldid=1376710910
AMD,Ryzen 7000 (Zen 4),Ryzen 9,7950X3D,16.0,32.0,,,4.2,5.7,128.0,120.0,2023-02-28,day,"Feb 28, 2023",699.0,US $699,table,List of AMD Ryzen processors,"Desktop processors > Ryzen 7000 series > Raphael (7000 series, Zen 4/RDNA2 based)",1376710910,https://en.wikipedia.org/w/index.php?title=List_of_AMD_Ryzen_processors&oldid=1376710910
AMD,Ryzen 7000 (Zen 4),Ryzen 9,7950X,16.0,32.0,,,4.5,5.7,64.0,170.0,2022-09-27,day,"Sep 27, 2022",699.0,US $699,table,List of AMD Ryzen processors,"Desktop processors > Ryzen 7000 series > Raphael (7000 series, Zen 4/RDNA2 based)",1376710910,https://en.wikipedia.org/w/index.php?title=List_of_AMD_Ryzen_processors&oldid=1376710910
AMD,Ryzen 7000 (Zen 4),Ryzen 9,7900X3D,12.0,24.0,,,4.4,5.6,128.0,120.0,2023-02-28,day,"Feb 28, 2023",599.0,US $599,table,List of AMD Ryzen processors,"Desktop processors > Ryzen 7000 series > Raphael (7000 series, Zen 4/RDNA2 based)",1376710910,https://en.wikipedia.org/w/index.php?title=List_of_AMD_Ryzen_processors&oldid=1376710910
AMD,Ryzen 7000 (Zen 4),Ryzen 9,7900X,12.0,24.0,,,4.7,5.6,64.0,170.0,2022-09-27,day,"Sep 27, 2022",549.0,US $549,table,List of AMD Ryzen processors,"Desktop processors > Ryzen 7000 series > Raphael (7000 series, Zen 4/RDNA2 based)",1376710910,https://en.wikipedia.org/w/index.php?title=List_of_AMD_Ryzen_processors&oldid=1376710910
AMD,Ryzen 7000 (Zen 4),Ryzen 9,7900,12.0,24.0,,,3.7,5.4,64.0,65.0,2023-01-10,day,"Jan 10, 2023",429.0,US $429,table,List of AMD Ryzen processors,"Desktop processors > Ryzen 7000 series > Raphael (7000 series, Zen 4/RDNA2 based)",1376710910,https://en.wikipedia.org/w/index.php?title=List_of_AMD_Ryzen_processors&oldid=1376710910
AMD,Ryzen 7000 (Zen 4),Ryzen 9,PRO 7945,12.0,24.0,,,3.7,5.4,64.0,65.0,2023-06-13,day,"Jun 13, 2023",,OEM,table,List of AMD Ryzen processors,"Desktop processors > Ryzen 7000 series > Raphael (7000 series, Zen 4/RDNA2 based)",1376710910,https://en.wikipedia.org/w/index.php?title=List_of_AMD_Ryzen_processors&oldid=1376710910
AMD,Ryzen 7000 (Zen 4),Ryzen 7,7800X3D,8.0,16.0,,,4.2,5.0,96.0,120.0,2023-04-06,day,"Apr 6, 2023",449.0,US $449,table,List of AMD Ryzen processors,"Desktop processors > Ryzen 7000 series > Raphael (7000 series, Zen 4/RDNA2 based)",1376710910,https://en.wikipedia.org/w/index.php?title=List_of_AMD_Ryzen_processors&oldid=1376710910
AMD,Ryzen 7000 (Zen 4),Ryzen 7,7700X3D,8.0,16.0,,,4.0,4.5,96.0,120.0,2026-07-16,day,"Jul 16, 2026",329.0,US $329,table,List of AMD Ryzen processors,"Desktop processors > Ryzen 7000 series > Raphael (7000 series, Zen 4/RDNA2 based)",1376710910,https://en.wikipedia.org/w/index.php?title=List_of_AMD_Ryzen_processors&oldid=1376710910
AMD,Ryzen 7000 (Zen 4),Ryzen 7,7700X,8.0,16.0,,,4.5,5.4,32.0,105.0,2022-09-27,day,"Sep 27, 2022",399.0,US $399,table,List of AMD Ryzen processors,"Desktop processors > Ryzen 7000 series > Raphael (7000 series, Zen 4/RDNA2 based)",1376710910,https://en.wikipedia.org/w/index.php?title=List_of_AMD_Ryzen_processors&oldid=1376710910
AMD,Ryzen 7000 (Zen 4),Ryzen 7,7700,8.0,16.0,,,3.8,5.3,32.0,65.0,2023-01-10,day,"Jan 10, 2023",329.0,US $329,table,List of AMD Ryzen processors,"Desktop processors > Ryzen 7000 series > Raphael (7000 series, Zen 4/RDNA2 based)",1376710910,https://en.wikipedia.org/w/index.php?title=List_of_AMD_Ryzen_processors&oldid=1376710910
AMD,Ryzen 7000 (Zen 4),Ryzen 7,PRO 7745,8.0,16.0,,,3.8,5.3,32.0,65.0,2023-06-13,day,"Jun 13, 2023",,OEM,table,List of AMD Ryzen processors,"Desktop processors > Ryzen 7000 series > Raphael (7000 series, Zen 4/RDNA2 based)",1376710910,https://en.wikipedia.org/w/index.php?title=List_of_AMD_Ryzen_processors&oldid=1376710910
AMD,Ryzen 7000 (Zen 4),Ryzen 5,7600X3D,6.0,12.0,,,4.1,4.7,96.0,65.0,2024-08-31,day,"Aug 31, 2024",299.0,US $299,table,List of AMD Ryzen processors,"Desktop processors > Ryzen 7000 series > Raphael (7000 series, Zen 4/RDNA2 based)",1376710910,https://en.wikipedia.org/w/index.php?title=List_of_AMD_Ryzen_processors&oldid=1376710910
AMD,Ryzen 7000 (Zen 4),Ryzen 5,7600X,6.0,12.0,,,4.7,5.3,32.0,105.0,2022-09-27,day,"Sep 27, 2022",299.0,US $299,table,List of AMD Ryzen processors,"Desktop processors > Ryzen 7000 series > Raphael (7000 series, Zen 4/RDNA2 based)",1376710910,https://en.wikipedia.org/w/index.php?title=List_of_AMD_Ryzen_processors&oldid=1376710910
AMD,Ryzen 7000 (Zen 4),Ryzen 5,7600,6.0,12.0,,,3.8,5.1,32.0,65.0,2023-01-10,day,"Jan 10, 2023",229.0,US $229,table,List of AMD Ryzen processors,"Desktop processors > Ryzen 7000 series > Raphael (7000 series, Zen 4/RDNA2 based)",1376710910,https://en.wikipedia.org/w/index.php?title=List_of_AMD_Ryzen_processors&oldid=1376710910
AMD,Ryzen 7000 (Zen 4),Ryzen 5,PRO 7645,6.0,12.0,,,3.8,5.1,32.0,65.0,2023-06-13,day,"Jun 13, 2023",,OEM,table,List of AMD Ryzen processors,"Desktop processors > Ryzen 7000 series > Raphael (7000 series, Zen 4/RDNA2 based)",1376710910,https://en.wikipedia.org/w/index.php?title=List_of_AMD_Ryzen_processors&oldid=1376710910
AMD,Ryzen 7000 (Zen 4),Ryzen 5,7500X3D,6.0,12.0,,,4.0,4.5,96.0,65.0,2025-11-12,day,"Nov 12, 2025",,OEM,table,List of AMD Ryzen processors,"Desktop processors > Ryzen 7000 series > Raphael (7000 series, Zen 4/RDNA2 based)",1376710910,https://en.wikipedia.org/w/index.php?title=List_of_AMD_Ryzen_processors&oldid=1376710910
AMD,Ryzen 7000 (Zen 4),Ryzen 5,7500,6.0,12.0,,,3.7,5.0,32.0,65.0,2026-09-10,day,"Sep 10, 2026",189.0,US $189,table,List of AMD Ryzen processors,"Desktop processors > Ryzen 7000 series > Raphael (7000 series, Zen 4/RDNA2 based)",1376710910,https://en.wikipedia.org/w/index.php?title=List_of_AMD_Ryzen_processors&oldid=1376710910
AMD,Ryzen 7000 (Zen 4),Ryzen 5,7500F,6.0,12.0,,,3.7,5.0,32.0,65.0,2023-07-22,day,"Jul 22, 2023",179.0,US $179,table,List of AMD Ryzen processors,"Desktop processors > Ryzen 7000 series > Raphael (7000 series, Zen 4/RDNA2 based)",1376710910,https://en.wikipedia.org/w/index.php?title=List_of_AMD_Ryzen_processors&oldid=1376710910
AMD,Ryzen 7000 (Zen 4),Ryzen 5,7400F,6.0,12.0,,,3.7,4.7,32.0,65.0,2025-01-09,day,"Jan 9, 2025",,CNY 849 (Mainland China) / APJ Only,table,List of AMD Ryzen processors,"Desktop processors > Ryzen 7000 series > Raphael (7000 series, Zen 4/RDNA2 based)",1376710910,https://en.wikipedia.org/w/index.php?title=List_of_AMD_Ryzen_processors&oldid=1376710910
AMD,Ryzen 7000 (Zen 4),Ryzen 5,7400,6.0,12.0,,,3.3,4.3,16.0,65.0,2025-09-16,day,"Sep 16, 2025",,,table,List of AMD Ryzen processors,"Desktop processors > Ryzen 7000 series > Raphael (7000 series, Zen 4/RDNA2 based)",1376710910,https://en.wikipedia.org/w/index.php?title=List_of_AMD_Ryzen_processors&oldid=1376710910
AMD,Ryzen 9000 (Zen 5),Ryzen 9,9950X3D2 Dual Edition,16.0,32.0,,,4.3,5.6,192.0,200.0,2026-04-22,day,"April 22, 2026",899.0,US $899,table,List of AMD Ryzen processors,"Desktop processors > Ryzen 9000 series > Granite Ridge (9000 series, Zen 5/RDNA2 based)",1376710910,https://en.wikipedia.org/w/index.php?title=List_of_AMD_Ryzen_processors&oldid=1376710910
AMD,Ryzen 9000 (Zen 5),Ryzen 9,9950X3D,16.0,32.0,,,4.3,5.7,128.0,170.0,2025-03-12,day,"March 12, 2025",699.0,US $699,table,List of AMD Ryzen processors,"Desktop processors > Ryzen 9000 series > Granite Ridge (9000 series, Zen 5/RDNA2 based)",1376710910,https://en.wikipedia.org/w/index.php?title=List_of_AMD_Ryzen_processors&oldid=1376710910
AMD,Ryzen 9000 (Zen 5),Ryzen 9,PRO 9965X3D,16.0,32.0,,,4.3,5.5,128.0,170.0,2026-06-30,day,"June 30, 2026",,OEM,table,List of AMD Ryzen processors,"Desktop processors > Ryzen 9000 series > Granite Ridge (9000 series, Zen 5/RDNA2 based)",1376710910,https://en.wikipedia.org/w/index.php?title=List_of_AMD_Ryzen_processors&oldid=1376710910
AMD,Ryzen 9000 (Zen 5),Ryzen 9,PRO 9965,16.0,32.0,,,4.3,5.5,64.0,170.0,2026-06-30,day,"June 30, 2026",,OEM,table,List of AMD Ryzen processors,"Desktop processors > Ryzen 9000 series > Granite Ridge (9000 series, Zen 5/RDNA2 based)",1376710910,https://en.wikipedia.org/w/index.php?title=List_of_AMD_Ryzen_processors&oldid=1376710910
AMD,Ryzen 9000 (Zen 5),Ryzen 9,9950X,16.0,32.0,,,4.3,5.7,64.0,170.0,2024-08-15,day,"August 15, 2024",649.0,US $649,table,List of AMD Ryzen processors,"Desktop processors > Ryzen 9000 series > Granite Ridge (9000 series, Zen 5/RDNA2 based)",1376710910,https://en.wikipedia.org/w/index.php?title=List_of_AMD_Ryzen_processors&oldid=1376710910
AMD,Ryzen 9000 (Zen 5),Ryzen 9,PRO 9955,12.0,24.0,,,3.4,5.4,64.0,120.0,2026-06-30,day,"June 30, 2026",,OEM,table,List of AMD Ryzen processors,"Desktop processors > Ryzen 9000 series > Granite Ridge (9000 series, Zen 5/RDNA2 based)",1376710910,https://en.wikipedia.org/w/index.php?title=List_of_AMD_Ryzen_processors&oldid=1376710910
AMD,Ryzen 9000 (Zen 5),Ryzen 9,PRO 9945,12.0,24.0,,,3.4,5.4,64.0,65.0,2025-09-16,day,"September 16, 2025",,OEM,table,List of AMD Ryzen processors,"Desktop processors > Ryzen 9000 series > Granite Ridge (9000 series, Zen 5/RDNA2 based)",1376710910,https://en.wikipedia.org/w/index.php?title=List_of_AMD_Ryzen_processors&oldid=1376710910
AMD,Ryzen 9000 (Zen 5),Ryzen 9,9900X3D,12.0,24.0,,,4.4,5.5,128.0,120.0,2025-03-12,day,"March 12, 2025",599.0,US $599,table,List of AMD Ryzen processors,"Desktop processors > Ryzen 9000 series > Granite Ridge (9000 series, Zen 5/RDNA2 based)",1376710910,https://en.wikipedia.org/w/index.php?title=List_of_AMD_Ryzen_processors&oldid=1376710910
AMD,Ryzen 9000 (Zen 5),Ryzen 9,9900X,12.0,24.0,,,4.4,5.6,64.0,120.0,2024-08-15,day,"August 15, 2024",499.0,US $499,table,List of AMD Ryzen processors,"Desktop processors > Ryzen 9000 series > Granite Ridge (9000 series, Zen 5/RDNA2 based)",1376710910,https://en.wikipedia.org/w/index.php?title=List_of_AMD_Ryzen_processors&oldid=1376710910
AMD,Ryzen 9000 (Zen 5),Ryzen 7,9850X3D,8.0,16.0,,,4.7,5.6,96.0,120.0,2026-01-29,day,"January 29, 2026",499.0,US $499,table,List of AMD Ryzen processors,"Desktop processors > Ryzen 9000 series > Granite Ridge (9000 series, Zen 5/RDNA2 based)",1376710910,https://en.wikipedia.org/w/index.php?title=List_of_AMD_Ryzen_processors&oldid=1376710910
AMD,Ryzen 9000 (Zen 5),Ryzen 7,9800X3D,8.0,16.0,,,4.7,5.2,96.0,120.0,2024-11-07,day,"November 7, 2024",479.0,US $479,table,List of AMD Ryzen processors,"Desktop processors > Ryzen 9000 series > Granite Ridge (9000 series, Zen 5/RDNA2 based)",1376710910,https://en.wikipedia.org/w/index.php?title=List_of_AMD_Ryzen_processors&oldid=1376710910
AMD,Ryzen 9000 (Zen 5),Ryzen 7,PRO 9755,8.0,16.0,,,3.8,5.4,32.0,120.0,2026-06-30,day,"June 30, 2026",,OEM,table,List of AMD Ryzen processors,"Desktop processors > Ryzen 9000 series > Granite Ridge (9000 series, Zen 5/RDNA2 based)",1376710910,https://en.wikipedia.org/w/index.php?title=List_of_AMD_Ryzen_processors&oldid=1376710910
AMD,Ryzen 9000 (Zen 5),Ryzen 7,PRO 9745,8.0,16.0,,,3.8,5.4,32.0,65.0,2025-09-16,day,"September 16, 2025",,OEM,table,List of AMD Ryzen processors,"Desktop processors > Ryzen 9000 series > Granite Ridge (9000 series, Zen 5/RDNA2 based)",1376710910,https://en.wikipedia.org/w/index.php?title=List_of_AMD_Ryzen_processors&oldid=1376710910
AMD,Ryzen 9000 (Zen 5),Ryzen 7,9700X,8.0,16.0,,,3.8,5.5,32.0,65.0,2024-08-08,day,"August 8, 2024",359.0,US $359,table,List of AMD Ryzen processors,"Desktop processors > Ryzen 9000 series > Granite Ridge (9000 series, Zen 5/RDNA2 based)",1376710910,https://en.wikipedia.org/w/index.php?title=List_of_AMD_Ryzen_processors&oldid=1376710910
AMD,Ryzen 9000 (Zen 5),Ryzen 7,9700F,8.0,16.0,,,3.8,5.5,32.0,65.0,2025-09-16,day,"September 16, 2025",,,table,List of AMD Ryzen processors,"Desktop processors > Ryzen 9000 series > Granite Ridge (9000 series, Zen 5/RDNA2 based)",1376710910,https://en.wikipedia.org/w/index.php?title=List_of_AMD_Ryzen_processors&oldid=1376710910
AMD,Ryzen 9000 (Zen 5),Ryzen 5,PRO 9655,6.0,12.0,,,3.9,5.4,32.0,120.0,2026-06-30,day,"June 30, 2026",,OEM,table,List of AMD Ryzen processors,"Desktop processors > Ryzen 9000 series > Granite Ridge (9000 series, Zen 5/RDNA2 based)",1376710910,https://en.wikipedia.org/w/index.php?title=List_of_AMD_Ryzen_processors&oldid=1376710910
AMD,Ryzen 9000 (Zen 5),Ryzen 5,9600X,6.0,12.0,,,3.9,5.4,32.0,65.0,2024-08-08,day,"August 8, 2024",279.0,US $279,table,List of AMD Ryzen processors,"Desktop processors > Ryzen 9000 series > Granite Ridge (9000 series, Zen 5/RDNA2 based)",1376710910,https://en.wikipedia.org/w/index.php?title=List_of_AMD_Ryzen_processors&oldid=1376710910
AMD,Ryzen 9000 (Zen 5),Ryzen 5,9600,6.0,12.0,,,3.8,5.2,32.0,65.0,2025-02-19,day,"February 19, 2025",,,table,List of AMD Ryzen processors,"Desktop processors > Ryzen 9000 series > Granite Ridge (9000 series, Zen 5/RDNA2 based)",1376710910,https://en.wikipedia.org/w/index.php?title=List_of_AMD_Ryzen_processors&oldid=1376710910
AMD,Ryzen 9000 (Zen 5),Ryzen 5,9500F,6.0,12.0,,,3.8,5.0,32.0,65.0,2025-09-16,day,"September 16, 2025",,"CN ¥1,299",table,List of AMD Ryzen processors,"Desktop processors > Ryzen 9000 series > Granite Ridge (9000 series, Zen 5/RDNA2 based)",1376710910,https://en.wikipedia.org/w/index.php?title=List_of_AMD_Ryzen_processors&oldid=1376710910
Intel,Core 10th gen (Comet Lake),Core i9,10900K,10.0,20.0,,,3.7,5.3,20.0,125.0,2020-04-30,day,"family launch, page text: 'desktop Comet Lake-S CPUs on April 30, 2020'",488.0,$488,page_text_family,Comet Lake,List of 10th generation Comet Lake processors > Desktop > Comet Lake-S,1370488598,https://en.wikipedia.org/w/index.php?title=Comet_Lake&oldid=1370488598
Intel,Core 10th gen (Comet Lake),Core i9,10900KF,10.0,20.0,,,3.7,5.3,20.0,125.0,2020-04-30,day,"family launch, page text: 'desktop Comet Lake-S CPUs on April 30, 2020'",472.0,$472,page_text_family,Comet Lake,List of 10th generation Comet Lake processors > Desktop > Comet Lake-S,1370488598,https://en.wikipedia.org/w/index.php?title=Comet_Lake&oldid=1370488598
Intel,Core 10th gen (Comet Lake),Core i9,10910,10.0,20.0,,,3.6,5.0,20.0,125.0,2020-04-30,day,"family launch, page text: 'desktop Comet Lake-S CPUs on April 30, 2020'",,OEM,page_text_family,Comet Lake,List of 10th generation Comet Lake processors > Desktop > Comet Lake-S,1370488598,https://en.wikipedia.org/w/index.php?title=Comet_Lake&oldid=1370488598
Intel,Core 10th gen (Comet Lake),Core i9,10900,10.0,20.0,,,2.8,5.2,20.0,65.0,2020-04-30,day,"family launch, page text: 'desktop Comet Lake-S CPUs on April 30, 2020'",438.0,$438,page_text_family,Comet Lake,List of 10th generation Comet Lake processors > Desktop > Comet Lake-S,1370488598,https://en.wikipedia.org/w/index.php?title=Comet_Lake&oldid=1370488598
Intel,Core 10th gen (Comet Lake),Core i9,10900F,10.0,20.0,,,2.8,5.2,20.0,65.0,2020-04-30,day,"family launch, page text: 'desktop Comet Lake-S CPUs on April 30, 2020'",422.0,$422,page_text_family,Comet Lake,List of 10th generation Comet Lake processors > Desktop > Comet Lake-S,1370488598,https://en.wikipedia.org/w/index.php?title=Comet_Lake&oldid=1370488598
Intel,Core 10th gen (Comet Lake),Core i9,10900T,10.0,20.0,,,1.9,4.6,20.0,35.0,2020-04-30,day,"family launch, page text: 'desktop Comet Lake-S CPUs on April 30, 2020'",438.0,$438,page_text_family,Comet Lake,List of 10th generation Comet Lake processors > Desktop > Comet Lake-S,1370488598,https://en.wikipedia.org/w/index.php?title=Comet_Lake&oldid=1370488598
Intel,Core 10th gen (Comet Lake),Core i9,10850K,10.0,20.0,,,3.6,5.2,20.0,125.0,2020-04-30,day,"family launch, page text: 'desktop Comet Lake-S CPUs on April 30, 2020'",453.0,$453,page_text_family,Comet Lake,List of 10th generation Comet Lake processors > Desktop > Comet Lake-S,1370488598,https://en.wikipedia.org/w/index.php?title=Comet_Lake&oldid=1370488598
Intel,Core 10th gen (Comet Lake),Core i7,10700K,8.0,16.0,,,3.8,5.1,16.0,125.0,2020-04-30,day,"family launch, page text: 'desktop Comet Lake-S CPUs on April 30, 2020'",374.0,$374,page_text_family,Comet Lake,List of 10th generation Comet Lake processors > Desktop > Comet Lake-S,1370488598,https://en.wikipedia.org/w/index.php?title=Comet_Lake&oldid=1370488598
Intel,Core 10th gen (Comet Lake),Core i7,10700KF,8.0,16.0,,,3.8,5.1,16.0,125.0,2020-04-30,day,"family launch, page text: 'desktop Comet Lake-S CPUs on April 30, 2020'",349.0,$349,page_text_family,Comet Lake,List of 10th generation Comet Lake processors > Desktop > Comet Lake-S,1370488598,https://en.wikipedia.org/w/index.php?title=Comet_Lake&oldid=1370488598
Intel,Core 10th gen (Comet Lake),Core i7,10700,8.0,16.0,,,2.9,4.8,16.0,65.0,2020-04-30,day,"family launch, page text: 'desktop Comet Lake-S CPUs on April 30, 2020'",323.0,$323,page_text_family,Comet Lake,List of 10th generation Comet Lake processors > Desktop > Comet Lake-S,1370488598,https://en.wikipedia.org/w/index.php?title=Comet_Lake&oldid=1370488598
Intel,Core 10th gen (Comet Lake),Core i7,10700F,8.0,16.0,,,2.9,4.8,16.0,65.0,2020-04-30,day,"family launch, page text: 'desktop Comet Lake-S CPUs on April 30, 2020'",298.0,$298,page_text_family,Comet Lake,List of 10th generation Comet Lake processors > Desktop > Comet Lake-S,1370488598,https://en.wikipedia.org/w/index.php?title=Comet_Lake&oldid=1370488598
Intel,Core 10th gen (Comet Lake),Core i7,10700T,8.0,16.0,,,2.0,4.5,16.0,35.0,2020-04-30,day,"family launch, page text: 'desktop Comet Lake-S CPUs on April 30, 2020'",325.0,$325,page_text_family,Comet Lake,List of 10th generation Comet Lake processors > Desktop > Comet Lake-S,1370488598,https://en.wikipedia.org/w/index.php?title=Comet_Lake&oldid=1370488598
Intel,Core 10th gen (Comet Lake),Core i5,10600K,6.0,12.0,,,4.1,4.8,12.0,125.0,2020-04-30,day,"family launch, page text: 'desktop Comet Lake-S CPUs on April 30, 2020'",262.0,$262,page_text_family,Comet Lake,List of 10th generation Comet Lake processors > Desktop > Comet Lake-S,1370488598,https://en.wikipedia.org/w/index.php?title=Comet_Lake&oldid=1370488598
Intel,Core 10th gen (Comet Lake),Core i5,10600KF,6.0,12.0,,,4.1,4.8,12.0,125.0,2020-04-30,day,"family launch, page text: 'desktop Comet Lake-S CPUs on April 30, 2020'",237.0,$237,page_text_family,Comet Lake,List of 10th generation Comet Lake processors > Desktop > Comet Lake-S,1370488598,https://en.wikipedia.org/w/index.php?title=Comet_Lake&oldid=1370488598
Intel,Core 10th gen (Comet Lake),Core i5,10600,6.0,12.0,,,3.3,4.8,12.0,65.0,2020-04-30,day,"family launch, page text: 'desktop Comet Lake-S CPUs on April 30, 2020'",213.0,$213,page_text_family,Comet Lake,List of 10th generation Comet Lake processors > Desktop > Comet Lake-S,1370488598,https://en.wikipedia.org/w/index.php?title=Comet_Lake&oldid=1370488598
Intel,Core 10th gen (Comet Lake),Core i5,10600T,6.0,12.0,,,2.4,4.0,12.0,35.0,2020-04-30,day,"family launch, page text: 'desktop Comet Lake-S CPUs on April 30, 2020'",213.0,$213,page_text_family,Comet Lake,List of 10th generation Comet Lake processors > Desktop > Comet Lake-S,1370488598,https://en.wikipedia.org/w/index.php?title=Comet_Lake&oldid=1370488598
Intel,Core 10th gen (Comet Lake),Core i5,10500,6.0,12.0,,,3.1,4.5,12.0,65.0,2020-04-30,day,"family launch, page text: 'desktop Comet Lake-S CPUs on April 30, 2020'",192.0,$192,page_text_family,Comet Lake,List of 10th generation Comet Lake processors > Desktop > Comet Lake-S,1370488598,https://en.wikipedia.org/w/index.php?title=Comet_Lake&oldid=1370488598
Intel,Core 10th gen (Comet Lake),Core i5,10500T,6.0,12.0,,,2.3,3.8,12.0,35.0,2020-04-30,day,"family launch, page text: 'desktop Comet Lake-S CPUs on April 30, 2020'",192.0,$192,page_text_family,Comet Lake,List of 10th generation Comet Lake processors > Desktop > Comet Lake-S,1370488598,https://en.wikipedia.org/w/index.php?title=Comet_Lake&oldid=1370488598
Intel,Core 10th gen (Comet Lake),Core i5,10400,6.0,12.0,,,2.9,4.3,12.0,65.0,2020-04-30,day,"family launch, page text: 'desktop Comet Lake-S CPUs on April 30, 2020'",182.0,$182,page_text_family,Comet Lake,List of 10th generation Comet Lake processors > Desktop > Comet Lake-S,1370488598,https://en.wikipedia.org/w/index.php?title=Comet_Lake&oldid=1370488598
Intel,Core 10th gen (Comet Lake),Core i5,10400F,6.0,12.0,,,2.9,4.3,12.0,65.0,2020-04-30,day,"family launch, page text: 'desktop Comet Lake-S CPUs on April 30, 2020'",157.0,$157,page_text_family,Comet Lake,List of 10th generation Comet Lake processors > Desktop > Comet Lake-S,1370488598,https://en.wikipedia.org/w/index.php?title=Comet_Lake&oldid=1370488598
Intel,Core 10th gen (Comet Lake),Core i5,10400T,6.0,12.0,,,2.0,3.6,12.0,35.0,2020-04-30,day,"family launch, page text: 'desktop Comet Lake-S CPUs on April 30, 2020'",182.0,$182,page_text_family,Comet Lake,List of 10th generation Comet Lake processors > Desktop > Comet Lake-S,1370488598,https://en.wikipedia.org/w/index.php?title=Comet_Lake&oldid=1370488598
Intel,Core 10th gen (Comet Lake),Core i3,10320,4.0,8.0,,,3.8,4.6,8.0,65.0,2020-04-30,day,"family launch, page text: 'desktop Comet Lake-S CPUs on April 30, 2020'",154.0,$154,page_text_family,Comet Lake,List of 10th generation Comet Lake processors > Desktop > Comet Lake-S,1370488598,https://en.wikipedia.org/w/index.php?title=Comet_Lake&oldid=1370488598
Intel,Core 10th gen (Comet Lake),Core i3,10300,4.0,8.0,,,3.7,4.4,8.0,65.0,2020-04-30,day,"family launch, page text: 'desktop Comet Lake-S CPUs on April 30, 2020'",143.0,$143,page_text_family,Comet Lake,List of 10th generation Comet Lake processors > Desktop > Comet Lake-S,1370488598,https://en.wikipedia.org/w/index.php?title=Comet_Lake&oldid=1370488598
Intel,Core 10th gen (Comet Lake),Core i3,10300T,4.0,8.0,,,3.0,3.9,8.0,35.0,2020-04-30,day,"family launch, page text: 'desktop Comet Lake-S CPUs on April 30, 2020'",143.0,$143,page_text_family,Comet Lake,List of 10th generation Comet Lake processors > Desktop > Comet Lake-S,1370488598,https://en.wikipedia.org/w/index.php?title=Comet_Lake&oldid=1370488598
Intel,Core 10th gen (Comet Lake),Core i3,10100,4.0,8.0,,,3.6,4.3,6.0,65.0,2020-04-30,day,"family launch, page text: 'desktop Comet Lake-S CPUs on April 30, 2020'",122.0,$122,page_text_family,Comet Lake,List of 10th generation Comet Lake processors > Desktop > Comet Lake-S,1370488598,https://en.wikipedia.org/w/index.php?title=Comet_Lake&oldid=1370488598
Intel,Core 10th gen (Comet Lake),Core i3,10100F,4.0,8.0,,,3.6,4.3,6.0,65.0,2020-04-30,day,"family launch, page text: 'desktop Comet Lake-S CPUs on April 30, 2020'",79.0,$79,page_text_family,Comet Lake,List of 10th generation Comet Lake processors > Desktop > Comet Lake-S,1370488598,https://en.wikipedia.org/w/index.php?title=Comet_Lake&oldid=1370488598
Intel,Core 10th gen (Comet Lake),Core i3,10100T,4.0,8.0,,,3.0,3.8,6.0,35.0,2020-04-30,day,"family launch, page text: 'desktop Comet Lake-S CPUs on April 30, 2020'",122.0,$122,page_text_family,Comet Lake,List of 10th generation Comet Lake processors > Desktop > Comet Lake-S,1370488598,https://en.wikipedia.org/w/index.php?title=Comet_Lake&oldid=1370488598
Intel,Core 10th gen (Comet Lake),Pentium Gold,G6600,2.0,4.0,,,4.2,,4.0,58.0,2020-04-30,day,"family launch, page text: 'desktop Comet Lake-S CPUs on April 30, 2020'",86.0,$86,page_text_family,Comet Lake,List of 10th generation Comet Lake processors > Desktop > Comet Lake-S,1370488598,https://en.wikipedia.org/w/index.php?title=Comet_Lake&oldid=1370488598
Intel,Core 10th gen (Comet Lake),Pentium Gold,G6500,2.0,4.0,,,4.1,,4.0,58.0,2020-04-30,day,"family launch, page text: 'desktop Comet Lake-S CPUs on April 30, 2020'",75.0,$75,page_text_family,Comet Lake,List of 10th generation Comet Lake processors > Desktop > Comet Lake-S,1370488598,https://en.wikipedia.org/w/index.php?title=Comet_Lake&oldid=1370488598
Intel,Core 10th gen (Comet Lake),Pentium Gold,G6500T,2.0,4.0,,,3.5,,4.0,35.0,2020-04-30,day,"family launch, page text: 'desktop Comet Lake-S CPUs on April 30, 2020'",75.0,$75,page_text_family,Comet Lake,List of 10th generation Comet Lake processors > Desktop > Comet Lake-S,1370488598,https://en.wikipedia.org/w/index.php?title=Comet_Lake&oldid=1370488598
Intel,Core 10th gen (Comet Lake),Pentium Gold,G6400,2.0,4.0,,,4.0,,4.0,58.0,2020-04-30,day,"family launch, page text: 'desktop Comet Lake-S CPUs on April 30, 2020'",64.0,$64,page_text_family,Comet Lake,List of 10th generation Comet Lake processors > Desktop > Comet Lake-S,1370488598,https://en.wikipedia.org/w/index.php?title=Comet_Lake&oldid=1370488598
Intel,Core 10th gen (Comet Lake),Pentium Gold,G6400T,2.0,4.0,,,3.4,,4.0,35.0,2020-04-30,day,"family launch, page text: 'desktop Comet Lake-S CPUs on April 30, 2020'",64.0,$64,page_text_family,Comet Lake,List of 10th generation Comet Lake processors > Desktop > Comet Lake-S,1370488598,https://en.wikipedia.org/w/index.php?title=Comet_Lake&oldid=1370488598
Intel,Core 10th gen (Comet Lake),Celeron,G5925,2.0,2.0,,,3.6,,4.0,58.0,2020-04-30,day,"family launch, page text: 'desktop Comet Lake-S CPUs on April 30, 2020'",52.0,$52,page_text_family,Comet Lake,List of 10th generation Comet Lake processors > Desktop > Comet Lake-S,1370488598,https://en.wikipedia.org/w/index.php?title=Comet_Lake&oldid=1370488598
Intel,Core 10th gen (Comet Lake),Celeron,G5920,2.0,2.0,,,3.5,,2.0,58.0,2020-04-30,day,"family launch, page text: 'desktop Comet Lake-S CPUs on April 30, 2020'",52.0,$52,page_text_family,Comet Lake,List of 10th generation Comet Lake processors > Desktop > Comet Lake-S,1370488598,https://en.wikipedia.org/w/index.php?title=Comet_Lake&oldid=1370488598
Intel,Core 10th gen (Comet Lake),Celeron,G5905,2.0,2.0,,,3.5,,4.0,58.0,2020-04-30,day,"family launch, page text: 'desktop Comet Lake-S CPUs on April 30, 2020'",42.0,$42,page_text_family,Comet Lake,List of 10th generation Comet Lake processors > Desktop > Comet Lake-S,1370488598,https://en.wikipedia.org/w/index.php?title=Comet_Lake&oldid=1370488598
Intel,Core 10th gen (Comet Lake),Celeron,G5905T,2.0,2.0,,,3.3,,4.0,35.0,2020-04-30,day,"family launch, page text: 'desktop Comet Lake-S CPUs on April 30, 2020'",42.0,$42,page_text_family,Comet Lake,List of 10th generation Comet Lake processors > Desktop > Comet Lake-S,1370488598,https://en.wikipedia.org/w/index.php?title=Comet_Lake&oldid=1370488598
Intel,Core 10th gen (Comet Lake),Celeron,G5900,2.0,2.0,,,3.4,,2.0,58.0,2020-04-30,day,"family launch, page text: 'desktop Comet Lake-S CPUs on April 30, 2020'",42.0,$42,page_text_family,Comet Lake,List of 10th generation Comet Lake processors > Desktop > Comet Lake-S,1370488598,https://en.wikipedia.org/w/index.php?title=Comet_Lake&oldid=1370488598
Intel,Core 10th gen (Comet Lake),Celeron,G5900T,2.0,2.0,,,3.2,,2.0,35.0,2020-04-30,day,"family launch, page text: 'desktop Comet Lake-S CPUs on April 30, 2020'",42.0,$42,page_text_family,Comet Lake,List of 10th generation Comet Lake processors > Desktop > Comet Lake-S,1370488598,https://en.wikipedia.org/w/index.php?title=Comet_Lake&oldid=1370488598
Intel,Core 11th gen (Rocket Lake),Core i9,11900K,8.0,16.0,,,3.5,5.3,16.0,125.0,2021-03-16,day,"family launch, page text: 'launched the Rocket Lake desktop family on March 16, 2021'",539.0,$539,page_text_family,Rocket Lake,List of 11th generation Rocket Lake processors > Rocket Lake-S (Desktop processors),1359904771,https://en.wikipedia.org/w/index.php?title=Rocket_Lake&oldid=1359904771
Intel,Core 11th gen (Rocket Lake),Core i9,11900KF,8.0,16.0,,,3.5,5.3,16.0,125.0,2021-03-16,day,"family launch, page text: 'launched the Rocket Lake desktop family on March 16, 2021'",513.0,$513,page_text_family,Rocket Lake,List of 11th generation Rocket Lake processors > Rocket Lake-S (Desktop processors),1359904771,https://en.wikipedia.org/w/index.php?title=Rocket_Lake&oldid=1359904771
Intel,Core 11th gen (Rocket Lake),Core i9,11900,8.0,16.0,,,2.5,5.2,16.0,65.0,2021-03-16,day,"family launch, page text: 'launched the Rocket Lake desktop family on March 16, 2021'",439.0,$439,page_text_family,Rocket Lake,List of 11th generation Rocket Lake processors > Rocket Lake-S (Desktop processors),1359904771,https://en.wikipedia.org/w/index.php?title=Rocket_Lake&oldid=1359904771
Intel,Core 11th gen (Rocket Lake),Core i9,11900F,8.0,16.0,,,2.5,5.2,16.0,65.0,2021-03-16,day,"family launch, page text: 'launched the Rocket Lake desktop family on March 16, 2021'",422.0,$422,page_text_family,Rocket Lake,List of 11th generation Rocket Lake processors > Rocket Lake-S (Desktop processors),1359904771,https://en.wikipedia.org/w/index.php?title=Rocket_Lake&oldid=1359904771
Intel,Core 11th gen (Rocket Lake),Core i9,11900T,8.0,16.0,,,1.5,4.9,16.0,35.0,2021-03-16,day,"family launch, page text: 'launched the Rocket Lake desktop family on March 16, 2021'",439.0,$439,page_text_family,Rocket Lake,List of 11th generation Rocket Lake processors > Rocket Lake-S (Desktop processors),1359904771,https://en.wikipedia.org/w/index.php?title=Rocket_Lake&oldid=1359904771
Intel,Core 11th gen (Rocket Lake),Core i7,11700K,8.0,16.0,,,3.6,5.0,16.0,125.0,2021-03-16,day,"family launch, page text: 'launched the Rocket Lake desktop family on March 16, 2021'",399.0,$399,page_text_family,Rocket Lake,List of 11th generation Rocket Lake processors > Rocket Lake-S (Desktop processors),1359904771,https://en.wikipedia.org/w/index.php?title=Rocket_Lake&oldid=1359904771
Intel,Core 11th gen (Rocket Lake),Core i7,11700KF,8.0,16.0,,,3.6,5.0,16.0,125.0,2021-03-16,day,"family launch, page text: 'launched the Rocket Lake desktop family on March 16, 2021'",374.0,$374,page_text_family,Rocket Lake,List of 11th generation Rocket Lake processors > Rocket Lake-S (Desktop processors),1359904771,https://en.wikipedia.org/w/index.php?title=Rocket_Lake&oldid=1359904771
Intel,Core 11th gen (Rocket Lake),Core i7,11700,8.0,16.0,,,2.5,4.9,16.0,65.0,2021-03-16,day,"family launch, page text: 'launched the Rocket Lake desktop family on March 16, 2021'",323.0,$323,page_text_family,Rocket Lake,List of 11th generation Rocket Lake processors > Rocket Lake-S (Desktop processors),1359904771,https://en.wikipedia.org/w/index.php?title=Rocket_Lake&oldid=1359904771
Intel,Core 11th gen (Rocket Lake),Core i7,11700F,8.0,16.0,,,2.5,4.9,16.0,65.0,2021-03-16,day,"family launch, page text: 'launched the Rocket Lake desktop family on March 16, 2021'",298.0,$298,page_text_family,Rocket Lake,List of 11th generation Rocket Lake processors > Rocket Lake-S (Desktop processors),1359904771,https://en.wikipedia.org/w/index.php?title=Rocket_Lake&oldid=1359904771
Intel,Core 11th gen (Rocket Lake),Core i7,11700T,8.0,16.0,,,1.4,4.6,16.0,35.0,2021-03-16,day,"family launch, page text: 'launched the Rocket Lake desktop family on March 16, 2021'",323.0,$323,page_text_family,Rocket Lake,List of 11th generation Rocket Lake processors > Rocket Lake-S (Desktop processors),1359904771,https://en.wikipedia.org/w/index.php?title=Rocket_Lake&oldid=1359904771
Intel,Core 11th gen (Rocket Lake),Core i5,11600K,6.0,12.0,,,3.9,4.9,12.0,125.0,2021-03-16,day,"family launch, page text: 'launched the Rocket Lake desktop family on March 16, 2021'",262.0,$262,page_text_family,Rocket Lake,List of 11th generation Rocket Lake processors > Rocket Lake-S (Desktop processors),1359904771,https://en.wikipedia.org/w/index.php?title=Rocket_Lake&oldid=1359904771
Intel,Core 11th gen (Rocket Lake),Core i5,11600KF,6.0,12.0,,,3.9,4.9,12.0,125.0,2021-03-16,day,"family launch, page text: 'launched the Rocket Lake desktop family on March 16, 2021'",237.0,$237,page_text_family,Rocket Lake,List of 11th generation Rocket Lake processors > Rocket Lake-S (Desktop processors),1359904771,https://en.wikipedia.org/w/index.php?title=Rocket_Lake&oldid=1359904771
Intel,Core 11th gen (Rocket Lake),Core i5,11600,6.0,12.0,,,2.8,4.8,12.0,65.0,2021-03-16,day,"family launch, page text: 'launched the Rocket Lake desktop family on March 16, 2021'",213.0,$213,page_text_family,Rocket Lake,List of 11th generation Rocket Lake processors > Rocket Lake-S (Desktop processors),1359904771,https://en.wikipedia.org/w/index.php?title=Rocket_Lake&oldid=1359904771
Intel,Core 11th gen (Rocket Lake),Core i5,11600T,6.0,12.0,,,1.7,4.1,12.0,35.0,2021-03-16,day,"family launch, page text: 'launched the Rocket Lake desktop family on March 16, 2021'",213.0,$213,page_text_family,Rocket Lake,List of 11th generation Rocket Lake processors > Rocket Lake-S (Desktop processors),1359904771,https://en.wikipedia.org/w/index.php?title=Rocket_Lake&oldid=1359904771
Intel,Core 11th gen (Rocket Lake),Core i5,11500,6.0,12.0,,,2.7,4.6,12.0,65.0,2021-03-16,day,"family launch, page text: 'launched the Rocket Lake desktop family on March 16, 2021'",192.0,$192,page_text_family,Rocket Lake,List of 11th generation Rocket Lake processors > Rocket Lake-S (Desktop processors),1359904771,https://en.wikipedia.org/w/index.php?title=Rocket_Lake&oldid=1359904771
Intel,Core 11th gen (Rocket Lake),Core i5,11500T,6.0,12.0,,,1.5,3.9,12.0,35.0,2021-03-16,day,"family launch, page text: 'launched the Rocket Lake desktop family on March 16, 2021'",192.0,$192,page_text_family,Rocket Lake,List of 11th generation Rocket Lake processors > Rocket Lake-S (Desktop processors),1359904771,https://en.wikipedia.org/w/index.php?title=Rocket_Lake&oldid=1359904771
Intel,Core 11th gen (Rocket Lake),Core i5,11400,6.0,12.0,,,2.6,4.4,12.0,65.0,2021-03-16,day,"family launch, page text: 'launched the Rocket Lake desktop family on March 16, 2021'",182.0,$182,page_text_family,Rocket Lake,List of 11th generation Rocket Lake processors > Rocket Lake-S (Desktop processors),1359904771,https://en.wikipedia.org/w/index.php?title=Rocket_Lake&oldid=1359904771
Intel,Core 11th gen (Rocket Lake),Core i5,11400F,6.0,12.0,,,2.6,4.4,12.0,65.0,2021-03-16,day,"family launch, page text: 'launched the Rocket Lake desktop family on March 16, 2021'",157.0,$157,page_text_family,Rocket Lake,List of 11th generation Rocket Lake processors > Rocket Lake-S (Desktop processors),1359904771,https://en.wikipedia.org/w/index.php?title=Rocket_Lake&oldid=1359904771
Intel,Core 11th gen (Rocket Lake),Core i5,11400T,6.0,12.0,,,1.3,3.7,12.0,35.0,2021-03-16,day,"family launch, page text: 'launched the Rocket Lake desktop family on March 16, 2021'",182.0,$182,page_text_family,Rocket Lake,List of 11th generation Rocket Lake processors > Rocket Lake-S (Desktop processors),1359904771,https://en.wikipedia.org/w/index.php?title=Rocket_Lake&oldid=1359904771
Intel,Core 12th gen (Alder Lake),Core i9,12900KS,16.0,24.0,8.0,8.0,3.4,5.5,30.0,150.0,2021-11-04,day,"family launch, page text: 'It was launched on November 4, 2021'",739.0,$739,page_text_family,Alder Lake,List of 12th generation Alder Lake processors > Desktop processors (Alder Lake-S),1369487491,https://en.wikipedia.org/w/index.php?title=Alder_Lake&oldid=1369487491
Intel,Core 12th gen (Alder Lake),Core i9,12900K,16.0,24.0,8.0,8.0,3.2,5.2,30.0,125.0,2021-11-04,day,"family launch, page text: 'It was launched on November 4, 2021'",589.0,$589,page_text_family,Alder Lake,List of 12th generation Alder Lake processors > Desktop processors (Alder Lake-S),1369487491,https://en.wikipedia.org/w/index.php?title=Alder_Lake&oldid=1369487491
Intel,Core 12th gen (Alder Lake),Core i9,12900KF,16.0,24.0,8.0,8.0,3.2,5.2,30.0,125.0,2021-11-04,day,"family launch, page text: 'It was launched on November 4, 2021'",564.0,$564,page_text_family,Alder Lake,List of 12th generation Alder Lake processors > Desktop processors (Alder Lake-S),1369487491,https://en.wikipedia.org/w/index.php?title=Alder_Lake&oldid=1369487491
Intel,Core 12th gen (Alder Lake),Core i9,12900,16.0,24.0,8.0,8.0,2.4,5.1,30.0,65.0,2021-11-04,day,"family launch, page text: 'It was launched on November 4, 2021'",489.0,$489,page_text_family,Alder Lake,List of 12th generation Alder Lake processors > Desktop processors (Alder Lake-S),1369487491,https://en.wikipedia.org/w/index.php?title=Alder_Lake&oldid=1369487491
Intel,Core 12th gen (Alder Lake),Core i9,12900F,16.0,24.0,8.0,8.0,2.4,5.1,30.0,65.0,2021-11-04,day,"family launch, page text: 'It was launched on November 4, 2021'",464.0,$464,page_text_family,Alder Lake,List of 12th generation Alder Lake processors > Desktop processors (Alder Lake-S),1369487491,https://en.wikipedia.org/w/index.php?title=Alder_Lake&oldid=1369487491
Intel,Core 12th gen (Alder Lake),Core i9,12900T,16.0,24.0,8.0,8.0,1.4,4.9,30.0,35.0,2021-11-04,day,"family launch, page text: 'It was launched on November 4, 2021'",489.0,$489,page_text_family,Alder Lake,List of 12th generation Alder Lake processors > Desktop processors (Alder Lake-S),1369487491,https://en.wikipedia.org/w/index.php?title=Alder_Lake&oldid=1369487491
Intel,Core 12th gen (Alder Lake),Core i7,12700K,12.0,20.0,8.0,4.0,3.6,5.0,25.0,125.0,2021-11-04,day,"family launch, page text: 'It was launched on November 4, 2021'",409.0,$409,page_text_family,Alder Lake,List of 12th generation Alder Lake processors > Desktop processors (Alder Lake-S),1369487491,https://en.wikipedia.org/w/index.php?title=Alder_Lake&oldid=1369487491
Intel,Core 12th gen (Alder Lake),Core i7,12700KF,12.0,20.0,8.0,4.0,3.6,5.0,25.0,125.0,2021-11-04,day,"family launch, page text: 'It was launched on November 4, 2021'",384.0,$384,page_text_family,Alder Lake,List of 12th generation Alder Lake processors > Desktop processors (Alder Lake-S),1369487491,https://en.wikipedia.org/w/index.php?title=Alder_Lake&oldid=1369487491
Intel,Core 12th gen (Alder Lake),Core i7,12700,12.0,20.0,8.0,4.0,2.1,4.9,25.0,65.0,2021-11-04,day,"family launch, page text: 'It was launched on November 4, 2021'",339.0,$339,page_text_family,Alder Lake,List of 12th generation Alder Lake processors > Desktop processors (Alder Lake-S),1369487491,https://en.wikipedia.org/w/index.php?title=Alder_Lake&oldid=1369487491
Intel,Core 12th gen (Alder Lake),Core i7,12700F,12.0,20.0,8.0,4.0,2.1,4.9,25.0,65.0,2021-11-04,day,"family launch, page text: 'It was launched on November 4, 2021'",314.0,$314,page_text_family,Alder Lake,List of 12th generation Alder Lake processors > Desktop processors (Alder Lake-S),1369487491,https://en.wikipedia.org/w/index.php?title=Alder_Lake&oldid=1369487491
Intel,Core 12th gen (Alder Lake),Core i7,12700T,12.0,20.0,8.0,4.0,1.4,4.7,25.0,35.0,2021-11-04,day,"family launch, page text: 'It was launched on November 4, 2021'",339.0,$339,page_text_family,Alder Lake,List of 12th generation Alder Lake processors > Desktop processors (Alder Lake-S),1369487491,https://en.wikipedia.org/w/index.php?title=Alder_Lake&oldid=1369487491
Intel,Core 12th gen (Alder Lake),Core i5,12600K,10.0,16.0,6.0,4.0,3.7,4.9,20.0,125.0,2021-11-04,day,"family launch, page text: 'It was launched on November 4, 2021'",289.0,$289,page_text_family,Alder Lake,List of 12th generation Alder Lake processors > Desktop processors (Alder Lake-S),1369487491,https://en.wikipedia.org/w/index.php?title=Alder_Lake&oldid=1369487491
Intel,Core 12th gen (Alder Lake),Core i5,12600KF,10.0,16.0,6.0,4.0,3.7,4.9,20.0,125.0,2021-11-04,day,"family launch, page text: 'It was launched on November 4, 2021'",264.0,$264,page_text_family,Alder Lake,List of 12th generation Alder Lake processors > Desktop processors (Alder Lake-S),1369487491,https://en.wikipedia.org/w/index.php?title=Alder_Lake&oldid=1369487491
Intel,Core 12th gen (Alder Lake),Core i5,12600,6.0,12.0,6.0,,3.3,4.8,18.0,65.0,2021-11-04,day,"family launch, page text: 'It was launched on November 4, 2021'",223.0,$223,page_text_family,Alder Lake,List of 12th generation Alder Lake processors > Desktop processors (Alder Lake-S),1369487491,https://en.wikipedia.org/w/index.php?title=Alder_Lake&oldid=1369487491
Intel,Core 12th gen (Alder Lake),Core i5,12600T,6.0,12.0,6.0,,2.1,4.6,18.0,35.0,2021-11-04,day,"family launch, page text: 'It was launched on November 4, 2021'",223.0,$223,page_text_family,Alder Lake,List of 12th generation Alder Lake processors > Desktop processors (Alder Lake-S),1369487491,https://en.wikipedia.org/w/index.php?title=Alder_Lake&oldid=1369487491
Intel,Core 12th gen (Alder Lake),Core i5,12500,6.0,12.0,6.0,,3.0,4.6,18.0,65.0,2021-11-04,day,"family launch, page text: 'It was launched on November 4, 2021'",202.0,$202,page_text_family,Alder Lake,List of 12th generation Alder Lake processors > Desktop processors (Alder Lake-S),1369487491,https://en.wikipedia.org/w/index.php?title=Alder_Lake&oldid=1369487491
Intel,Core 12th gen (Alder Lake),Core i5,12500T,6.0,12.0,6.0,,2.0,4.4,18.0,35.0,2021-11-04,day,"family launch, page text: 'It was launched on November 4, 2021'",202.0,$202,page_text_family,Alder Lake,List of 12th generation Alder Lake processors > Desktop processors (Alder Lake-S),1369487491,https://en.wikipedia.org/w/index.php?title=Alder_Lake&oldid=1369487491
Intel,Core 12th gen (Alder Lake),Core i5,12490F,6.0,12.0,6.0,,3.0,4.6,20.0,65.0,2021-11-04,day,"family launch, page text: 'It was launched on November 4, 2021'",,China / exclusive,page_text_family,Alder Lake,List of 12th generation Alder Lake processors > Desktop processors (Alder Lake-S),1369487491,https://en.wikipedia.org/w/index.php?title=Alder_Lake&oldid=1369487491
Intel,Core 12th gen (Alder Lake),Core i5,12400,6.0,12.0,6.0,,2.5,4.4,18.0,65.0,2021-11-04,day,"family launch, page text: 'It was launched on November 4, 2021'",192.0,$192,page_text_family,Alder Lake,List of 12th generation Alder Lake processors > Desktop processors (Alder Lake-S),1369487491,https://en.wikipedia.org/w/index.php?title=Alder_Lake&oldid=1369487491
Intel,Core 12th gen (Alder Lake),Core i5,12400F,6.0,12.0,6.0,,2.5,4.4,18.0,65.0,2021-11-04,day,"family launch, page text: 'It was launched on November 4, 2021'",167.0,$167,page_text_family,Alder Lake,List of 12th generation Alder Lake processors > Desktop processors (Alder Lake-S),1369487491,https://en.wikipedia.org/w/index.php?title=Alder_Lake&oldid=1369487491
Intel,Core 12th gen (Alder Lake),Core i5,12400T,6.0,12.0,6.0,,1.8,4.2,18.0,35.0,2021-11-04,day,"family launch, page text: 'It was launched on November 4, 2021'",192.0,$192,page_text_family,Alder Lake,List of 12th generation Alder Lake processors > Desktop processors (Alder Lake-S),1369487491,https://en.wikipedia.org/w/index.php?title=Alder_Lake&oldid=1369487491
Intel,Core 12th gen (Alder Lake),Core i3,12300,4.0,8.0,4.0,,3.5,4.4,12.0,60.0,2021-11-04,day,"family launch, page text: 'It was launched on November 4, 2021'",143.0,$143,page_text_family,Alder Lake,List of 12th generation Alder Lake processors > Desktop processors (Alder Lake-S),1369487491,https://en.wikipedia.org/w/index.php?title=Alder_Lake&oldid=1369487491
Intel,Core 12th gen (Alder Lake),Core i3,12300T,4.0,8.0,4.0,,2.3,4.2,12.0,35.0,2021-11-04,day,"family launch, page text: 'It was launched on November 4, 2021'",143.0,$143,page_text_family,Alder Lake,List of 12th generation Alder Lake processors > Desktop processors (Alder Lake-S),1369487491,https://en.wikipedia.org/w/index.php?title=Alder_Lake&oldid=1369487491
Intel,Core 12th gen (Alder Lake),Core i3,12100,4.0,8.0,4.0,,3.3,4.3,12.0,60.0,2021-11-04,day,"family launch, page text: 'It was launched on November 4, 2021'",122.0,$122,page_text_family,Alder Lake,List of 12th generation Alder Lake processors > Desktop processors (Alder Lake-S),1369487491,https://en.wikipedia.org/w/index.php?title=Alder_Lake&oldid=1369487491
Intel,Core 12th gen (Alder Lake),Core i3,12100F,4.0,8.0,4.0,,3.3,4.3,12.0,58.0,2021-11-04,day,"family launch, page text: 'It was launched on November 4, 2021'",97.0,$97,page_text_family,Alder Lake,List of 12th generation Alder Lake processors > Desktop processors (Alder Lake-S),1369487491,https://en.wikipedia.org/w/index.php?title=Alder_Lake&oldid=1369487491
Intel,Core 12th gen (Alder Lake),Core i3,12100T,4.0,8.0,4.0,,2.2,4.1,12.0,35.0,2021-11-04,day,"family launch, page text: 'It was launched on November 4, 2021'",122.0,$122,page_text_family,Alder Lake,List of 12th generation Alder Lake processors > Desktop processors (Alder Lake-S),1369487491,https://en.wikipedia.org/w/index.php?title=Alder_Lake&oldid=1369487491
Intel,Core 12th gen (Alder Lake),Pentium Gold,G7400,2.0,4.0,2.0,,3.7,,6.0,46.0,2021-11-04,day,"family launch, page text: 'It was launched on November 4, 2021'",64.0,$64,page_text_family,Alder Lake,List of 12th generation Alder Lake processors > Desktop processors (Alder Lake-S),1369487491,https://en.wikipedia.org/w/index.php?title=Alder_Lake&oldid=1369487491
Intel,Core 12th gen (Alder Lake),Pentium Gold,G7400T,2.0,4.0,2.0,,3.1,,6.0,35.0,2021-11-04,day,"family launch, page text: 'It was launched on November 4, 2021'",64.0,$64,page_text_family,Alder Lake,List of 12th generation Alder Lake processors > Desktop processors (Alder Lake-S),1369487491,https://en.wikipedia.org/w/index.php?title=Alder_Lake&oldid=1369487491
Intel,Core 12th gen (Alder Lake),Celeron,G6900,2.0,2.0,2.0,,3.4,,4.0,46.0,2021-11-04,day,"family launch, page text: 'It was launched on November 4, 2021'",42.0,$42,page_text_family,Alder Lake,List of 12th generation Alder Lake processors > Desktop processors (Alder Lake-S),1369487491,https://en.wikipedia.org/w/index.php?title=Alder_Lake&oldid=1369487491
Intel,Core 12th gen (Alder Lake),Celeron,G6900T,2.0,2.0,2.0,,2.8,,4.0,35.0,2021-11-04,day,"family launch, page text: 'It was launched on November 4, 2021'",42.0,$42,page_text_family,Alder Lake,List of 12th generation Alder Lake processors > Desktop processors (Alder Lake-S),1369487491,https://en.wikipedia.org/w/index.php?title=Alder_Lake&oldid=1369487491
Intel,Core 13th gen (Raptor Lake),Core i9,13900KS,24.0,32.0,8.0,16.0,3.2,6.0,36.0,150.0,2023-01-12,day,"Jan 12, 2023",699.0,$699,table,Raptor Lake,List of 13th-generation Raptor Lake processors > Desktop processors > Raptor Lake-S,1376695055,https://en.wikipedia.org/w/index.php?title=Raptor_Lake&oldid=1376695055
Intel,Core 13th gen (Raptor Lake),Core i9,13900K,24.0,32.0,8.0,16.0,3.0,5.8,36.0,125.0,2022-10-20,day,"Oct 20, 2022",589.0,$589,table,Raptor Lake,List of 13th-generation Raptor Lake processors > Desktop processors > Raptor Lake-S,1376695055,https://en.wikipedia.org/w/index.php?title=Raptor_Lake&oldid=1376695055
Intel,Core 13th gen (Raptor Lake),Core i9,13900KF,24.0,32.0,8.0,16.0,3.0,5.8,36.0,125.0,2022-10-20,day,"Oct 20, 2022",564.0,$564,table,Raptor Lake,List of 13th-generation Raptor Lake processors > Desktop processors > Raptor Lake-S,1376695055,https://en.wikipedia.org/w/index.php?title=Raptor_Lake&oldid=1376695055
Intel,Core 13th gen (Raptor Lake),Core i9,13900,24.0,32.0,8.0,16.0,2.0,5.6,36.0,65.0,2023-01-03,day,"Jan 3, 2023",549.0,$549,table,Raptor Lake,List of 13th-generation Raptor Lake processors > Desktop processors > Raptor Lake-S,1376695055,https://en.wikipedia.org/w/index.php?title=Raptor_Lake&oldid=1376695055
Intel,Core 13th gen (Raptor Lake),Core i9,13900F,24.0,32.0,8.0,16.0,2.0,5.6,36.0,65.0,2023-01-03,day,"Jan 3, 2023",524.0,$524,table,Raptor Lake,List of 13th-generation Raptor Lake processors > Desktop processors > Raptor Lake-S,1376695055,https://en.wikipedia.org/w/index.php?title=Raptor_Lake&oldid=1376695055
Intel,Core 13th gen (Raptor Lake),Core i9,13900E,24.0,32.0,8.0,16.0,1.8,5.2,36.0,65.0,,,Q1'23,554.0,$554,,Raptor Lake,List of 13th-generation Raptor Lake processors > Desktop processors > Raptor Lake-S,1376695055,https://en.wikipedia.org/w/index.php?title=Raptor_Lake&oldid=1376695055
Intel,Core 13th gen (Raptor Lake),Core i9,13900TE,24.0,32.0,8.0,16.0,1.0,5.0,36.0,35.0,,,Q1'23,554.0,$554,,Raptor Lake,List of 13th-generation Raptor Lake processors > Desktop processors > Raptor Lake-S,1376695055,https://en.wikipedia.org/w/index.php?title=Raptor_Lake&oldid=1376695055
Intel,Core 13th gen (Raptor Lake),Core i9,13900T,24.0,32.0,8.0,16.0,1.1,5.3,36.0,35.0,2023-01-03,day,"Jan 3, 2023",549.0,$549,table,Raptor Lake,List of 13th-generation Raptor Lake processors > Desktop processors > Raptor Lake-S,1376695055,https://en.wikipedia.org/w/index.php?title=Raptor_Lake&oldid=1376695055
Intel,Core 13th gen (Raptor Lake),Core i7,13790F,16.0,24.0,8.0,8.0,2.1,5.2,33.0,65.0,2023-02-08,day,"Feb 8, 2023",,China / exclusive,table,Raptor Lake,List of 13th-generation Raptor Lake processors > Desktop processors > Raptor Lake-S,1376695055,https://en.wikipedia.org/w/index.php?title=Raptor_Lake&oldid=1376695055
Intel,Core 13th gen (Raptor Lake),Core i7,13700K,16.0,24.0,8.0,8.0,3.4,5.4,30.0,125.0,2022-10-20,day,"Oct 20, 2022",409.0,$409,table,Raptor Lake,List of 13th-generation Raptor Lake processors > Desktop processors > Raptor Lake-S,1376695055,https://en.wikipedia.org/w/index.php?title=Raptor_Lake&oldid=1376695055
Intel,Core 13th gen (Raptor Lake),Core i7,13700KF,16.0,24.0,8.0,8.0,3.4,5.4,30.0,125.0,2022-10-20,day,"Oct 20, 2022",384.0,$384,table,Raptor Lake,List of 13th-generation Raptor Lake processors > Desktop processors > Raptor Lake-S,1376695055,https://en.wikipedia.org/w/index.php?title=Raptor_Lake&oldid=1376695055
Intel,Core 13th gen (Raptor Lake),Core i7,13700,16.0,24.0,8.0,8.0,2.1,5.2,30.0,65.0,2023-01-03,day,"Jan 3, 2023",384.0,$384,table,Raptor Lake,List of 13th-generation Raptor Lake processors > Desktop processors > Raptor Lake-S,1376695055,https://en.wikipedia.org/w/index.php?title=Raptor_Lake&oldid=1376695055
Intel,Core 13th gen (Raptor Lake),Core i7,13700F,16.0,24.0,8.0,8.0,2.1,5.2,30.0,65.0,2023-01-03,day,"Jan 3, 2023",359.0,$359,table,Raptor Lake,List of 13th-generation Raptor Lake processors > Desktop processors > Raptor Lake-S,1376695055,https://en.wikipedia.org/w/index.php?title=Raptor_Lake&oldid=1376695055
Intel,Core 13th gen (Raptor Lake),Core i7,13700E,16.0,24.0,8.0,8.0,1.9,5.1,30.0,65.0,,,Q1'23,390.0,$390,,Raptor Lake,List of 13th-generation Raptor Lake processors > Desktop processors > Raptor Lake-S,1376695055,https://en.wikipedia.org/w/index.php?title=Raptor_Lake&oldid=1376695055
Intel,Core 13th gen (Raptor Lake),Core i7,13700TE,16.0,24.0,8.0,8.0,1.1,4.8,30.0,35.0,,,Q1'23,390.0,$390,,Raptor Lake,List of 13th-generation Raptor Lake processors > Desktop processors > Raptor Lake-S,1376695055,https://en.wikipedia.org/w/index.php?title=Raptor_Lake&oldid=1376695055
Intel,Core 13th gen (Raptor Lake),Core i7,13700T,16.0,24.0,8.0,8.0,1.4,4.9,30.0,35.0,2023-01-03,day,"Jan 3, 2023",384.0,$384,table,Raptor Lake,List of 13th-generation Raptor Lake processors > Desktop processors > Raptor Lake-S,1376695055,https://en.wikipedia.org/w/index.php?title=Raptor_Lake&oldid=1376695055
Intel,Core 13th gen (Raptor Lake),Core i5,13600K,14.0,20.0,6.0,8.0,3.5,5.1,24.0,125.0,2022-10-20,day,"Oct 20, 2022",319.0,$319,table,Raptor Lake,List of 13th-generation Raptor Lake processors > Desktop processors > Raptor Lake-S,1376695055,https://en.wikipedia.org/w/index.php?title=Raptor_Lake&oldid=1376695055
Intel,Core 13th gen (Raptor Lake),Core i5,13600KF,14.0,20.0,6.0,8.0,3.5,5.1,24.0,125.0,2022-10-20,day,"Oct 20, 2022",294.0,$294,table,Raptor Lake,List of 13th-generation Raptor Lake processors > Desktop processors > Raptor Lake-S,1376695055,https://en.wikipedia.org/w/index.php?title=Raptor_Lake&oldid=1376695055
Intel,Core 13th gen (Raptor Lake),Core i5,13600,14.0,20.0,6.0,8.0,2.7,5.0,24.0,65.0,2023-01-03,day,"Jan 3, 2023",255.0,$255,table,Raptor Lake,List of 13th-generation Raptor Lake processors > Desktop processors > Raptor Lake-S,1376695055,https://en.wikipedia.org/w/index.php?title=Raptor_Lake&oldid=1376695055
Intel,Core 13th gen (Raptor Lake),Core i5,13600T,14.0,20.0,6.0,8.0,1.8,4.8,24.0,35.0,2023-01-03,day,"Jan 3, 2023",,,table,Raptor Lake,List of 13th-generation Raptor Lake processors > Desktop processors > Raptor Lake-S,1376695055,https://en.wikipedia.org/w/index.php?title=Raptor_Lake&oldid=1376695055
Intel,Core 13th gen (Raptor Lake),Core i5,13500,14.0,20.0,6.0,8.0,2.5,4.8,24.0,65.0,2023-01-03,day,"Jan 3, 2023",232.0,$232,table,Raptor Lake,List of 13th-generation Raptor Lake processors > Desktop processors > Raptor Lake-S,1376695055,https://en.wikipedia.org/w/index.php?title=Raptor_Lake&oldid=1376695055
Intel,Core 13th gen (Raptor Lake),Core i5,13500T,14.0,20.0,6.0,8.0,1.6,4.6,24.0,35.0,2023-01-03,day,"Jan 3, 2023",,,table,Raptor Lake,List of 13th-generation Raptor Lake processors > Desktop processors > Raptor Lake-S,1376695055,https://en.wikipedia.org/w/index.php?title=Raptor_Lake&oldid=1376695055
Intel,Core 13th gen (Raptor Lake),Core i5,13490F,10.0,16.0,6.0,4.0,2.5,4.8,24.0,65.0,2023-02-08,day,"Feb 8, 2023",,China / exclusive,table,Raptor Lake,List of 13th-generation Raptor Lake processors > Desktop processors > Raptor Lake-S,1376695055,https://en.wikipedia.org/w/index.php?title=Raptor_Lake&oldid=1376695055
Intel,Core 13th gen (Raptor Lake),Core i5,13400,10.0,16.0,6.0,4.0,2.5,4.6,20.0,65.0,2023-01-03,day,"Jan 3, 2023",221.0,$221,table,Raptor Lake,List of 13th-generation Raptor Lake processors > Desktop processors > Raptor Lake-S,1376695055,https://en.wikipedia.org/w/index.php?title=Raptor_Lake&oldid=1376695055
Intel,Core 13th gen (Raptor Lake),Core i5,13400F,10.0,16.0,6.0,4.0,2.5,4.6,20.0,65.0,2023-01-03,day,"Jan 3, 2023",196.0,$196,table,Raptor Lake,List of 13th-generation Raptor Lake processors > Desktop processors > Raptor Lake-S,1376695055,https://en.wikipedia.org/w/index.php?title=Raptor_Lake&oldid=1376695055
Intel,Core 13th gen (Raptor Lake),Core i5,13400T,10.0,16.0,6.0,4.0,1.3,4.4,20.0,35.0,2023-01-03,day,"Jan 3, 2023",221.0,$221,table,Raptor Lake,List of 13th-generation Raptor Lake processors > Desktop processors > Raptor Lake-S,1376695055,https://en.wikipedia.org/w/index.php?title=Raptor_Lake&oldid=1376695055
Intel,Core 13th gen (Raptor Lake),Core i3,13100,4.0,8.0,4.0,,3.4,4.5,12.0,60.0,2023-01-03,day,"Jan 3, 2023",134.0,$134,table,Raptor Lake,List of 13th-generation Raptor Lake processors > Desktop processors > Raptor Lake-S,1376695055,https://en.wikipedia.org/w/index.php?title=Raptor_Lake&oldid=1376695055
Intel,Core 13th gen (Raptor Lake),Core i3,13100F,4.0,8.0,4.0,,3.4,4.5,12.0,58.0,2023-01-03,day,"Jan 3, 2023",109.0,$109,table,Raptor Lake,List of 13th-generation Raptor Lake processors > Desktop processors > Raptor Lake-S,1376695055,https://en.wikipedia.org/w/index.php?title=Raptor_Lake&oldid=1376695055
Intel,Core 13th gen (Raptor Lake),Core i3,13100T,4.0,8.0,4.0,,2.5,4.2,12.0,35.0,2023-01-03,day,"Jan 3, 2023",134.0,$134,table,Raptor Lake,List of 13th-generation Raptor Lake processors > Desktop processors > Raptor Lake-S,1376695055,https://en.wikipedia.org/w/index.php?title=Raptor_Lake&oldid=1376695055
Intel,Core 14th gen (Raptor Lake Refresh),Core i9,14900KS,24.0,32.0,8.0,16.0,3.2,6.2,36.0,150.0,2024-03-14,day,"Mar 14, 2024",689.0,$689,table,Raptor Lake,List of 14th-generation Raptor Lake processors > Desktop processors > Raptor Lake-S Refresh,1376695055,https://en.wikipedia.org/w/index.php?title=Raptor_Lake&oldid=1376695055
Intel,Core 14th gen (Raptor Lake Refresh),Core i9,14900K,24.0,32.0,8.0,16.0,3.2,6.0,36.0,125.0,2023-10-17,day,"Oct 17, 2023",589.0,$589,table,Raptor Lake,List of 14th-generation Raptor Lake processors > Desktop processors > Raptor Lake-S Refresh,1376695055,https://en.wikipedia.org/w/index.php?title=Raptor_Lake&oldid=1376695055
Intel,Core 14th gen (Raptor Lake Refresh),Core i9,14900KF,24.0,32.0,8.0,16.0,3.2,6.0,36.0,125.0,2023-10-17,day,"Oct 17, 2023",564.0,$564,table,Raptor Lake,List of 14th-generation Raptor Lake processors > Desktop processors > Raptor Lake-S Refresh,1376695055,https://en.wikipedia.org/w/index.php?title=Raptor_Lake&oldid=1376695055
Intel,Core 14th gen (Raptor Lake Refresh),Core i9,14900,24.0,32.0,8.0,16.0,2.0,5.8,36.0,65.0,2024-01-08,day,"Jan 8, 2024",549.0,$549,table,Raptor Lake,List of 14th-generation Raptor Lake processors > Desktop processors > Raptor Lake-S Refresh,1376695055,https://en.wikipedia.org/w/index.php?title=Raptor_Lake&oldid=1376695055
Intel,Core 14th gen (Raptor Lake Refresh),Core i9,14900F,24.0,32.0,8.0,16.0,2.0,5.8,36.0,65.0,2024-01-08,day,"Jan 8, 2024",524.0,$524,table,Raptor Lake,List of 14th-generation Raptor Lake processors > Desktop processors > Raptor Lake-S Refresh,1376695055,https://en.wikipedia.org/w/index.php?title=Raptor_Lake&oldid=1376695055
Intel,Core 14th gen (Raptor Lake Refresh),Core i9,14900T,24.0,32.0,8.0,16.0,1.1,5.5,36.0,35.0,2024-01-08,day,"Jan 8, 2024",549.0,$549,table,Raptor Lake,List of 14th-generation Raptor Lake processors > Desktop processors > Raptor Lake-S Refresh,1376695055,https://en.wikipedia.org/w/index.php?title=Raptor_Lake&oldid=1376695055
Intel,Core 14th gen (Raptor Lake Refresh),Core i7,14790F,16.0,24.0,8.0,8.0,2.1,5.4,36.0,65.0,2024-01-15,day,"Jan 15, 2024",,China / exclusive,table,Raptor Lake,List of 14th-generation Raptor Lake processors > Desktop processors > Raptor Lake-S Refresh,1376695055,https://en.wikipedia.org/w/index.php?title=Raptor_Lake&oldid=1376695055
Intel,Core 14th gen (Raptor Lake Refresh),Core i7,14700K,20.0,28.0,8.0,12.0,3.4,5.6,33.0,125.0,2023-10-17,day,"Oct 17, 2023",409.0,$409,table,Raptor Lake,List of 14th-generation Raptor Lake processors > Desktop processors > Raptor Lake-S Refresh,1376695055,https://en.wikipedia.org/w/index.php?title=Raptor_Lake&oldid=1376695055
Intel,Core 14th gen (Raptor Lake Refresh),Core i7,14700KF,20.0,28.0,8.0,12.0,3.4,5.6,33.0,125.0,2023-10-17,day,"Oct 17, 2023",384.0,$384,table,Raptor Lake,List of 14th-generation Raptor Lake processors > Desktop processors > Raptor Lake-S Refresh,1376695055,https://en.wikipedia.org/w/index.php?title=Raptor_Lake&oldid=1376695055
Intel,Core 14th gen (Raptor Lake Refresh),Core i7,14700,20.0,28.0,8.0,12.0,2.1,5.4,33.0,65.0,2024-01-08,day,"Jan 8, 2024",384.0,$384,table,Raptor Lake,List of 14th-generation Raptor Lake processors > Desktop processors > Raptor Lake-S Refresh,1376695055,https://en.wikipedia.org/w/index.php?title=Raptor_Lake&oldid=1376695055
Intel,Core 14th gen (Raptor Lake Refresh),Core i7,14700F,20.0,28.0,8.0,12.0,2.1,5.4,33.0,65.0,2024-01-08,day,"Jan 8, 2024",359.0,$359,table,Raptor Lake,List of 14th-generation Raptor Lake processors > Desktop processors > Raptor Lake-S Refresh,1376695055,https://en.wikipedia.org/w/index.php?title=Raptor_Lake&oldid=1376695055
Intel,Core 14th gen (Raptor Lake Refresh),Core i7,14700T,20.0,28.0,8.0,12.0,1.3,5.2,33.0,35.0,2024-01-08,day,"Jan 8, 2024",384.0,$384,table,Raptor Lake,List of 14th-generation Raptor Lake processors > Desktop processors > Raptor Lake-S Refresh,1376695055,https://en.wikipedia.org/w/index.php?title=Raptor_Lake&oldid=1376695055
Intel,Core 14th gen (Raptor Lake Refresh),Core i5,14600K,14.0,20.0,6.0,8.0,3.5,5.3,24.0,125.0,2023-10-17,day,"Oct 17, 2023",319.0,$319,table,Raptor Lake,List of 14th-generation Raptor Lake processors > Desktop processors > Raptor Lake-S Refresh,1376695055,https://en.wikipedia.org/w/index.php?title=Raptor_Lake&oldid=1376695055
Intel,Core 14th gen (Raptor Lake Refresh),Core i5,14600KF,14.0,20.0,6.0,8.0,3.5,5.3,24.0,125.0,2023-10-17,day,"Oct 17, 2023",294.0,$294,table,Raptor Lake,List of 14th-generation Raptor Lake processors > Desktop processors > Raptor Lake-S Refresh,1376695055,https://en.wikipedia.org/w/index.php?title=Raptor_Lake&oldid=1376695055
Intel,Core 14th gen (Raptor Lake Refresh),Core i5,14600,14.0,20.0,6.0,8.0,2.7,5.2,24.0,65.0,2024-01-08,day,"Jan 8, 2024",255.0,$255,table,Raptor Lake,List of 14th-generation Raptor Lake processors > Desktop processors > Raptor Lake-S Refresh,1376695055,https://en.wikipedia.org/w/index.php?title=Raptor_Lake&oldid=1376695055
Intel,Core 14th gen (Raptor Lake Refresh),Core i5,14600T,14.0,20.0,6.0,8.0,1.8,5.1,24.0,35.0,2024-01-08,day,"Jan 8, 2024",255.0,$255,table,Raptor Lake,List of 14th-generation Raptor Lake processors > Desktop processors > Raptor Lake-S Refresh,1376695055,https://en.wikipedia.org/w/index.php?title=Raptor_Lake&oldid=1376695055
Intel,Core 14th gen (Raptor Lake Refresh),Core i5,14500,14.0,20.0,6.0,8.0,2.6,5.0,24.0,65.0,2024-01-08,day,"Jan 8, 2024",232.0,$232,table,Raptor Lake,List of 14th-generation Raptor Lake processors > Desktop processors > Raptor Lake-S Refresh,1376695055,https://en.wikipedia.org/w/index.php?title=Raptor_Lake&oldid=1376695055
Intel,Core 14th gen (Raptor Lake Refresh),Core i5,14500T,14.0,20.0,6.0,8.0,1.7,4.8,24.0,35.0,2024-01-08,day,"Jan 8, 2024",232.0,$232,table,Raptor Lake,List of 14th-generation Raptor Lake processors > Desktop processors > Raptor Lake-S Refresh,1376695055,https://en.wikipedia.org/w/index.php?title=Raptor_Lake&oldid=1376695055
Intel,Core 14th gen (Raptor Lake Refresh),Core i5,14490F,10.0,16.0,6.0,4.0,2.8,4.9,24.0,65.0,2024-01-15,day,"Jan 15, 2024",,China / exclusive,table,Raptor Lake,List of 14th-generation Raptor Lake processors > Desktop processors > Raptor Lake-S Refresh,1376695055,https://en.wikipedia.org/w/index.php?title=Raptor_Lake&oldid=1376695055
Intel,Core 14th gen (Raptor Lake Refresh),Core i5,14400,10.0,16.0,6.0,4.0,2.5,4.7,20.0,65.0,2024-01-08,day,"Jan 8, 2024",221.0,$221,table,Raptor Lake,List of 14th-generation Raptor Lake processors > Desktop processors > Raptor Lake-S Refresh,1376695055,https://en.wikipedia.org/w/index.php?title=Raptor_Lake&oldid=1376695055
Intel,Core 14th gen (Raptor Lake Refresh),Core i5,14400F,10.0,16.0,6.0,4.0,2.5,4.7,20.0,65.0,2024-01-08,day,"Jan 8, 2024",196.0,$196,table,Raptor Lake,List of 14th-generation Raptor Lake processors > Desktop processors > Raptor Lake-S Refresh,1376695055,https://en.wikipedia.org/w/index.php?title=Raptor_Lake&oldid=1376695055
Intel,Core 14th gen (Raptor Lake Refresh),Core i5,14400T,10.0,16.0,6.0,4.0,1.5,4.5,20.0,35.0,2024-01-08,day,"Jan 8, 2024",221.0,$221,table,Raptor Lake,List of 14th-generation Raptor Lake processors > Desktop processors > Raptor Lake-S Refresh,1376695055,https://en.wikipedia.org/w/index.php?title=Raptor_Lake&oldid=1376695055
Intel,Core 14th gen (Raptor Lake Refresh),Core i3,14100,4.0,8.0,4.0,,3.5,4.7,12.0,60.0,2024-01-08,day,"Jan 8, 2024",134.0,$134,table,Raptor Lake,List of 14th-generation Raptor Lake processors > Desktop processors > Raptor Lake-S Refresh,1376695055,https://en.wikipedia.org/w/index.php?title=Raptor_Lake&oldid=1376695055
Intel,Core 14th gen (Raptor Lake Refresh),Core i3,14100F,4.0,8.0,4.0,,3.5,4.7,12.0,58.0,2024-01-08,day,"Jan 8, 2024",109.0,$109,table,Raptor Lake,List of 14th-generation Raptor Lake processors > Desktop processors > Raptor Lake-S Refresh,1376695055,https://en.wikipedia.org/w/index.php?title=Raptor_Lake&oldid=1376695055
Intel,Core 14th gen (Raptor Lake Refresh),Core i3,14100T,4.0,8.0,4.0,,2.7,4.4,12.0,35.0,2024-01-08,day,"Jan 8, 2024",134.0,$134,table,Raptor Lake,List of 14th-generation Raptor Lake processors > Desktop processors > Raptor Lake-S Refresh,1376695055,https://en.wikipedia.org/w/index.php?title=Raptor_Lake&oldid=1376695055
Intel,Core 14th gen (Raptor Lake Refresh),Intel Processor,300,2.0,4.0,2.0,,3.9,,6.0,46.0,2024-01-08,day,"Jan 8, 2024",82.0,$82,table,Raptor Lake,List of 14th-generation Raptor Lake processors > Desktop processors > Raptor Lake-S Refresh,1376695055,https://en.wikipedia.org/w/index.php?title=Raptor_Lake&oldid=1376695055
Intel,Core 14th gen (Raptor Lake Refresh),Intel Processor,300T,2.0,4.0,2.0,,3.4,,6.0,35.0,2024-01-08,day,"Jan 8, 2024",82.0,$82,table,Raptor Lake,List of 14th-generation Raptor Lake processors > Desktop processors > Raptor Lake-S Refresh,1376695055,https://en.wikipedia.org/w/index.php?title=Raptor_Lake&oldid=1376695055
Intel,Core Ultra 200S (Arrow Lake),Core Ultra 9,285K,24.0,24.0,8.0,16.0,3.7,5.7,36.0,125.0,2024-10-24,day,"Oct 24, 2024",589.0,$589,table,Arrow Lake (microprocessor),List of Arrow Lake processors > Desktop > Arrow Lake-S,1376121424,https://en.wikipedia.org/w/index.php?title=Arrow_Lake_(microprocessor)&oldid=1376121424
Intel,Core Ultra 200S (Arrow Lake),Core Ultra 9,285,24.0,24.0,8.0,16.0,2.5,5.4,36.0,65.0,2025-01-06,day,"Jan 6, 2025",549.0,$549,table,Arrow Lake (microprocessor),List of Arrow Lake processors > Desktop > Arrow Lake-S,1376121424,https://en.wikipedia.org/w/index.php?title=Arrow_Lake_(microprocessor)&oldid=1376121424
Intel,Core Ultra 200S (Arrow Lake),Core Ultra 9,285T,24.0,24.0,8.0,16.0,1.4,5.3,36.0,35.0,2025-01-06,day,"Jan 6, 2025",549.0,$549,table,Arrow Lake (microprocessor),List of Arrow Lake processors > Desktop > Arrow Lake-S,1376121424,https://en.wikipedia.org/w/index.php?title=Arrow_Lake_(microprocessor)&oldid=1376121424
Intel,Core Ultra 200S (Arrow Lake),Core Ultra 7,265K,20.0,20.0,8.0,12.0,3.9,5.5,30.0,125.0,2024-10-24,day,"Oct 24, 2024",394.0,$394,table,Arrow Lake (microprocessor),List of Arrow Lake processors > Desktop > Arrow Lake-S,1376121424,https://en.wikipedia.org/w/index.php?title=Arrow_Lake_(microprocessor)&oldid=1376121424
Intel,Core Ultra 200S (Arrow Lake),Core Ultra 7,265KF,20.0,20.0,8.0,12.0,3.9,5.5,30.0,125.0,2024-10-24,day,"Oct 24, 2024",379.0,$379,table,Arrow Lake (microprocessor),List of Arrow Lake processors > Desktop > Arrow Lake-S,1376121424,https://en.wikipedia.org/w/index.php?title=Arrow_Lake_(microprocessor)&oldid=1376121424
Intel,Core Ultra 200S (Arrow Lake),Core Ultra 7,265,20.0,20.0,8.0,12.0,2.4,5.2,30.0,65.0,2025-01-06,day,"Jan 6, 2025",384.0,$384,table,Arrow Lake (microprocessor),List of Arrow Lake processors > Desktop > Arrow Lake-S,1376121424,https://en.wikipedia.org/w/index.php?title=Arrow_Lake_(microprocessor)&oldid=1376121424
Intel,Core Ultra 200S (Arrow Lake),Core Ultra 7,265F,20.0,20.0,8.0,12.0,2.4,5.2,30.0,65.0,2025-01-06,day,"Jan 6, 2025",369.0,$369,table,Arrow Lake (microprocessor),List of Arrow Lake processors > Desktop > Arrow Lake-S,1376121424,https://en.wikipedia.org/w/index.php?title=Arrow_Lake_(microprocessor)&oldid=1376121424
Intel,Core Ultra 200S (Arrow Lake),Core Ultra 7,265T,20.0,20.0,8.0,12.0,1.5,5.2,30.0,35.0,2025-01-06,day,"Jan 6, 2025",384.0,$384,table,Arrow Lake (microprocessor),List of Arrow Lake processors > Desktop > Arrow Lake-S,1376121424,https://en.wikipedia.org/w/index.php?title=Arrow_Lake_(microprocessor)&oldid=1376121424
Intel,Core Ultra 200S (Arrow Lake),Core Ultra 5,245K,14.0,14.0,6.0,8.0,4.2,5.2,24.0,125.0,2024-10-24,day,"Oct 24, 2024",309.0,$309,table,Arrow Lake (microprocessor),List of Arrow Lake processors > Desktop > Arrow Lake-S,1376121424,https://en.wikipedia.org/w/index.php?title=Arrow_Lake_(microprocessor)&oldid=1376121424
Intel,Core Ultra 200S (Arrow Lake),Core Ultra 5,245KF,14.0,14.0,6.0,8.0,4.2,5.2,24.0,125.0,2024-10-24,day,"Oct 24, 2024",294.0,$294,table,Arrow Lake (microprocessor),List of Arrow Lake processors > Desktop > Arrow Lake-S,1376121424,https://en.wikipedia.org/w/index.php?title=Arrow_Lake_(microprocessor)&oldid=1376121424
Intel,Core Ultra 200S (Arrow Lake),Core Ultra 5,245,14.0,14.0,6.0,8.0,3.5,5.1,24.0,65.0,2025-01-06,day,"Jan 6, 2025",270.0,$270,table,Arrow Lake (microprocessor),List of Arrow Lake processors > Desktop > Arrow Lake-S,1376121424,https://en.wikipedia.org/w/index.php?title=Arrow_Lake_(microprocessor)&oldid=1376121424
Intel,Core Ultra 200S (Arrow Lake),Core Ultra 5,245T,14.0,14.0,6.0,8.0,2.2,5.1,24.0,35.0,2025-01-06,day,"Jan 6, 2025",270.0,$270,table,Arrow Lake (microprocessor),List of Arrow Lake processors > Desktop > Arrow Lake-S,1376121424,https://en.wikipedia.org/w/index.php?title=Arrow_Lake_(microprocessor)&oldid=1376121424
Intel,Core Ultra 200S (Arrow Lake),Core Ultra 5,235,14.0,14.0,6.0,8.0,3.4,5.0,24.0,65.0,2025-01-06,day,"Jan 6, 2025",247.0,$247,table,Arrow Lake (microprocessor),List of Arrow Lake processors > Desktop > Arrow Lake-S,1376121424,https://en.wikipedia.org/w/index.php?title=Arrow_Lake_(microprocessor)&oldid=1376121424
Intel,Core Ultra 200S (Arrow Lake),Core Ultra 5,235T,14.0,14.0,6.0,8.0,2.2,5.0,24.0,35.0,2025-01-06,day,"Jan 6, 2025",247.0,$247,table,Arrow Lake (microprocessor),List of Arrow Lake processors > Desktop > Arrow Lake-S,1376121424,https://en.wikipedia.org/w/index.php?title=Arrow_Lake_(microprocessor)&oldid=1376121424
Intel,Core Ultra 200S (Arrow Lake),Core Ultra 5,225,10.0,10.0,6.0,4.0,3.3,4.9,20.0,65.0,2025-01-06,day,"Jan 6, 2025",236.0,$236,table,Arrow Lake (microprocessor),List of Arrow Lake processors > Desktop > Arrow Lake-S,1376121424,https://en.wikipedia.org/w/index.php?title=Arrow_Lake_(microprocessor)&oldid=1376121424
Intel,Core Ultra 200S (Arrow Lake),Core Ultra 5,225F,10.0,10.0,6.0,4.0,3.3,4.9,20.0,65.0,2025-01-06,day,"Jan 6, 2025",221.0,$221,table,Arrow Lake (microprocessor),List of Arrow Lake processors > Desktop > Arrow Lake-S,1376121424,https://en.wikipedia.org/w/index.php?title=Arrow_Lake_(microprocessor)&oldid=1376121424
Intel,Core Ultra 200S (Arrow Lake),Core Ultra 5,225T,10.0,10.0,6.0,4.0,2.5,4.9,20.0,35.0,2025-01-06,day,"Jan 6, 2025",236.0,$236,table,Arrow Lake (microprocessor),List of Arrow Lake processors > Desktop > Arrow Lake-S,1376121424,https://en.wikipedia.org/w/index.php?title=Arrow_Lake_(microprocessor)&oldid=1376121424
Intel,Core Ultra 200S (Arrow Lake),Core Ultra 3,205,8.0,8.0,4.0,4.0,3.8,4.9,15.0,57.0,2025-08-01,month,"Aug, 2025",,$130-$150 (Europe Only),table,Arrow Lake (microprocessor),List of Arrow Lake processors > Desktop > Arrow Lake-S,1376121424,https://en.wikipedia.org/w/index.php?title=Arrow_Lake_(microprocessor)&oldid=1376121424
Intel,Core Ultra 200S (Arrow Lake),Core Ultra 3,205T,8.0,8.0,4.0,4.0,2.7,4.9,15.0,35.0,,,,,,,Arrow Lake (microprocessor),List of Arrow Lake processors > Desktop > Arrow Lake-S,1376121424,https://en.wikipedia.org/w/index.php?title=Arrow_Lake_(microprocessor)&oldid=1376121424
Intel,Core Ultra 200S Plus (Arrow Lake Refresh),Core Ultra 7,270K Plus,24.0,24.0,8.0,16.0,3.7,5.5,36.0,125.0,2026-03-26,day,"March 26, 2026",299.0,$299,table,Arrow Lake (microprocessor),List of Arrow Lake Refresh processors > Desktop > Arrow Lake-S,1376121424,https://en.wikipedia.org/w/index.php?title=Arrow_Lake_(microprocessor)&oldid=1376121424
Intel,Core Ultra 200S Plus (Arrow Lake Refresh),Core Ultra 5,250K Plus,18.0,18.0,6.0,12.0,4.2,5.3,30.0,125.0,2026-03-26,day,"March 26, 2026",199.0,$199,table,Arrow Lake (microprocessor),List of Arrow Lake Refresh processors > Desktop > Arrow Lake-S,1376121424,https://en.wikipedia.org/w/index.php?title=Arrow_Lake_(microprocessor)&oldid=1376121424
Intel,Core Ultra 200S Plus (Arrow Lake Refresh),Core Ultra 5,250KF Plus,18.0,18.0,6.0,12.0,4.2,5.3,30.0,125.0,2026-03-26,day,"March 26, 2026",184.0,$184,table,Arrow Lake (microprocessor),List of Arrow Lake Refresh processors > Desktop > Arrow Lake-S,1376121424,https://en.wikipedia.org/w/index.php?title=Arrow_Lake_(microprocessor)&oldid=1376121424
