vendor,family,model,code_name,release_date,release_date_precision,release_raw,launch_msrp_usd,founders_edition_usd,launch_price_usd,price_raw,fp32_gflops_boost,boost_clock_mhz,mem_size_gb,mem_type,mem_bus_bits,mem_bandwidth_gbs,board_power_w,release_date_basis,wiki_page,wiki_section,wiki_revid,source_url
Nvidia,GeForce 10 (Pascal),GeForce GT 1010 OEM,,2021-01-13,day,"January / 13, 2021",,,,OEM,751.62,1468.0,2.0,GDDR5,64.0,48.1,30.0,table,List of Nvidia graphics processing units,Desktop GPUs > GeForce 10 series,1377107724,https://en.wikipedia.org/w/index.php?title=List_of_Nvidia_graphics_processing_units&oldid=1377107724
Nvidia,GeForce 10 (Pascal),GeForce GT 1010 OEM,,2021-01-13,day,"January / 13, 2021",,,,OEM,706.56,1380.0,2.0,DDR4,64.0,16.8,20.0,table,List of Nvidia graphics processing units,Desktop GPUs > GeForce 10 series,1377107724,https://en.wikipedia.org/w/index.php?title=List_of_Nvidia_graphics_processing_units&oldid=1377107724
Nvidia,GeForce 10 (Pascal),GeForce GT 1030,,2018-03-12,day,"March / 12, 2018",79.0,,79.0,$79,1059.07,1379.0,2.0,DDR4,64.0,16.8,20.0,table,List of Nvidia graphics processing units,Desktop GPUs > GeForce 10 series,1377107724,https://en.wikipedia.org/w/index.php?title=List_of_Nvidia_graphics_processing_units&oldid=1377107724
Nvidia,GeForce 10 (Pascal),GeForce GT 1030,,2017-05-17,day,"May / 17, 2017",69.0,,69.0,$69,1127.42,1468.0,2.0,GDDR5,64.0,48.1,30.0,table,List of Nvidia graphics processing units,Desktop GPUs > GeForce 10 series,1377107724,https://en.wikipedia.org/w/index.php?title=List_of_Nvidia_graphics_processing_units&oldid=1377107724
Nvidia,GeForce 10 (Pascal),GeForce GT 1030,,2018-09-30,day,"September / 30, 2018",,,,,812.54,1058.0,2.0,GDDR5,128.0,80.0,65.0,table,List of Nvidia graphics processing units,Desktop GPUs > GeForce 10 series,1377107724,https://en.wikipedia.org/w/index.php?title=List_of_Nvidia_graphics_processing_units&oldid=1377107724
Nvidia,GeForce 10 (Pascal),GeForce GTX 1050,,2016-10-25,day,"October / 25, 2016",109.0,,109.0,$109,1862.4,1455.0,2.0,GDDR5,128.0,112.1,75.0,table,List of Nvidia graphics processing units,Desktop GPUs > GeForce 10 series,1377107724,https://en.wikipedia.org/w/index.php?title=List_of_Nvidia_graphics_processing_units&oldid=1377107724
Nvidia,GeForce 10 (Pascal),GeForce GTX 1050,,2018-05-21,day,"May / 21, 2018",109.0,,109.0,$109,2331.65,1518.0,3.0,GDDR5,96.0,84.1,75.0,table,List of Nvidia graphics processing units,Desktop GPUs > GeForce 10 series,1377107724,https://en.wikipedia.org/w/index.php?title=List_of_Nvidia_graphics_processing_units&oldid=1377107724
Nvidia,GeForce 10 (Pascal),GeForce GTX 1050 Ti,,2016-10-25,day,"October / 25, 2016",139.0,,139.0,$139,2138.11,1392.0,4.0,GDDR5,128.0,112.1,75.0,table,List of Nvidia graphics processing units,Desktop GPUs > GeForce 10 series,1377107724,https://en.wikipedia.org/w/index.php?title=List_of_Nvidia_graphics_processing_units&oldid=1377107724
Nvidia,GeForce 10 (Pascal),GeForce GTX 1060,,2016-12-25,day,"December / 25, 2016",199.0,,199.0,$199,3935.23,1708.0,3.0,GDDR5,192.0,192.2,120.0,table,List of Nvidia graphics processing units,Desktop GPUs > GeForce 10 series,1377107724,https://en.wikipedia.org/w/index.php?title=List_of_Nvidia_graphics_processing_units&oldid=1377107724
Nvidia,GeForce 10 (Pascal),GeForce GTX 1060,,2016-08-18,day,"August / 18, 2016",199.0,,199.0,$199,3935.23,1708.0,3.0,GDDR5,192.0,192.2,120.0,table,List of Nvidia graphics processing units,Desktop GPUs > GeForce 10 series,1377107724,https://en.wikipedia.org/w/index.php?title=List_of_Nvidia_graphics_processing_units&oldid=1377107724
Nvidia,GeForce 10 (Pascal),GeForce GTX 1060 OEM,,2017-12-26,day,"December / 26, 2017",,,,OEM,4375.04,1709.0,5.0,GDDR5,160.0,160.2,120.0,table,List of Nvidia graphics processing units,Desktop GPUs > GeForce 10 series,1377107724,https://en.wikipedia.org/w/index.php?title=List_of_Nvidia_graphics_processing_units&oldid=1377107724
Nvidia,GeForce 10 (Pascal),GeForce GTX 1060 6 GB,,2018-03-08,day,"March / 8, 2018",299.0,,299.0,$299,4372.48,1708.0,6.0,GDDR5,192.0,192.2,120.0,table,List of Nvidia graphics processing units,Desktop GPUs > GeForce 10 series,1377107724,https://en.wikipedia.org/w/index.php?title=List_of_Nvidia_graphics_processing_units&oldid=1377107724
Nvidia,GeForce 10 (Pascal),GeForce GTX 1060 6 GB GDDR5X,,2018-10-18,day,"October / 18, 2018",299.0,,299.0,$299,4375.04,1709.0,6.0,GDDR5X,192.0,192.2,120.0,table,List of Nvidia graphics processing units,Desktop GPUs > GeForce 10 series,1377107724,https://en.wikipedia.org/w/index.php?title=List_of_Nvidia_graphics_processing_units&oldid=1377107724
Nvidia,GeForce 10 (Pascal),GeForce GTX 1060 Rev. 2,,2016-07-19,day,"July / 19, 2016",249.0,299.0,249.0,$249,4375.04,1709.0,6.0,GDDR5,192.0,192.2,120.0,table,List of Nvidia graphics processing units,Desktop GPUs > GeForce 10 series,1377107724,https://en.wikipedia.org/w/index.php?title=List_of_Nvidia_graphics_processing_units&oldid=1377107724
Nvidia,GeForce 10 (Pascal),GeForce GTX 1060 Rev. 2,,2017-04-20,day,"April / 20, 2017",299.0,,299.0,$299,4375.04,1709.0,6.0,GDDR5,192.0,216.7,120.0,table,List of Nvidia graphics processing units,Desktop GPUs > GeForce 10 series,1377107724,https://en.wikipedia.org/w/index.php?title=List_of_Nvidia_graphics_processing_units&oldid=1377107724
Nvidia,GeForce 10 (Pascal),GeForce GTX 1070,,2016-06-10,day,"June / 10, 2016",379.0,449.0,379.0,$379,6462.72,1683.0,8.0,GDDR5,256.0,256.3,150.0,table,List of Nvidia graphics processing units,Desktop GPUs > GeForce 10 series,1377107724,https://en.wikipedia.org/w/index.php?title=List_of_Nvidia_graphics_processing_units&oldid=1377107724
Nvidia,GeForce 10 (Pascal),GeForce GTX 1070 GDDR5X,,2018-12-04,day,"December / 4, 2018",379.0,449.0,379.0,$379,6462.72,1683.0,8.0,GDDR5X,256.0,256.3,150.0,table,List of Nvidia graphics processing units,Desktop GPUs > GeForce 10 series,1377107724,https://en.wikipedia.org/w/index.php?title=List_of_Nvidia_graphics_processing_units&oldid=1377107724
Nvidia,GeForce 10 (Pascal),GeForce GTX 1070 Ti,,2017-11-02,day,"November / 2, 2017",399.0,449.0,399.0,$399,8186.11,1683.0,8.0,GDDR5,256.0,256.3,180.0,table,List of Nvidia graphics processing units,Desktop GPUs > GeForce 10 series,1377107724,https://en.wikipedia.org/w/index.php?title=List_of_Nvidia_graphics_processing_units&oldid=1377107724
Nvidia,GeForce 10 (Pascal),GeForce GTX 1080,,2016-05-27,day,"May / 27, 2016",599.0,699.0,599.0,$599,8872.96,1733.0,8.0,GDDR5X,256.0,320.3,180.0,table,List of Nvidia graphics processing units,Desktop GPUs > GeForce 10 series,1377107724,https://en.wikipedia.org/w/index.php?title=List_of_Nvidia_graphics_processing_units&oldid=1377107724
Nvidia,GeForce 10 (Pascal),GeForce GTX 1080,,2017-04-20,day,"April / 20, 2017",499.0,699.0,499.0,$499,8872.96,1733.0,8.0,GDDR5X,256.0,352.3,180.0,table,List of Nvidia graphics processing units,Desktop GPUs > GeForce 10 series,1377107724,https://en.wikipedia.org/w/index.php?title=List_of_Nvidia_graphics_processing_units&oldid=1377107724
Nvidia,GeForce 10 (Pascal),GeForce GTX 1080 Ti,,2017-03-05,day,"March / 5, 2017",699.0,699.0,699.0,$699,11339.78,1582.0,11.0,GDDR5X,352.0,484.4,250.0,table,List of Nvidia graphics processing units,Desktop GPUs > GeForce 10 series,1377107724,https://en.wikipedia.org/w/index.php?title=List_of_Nvidia_graphics_processing_units&oldid=1377107724
Nvidia,GeForce 10 (Pascal),TITAN X Pascal,,2016-08-02,day,"August / 2, 2016",,1199.0,1199.0,,10974.21,1531.0,12.0,GDDR5X,384.0,480.4,250.0,table,List of Nvidia graphics processing units,Desktop GPUs > GeForce 10 series,1377107724,https://en.wikipedia.org/w/index.php?title=List_of_Nvidia_graphics_processing_units&oldid=1377107724
Nvidia,GeForce 10 (Pascal),TITAN Xp,,2017-04-06,day,"April / 6, 2017",,1199.0,1199.0,,12149.76,1582.0,12.0,GDDR5X,384.0,547.6,250.0,table,List of Nvidia graphics processing units,Desktop GPUs > GeForce 10 series,1377107724,https://en.wikipedia.org/w/index.php?title=List_of_Nvidia_graphics_processing_units&oldid=1377107724
Nvidia,GeForce 16 (Turing),GeForce GTX 1630,,2022-06-28,day,"June / 28, 2022",,,,,1828.0,1785.0,4.0,GDDR6,64.0,96.0,75.0,table,List of Nvidia graphics processing units,Desktop GPUs > GeForce GTX 16 series,1377107724,https://en.wikipedia.org/w/index.php?title=List_of_Nvidia_graphics_processing_units&oldid=1377107724
Nvidia,GeForce 16 (Turing),GeForce GTX 1650,,2019-04-23,day,"April / 23, 2019",,,,,2984.0,1665.0,4.0,GDDR5,128.0,128.1,75.0,table,List of Nvidia graphics processing units,Desktop GPUs > GeForce GTX 16 series,1377107724,https://en.wikipedia.org/w/index.php?title=List_of_Nvidia_graphics_processing_units&oldid=1377107724
Nvidia,GeForce 16 (Turing),GeForce GTX 1650,,2020-04-01,day,"April / 1, 2020",,,,,2849.0,1590.0,4.0,GDDR6,128.0,192.0,75.0,table,List of Nvidia graphics processing units,Desktop GPUs > GeForce GTX 16 series,1377107724,https://en.wikipedia.org/w/index.php?title=List_of_Nvidia_graphics_processing_units&oldid=1377107724
Nvidia,GeForce 16 (Turing),GeForce GTX 1650,,2020-07-07,day,"July / 7, 2020",,,,,2849.0,1590.0,4.0,GDDR6,128.0,192.0,80.0,table,List of Nvidia graphics processing units,Desktop GPUs > GeForce GTX 16 series,1377107724,https://en.wikipedia.org/w/index.php?title=List_of_Nvidia_graphics_processing_units&oldid=1377107724
Nvidia,GeForce 16 (Turing),GeForce GTX 1650,,2020-06-18,day,"June / 18, 2020",,,,,2849.0,1590.0,4.0,GDDR6,128.0,192.0,90.0,table,List of Nvidia graphics processing units,Desktop GPUs > GeForce GTX 16 series,1377107724,https://en.wikipedia.org/w/index.php?title=List_of_Nvidia_graphics_processing_units&oldid=1377107724
Nvidia,GeForce 16 (Turing),GeForce GTX 1650 Super,,2019-11-22,day,"November / 22, 2019",,,,,4416.0,1725.0,4.0,GDDR6,128.0,192.0,100.0,table,List of Nvidia graphics processing units,Desktop GPUs > GeForce GTX 16 series,1377107724,https://en.wikipedia.org/w/index.php?title=List_of_Nvidia_graphics_processing_units&oldid=1377107724
Nvidia,GeForce 16 (Turing),GeForce GTX 1660,,2019-03-14,day,"March / 14, 2019",,,,,5027.0,1785.0,6.0,GDDR5,192.0,192.1,120.0,table,List of Nvidia graphics processing units,Desktop GPUs > GeForce GTX 16 series,1377107724,https://en.wikipedia.org/w/index.php?title=List_of_Nvidia_graphics_processing_units&oldid=1377107724
Nvidia,GeForce 16 (Turing),GeForce GTX 1660 Super,,2019-10-29,day,"October / 29, 2019",,,,,5027.0,1785.0,6.0,GDDR6,192.0,336.0,125.0,table,List of Nvidia graphics processing units,Desktop GPUs > GeForce GTX 16 series,1377107724,https://en.wikipedia.org/w/index.php?title=List_of_Nvidia_graphics_processing_units&oldid=1377107724
Nvidia,GeForce 16 (Turing),GeForce GTX 1660 Ti,,2019-02-21,day,"February / 21, 2019",,,,,5437000.0,1770.0,6.0,GDDR6,192.0,288.0,120.0,table,List of Nvidia graphics processing units,Desktop GPUs > GeForce GTX 16 series,1377107724,https://en.wikipedia.org/w/index.php?title=List_of_Nvidia_graphics_processing_units&oldid=1377107724
Nvidia,GeForce RTX 20 (Turing),GeForce RTX 2060,,2019-01-07,day,"January / 7, 2019",349.0,,349.0,$349,6451.0,1680.0,6.0,GDDR6,192.0,336.0,160.0,table,List of Nvidia graphics processing units,Desktop GPUs > GeForce RTX 20 series,1377107724,https://en.wikipedia.org/w/index.php?title=List_of_Nvidia_graphics_processing_units&oldid=1377107724
Nvidia,GeForce RTX 20 (Turing),GeForce RTX 2060,,2020-01-10,day,"January / 10, 2020",299.0,,299.0,$299,6451.0,1680.0,6.0,GDDR6,192.0,336.0,160.0,table,List of Nvidia graphics processing units,Desktop GPUs > GeForce RTX 20 series,1377107724,https://en.wikipedia.org/w/index.php?title=List_of_Nvidia_graphics_processing_units&oldid=1377107724
Nvidia,GeForce RTX 20 (Turing),GeForce RTX 2060,,2021-12-07,day,"December / 7, 2021",299.0,,299.0,$299,7181.0,1650.0,12.0,GDDR6,192.0,336.0,184.0,table,List of Nvidia graphics processing units,Desktop GPUs > GeForce RTX 20 series,1377107724,https://en.wikipedia.org/w/index.php?title=List_of_Nvidia_graphics_processing_units&oldid=1377107724
Nvidia,GeForce RTX 20 (Turing),GeForce RTX 2060 SUPER,,2019-07-09,day,"July / 9, 2019",399.0,399.0,399.0,$399,7181.0,1650.0,8.0,GDDR6,256.0,448.0,175.0,table,List of Nvidia graphics processing units,Desktop GPUs > GeForce RTX 20 series,1377107724,https://en.wikipedia.org/w/index.php?title=List_of_Nvidia_graphics_processing_units&oldid=1377107724
Nvidia,GeForce RTX 20 (Turing),GeForce RTX 2070,,2018-10-17,day,"October / 17, 2018",499.0,599.0,499.0,$499,7465.0,1620.0,8.0,GDDR6,256.0,448.0,175.0,table,List of Nvidia graphics processing units,Desktop GPUs > GeForce RTX 20 series,1377107724,https://en.wikipedia.org/w/index.php?title=List_of_Nvidia_graphics_processing_units&oldid=1377107724
Nvidia,GeForce RTX 20 (Turing),GeForce RTX 2070 SUPER,,2019-07-09,day,"July / 9, 2019",499.0,499.0,499.0,$499,9062.0,1770.0,8.0,GDDR6,256.0,448.0,215.0,table,List of Nvidia graphics processing units,Desktop GPUs > GeForce RTX 20 series,1377107724,https://en.wikipedia.org/w/index.php?title=List_of_Nvidia_graphics_processing_units&oldid=1377107724
Nvidia,GeForce RTX 20 (Turing),GeForce RTX 2080,,2018-09-20,day,"September / 20, 2018",699.0,799.0,699.0,$699,10068.0,1710.0,8.0,GDDR6,256.0,448.0,215.0,table,List of Nvidia graphics processing units,Desktop GPUs > GeForce RTX 20 series,1377107724,https://en.wikipedia.org/w/index.php?title=List_of_Nvidia_graphics_processing_units&oldid=1377107724
Nvidia,GeForce RTX 20 (Turing),GeForce RTX 2080 SUPER,,2019-07-23,day,"July / 23, 2019",699.0,699.0,699.0,$699,11151.0,1815.0,8.0,GDDR6,256.0,495.9,250.0,table,List of Nvidia graphics processing units,Desktop GPUs > GeForce RTX 20 series,1377107724,https://en.wikipedia.org/w/index.php?title=List_of_Nvidia_graphics_processing_units&oldid=1377107724
Nvidia,GeForce RTX 20 (Turing),GeForce RTX 2080 Ti,,2018-09-20,day,"September / 20, 2018",999.0,1199.0,999.0,$999,13448.0,1545.0,11.0,GDDR6,352.0,616.0,250.0,table,List of Nvidia graphics processing units,Desktop GPUs > GeForce RTX 20 series,1377107724,https://en.wikipedia.org/w/index.php?title=List_of_Nvidia_graphics_processing_units&oldid=1377107724
Nvidia,GeForce RTX 20 (Turing),Titan RTX,,2018-12-18,day,"December / 18, 2018",,2499.0,2499.0,,16312.000000000002,1770.0,24.0,GDDR6,384.0,672.0,280.0,table,List of Nvidia graphics processing units,Desktop GPUs > GeForce RTX 20 series,1377107724,https://en.wikipedia.org/w/index.php?title=List_of_Nvidia_graphics_processing_units&oldid=1377107724
Nvidia,GeForce RTX 30 (Ampere),GeForce RTX 3050 6 GB,,2024-02-02,day,"February / 2, 2024",179.0,,179.0,$179,6774.0,1470.0,6.0,GDDR6,96.0,168.0,70.0,table,List of Nvidia graphics processing units,Desktop GPUs > GeForce RTX 30 series,1377107724,https://en.wikipedia.org/w/index.php?title=List_of_Nvidia_graphics_processing_units&oldid=1377107724
Nvidia,GeForce RTX 30 (Ampere),GeForce RTX 3050,,2022-12-16,day,"December / 16, 2022",249.0,,249.0,$249,9098.0,1777.0,8.0,GDDR6,128.0,224.0,115.0,table,List of Nvidia graphics processing units,Desktop GPUs > GeForce RTX 30 series,1377107724,https://en.wikipedia.org/w/index.php?title=List_of_Nvidia_graphics_processing_units&oldid=1377107724
Nvidia,GeForce RTX 30 (Ampere),GeForce RTX 3050,,2022-01-04,day,"January / 4, 2022",249.0,,249.0,$249,9098.0,1777.0,8.0,GDDR6,128.0,224.0,130.0,table,List of Nvidia graphics processing units,Desktop GPUs > GeForce RTX 30 series,1377107724,https://en.wikipedia.org/w/index.php?title=List_of_Nvidia_graphics_processing_units&oldid=1377107724
Nvidia,GeForce RTX 30 (Ampere),GeForce RTX 3050 OEM,,2022-01-27,day,"January / 27, 2022",,,,OEM,8087.0,1755.0,8.0,GDDR6,128.0,224.0,130.0,table,List of Nvidia graphics processing units,Desktop GPUs > GeForce RTX 30 series,1377107724,https://en.wikipedia.org/w/index.php?title=List_of_Nvidia_graphics_processing_units&oldid=1377107724
Nvidia,GeForce RTX 30 (Ampere),GeForce RTX 3060,,2022-10-12,day,"October / 12, 2022",329.0,,329.0,$329,12738.0,1777.0,8.0,GDDR6,128.0,224.0,170.0,table,List of Nvidia graphics processing units,Desktop GPUs > GeForce RTX 30 series,1377107724,https://en.wikipedia.org/w/index.php?title=List_of_Nvidia_graphics_processing_units&oldid=1377107724
Nvidia,GeForce RTX 30 (Ampere),GeForce RTX 3060,,2022-10-01,month,October / 2022,329.0,,329.0,$329,12738.0,1777.0,8.0,GDDR6,128.0,224.0,195.0,table,List of Nvidia graphics processing units,Desktop GPUs > GeForce RTX 30 series,1377107724,https://en.wikipedia.org/w/index.php?title=List_of_Nvidia_graphics_processing_units&oldid=1377107724
Nvidia,GeForce RTX 30 (Ampere),GeForce RTX 3060 12 GB,,2021-02-25,day,"February / 25, 2021",329.0,,329.0,$329,12738.0,1777.0,12.0,GDDR6,192.0,336.0,170.0,table,List of Nvidia graphics processing units,Desktop GPUs > GeForce RTX 30 series,1377107724,https://en.wikipedia.org/w/index.php?title=List_of_Nvidia_graphics_processing_units&oldid=1377107724
Nvidia,GeForce RTX 30 (Ampere),GeForce RTX 3060 12 GB,,2021-09-01,day,"September / 1, 2021",329.0,,329.0,$329,12738.0,1777.0,12.0,GDDR6,192.0,336.0,170.0,table,List of Nvidia graphics processing units,Desktop GPUs > GeForce RTX 30 series,1377107724,https://en.wikipedia.org/w/index.php?title=List_of_Nvidia_graphics_processing_units&oldid=1377107724
Nvidia,GeForce RTX 30 (Ampere),GeForce RTX 3060 OEM,,2021-02-25,day,"February / 25, 2021",,,,OEM,14223.0,1852.0,6.0,GDDR6,192.0,336.0,185.0,table,List of Nvidia graphics processing units,Desktop GPUs > GeForce RTX 30 series,1377107724,https://en.wikipedia.org/w/index.php?title=List_of_Nvidia_graphics_processing_units&oldid=1377107724
Nvidia,GeForce RTX 30 (Ampere),GeForce RTX 3060 Ti,,2020-12-02,day,"December / 2, 2020",399.0,399.0,399.0,$399,16197.0,1665.0,8.0,GDDR6,256.0,448.0,200.0,table,List of Nvidia graphics processing units,Desktop GPUs > GeForce RTX 30 series,1377107724,https://en.wikipedia.org/w/index.php?title=List_of_Nvidia_graphics_processing_units&oldid=1377107724
Nvidia,GeForce RTX 30 (Ampere),GeForce RTX 3060 Ti,,2022-02-23,day,"February / 23, 2022",399.0,399.0,399.0,$399,16197.0,1665.0,8.0,GDDR6,256.0,448.0,200.0,table,List of Nvidia graphics processing units,Desktop GPUs > GeForce RTX 30 series,1377107724,https://en.wikipedia.org/w/index.php?title=List_of_Nvidia_graphics_processing_units&oldid=1377107724
Nvidia,GeForce RTX 30 (Ampere),GeForce RTX 3060 Ti GDDR6X,,2022-10-19,day,"October / 19, 2022",399.0,399.0,399.0,$399,16197.0,1665.0,8.0,GDDR6X,256.0,608.3,225.0,table,List of Nvidia graphics processing units,Desktop GPUs > GeForce RTX 30 series,1377107724,https://en.wikipedia.org/w/index.php?title=List_of_Nvidia_graphics_processing_units&oldid=1377107724
Nvidia,GeForce RTX 30 (Ampere),GeForce RTX 3070,,2020-10-29,day,"October / 29, 2020",499.0,499.0,499.0,$499,20314.0,1725.0,8.0,GDDR6,256.0,448.0,220.0,table,List of Nvidia graphics processing units,Desktop GPUs > GeForce RTX 30 series,1377107724,https://en.wikipedia.org/w/index.php?title=List_of_Nvidia_graphics_processing_units&oldid=1377107724
Nvidia,GeForce RTX 30 (Ampere),GeForce RTX 3070 Ti,,2021-06-10,day,"June / 10, 2021",599.0,599.0,599.0,$599,21750.0,1770.0,8.0,GDDR6X,256.0,608.3,290.0,table,List of Nvidia graphics processing units,Desktop GPUs > GeForce RTX 30 series,1377107724,https://en.wikipedia.org/w/index.php?title=List_of_Nvidia_graphics_processing_units&oldid=1377107724
Nvidia,GeForce RTX 30 (Ampere),GeForce RTX 3070 Ti,,2022-10-21,day,"October / 21, 2022",599.0,599.0,599.0,$599,21750.0,1770.0,8.0,GDDR6X,256.0,608.3,290.0,table,List of Nvidia graphics processing units,Desktop GPUs > GeForce RTX 30 series,1377107724,https://en.wikipedia.org/w/index.php?title=List_of_Nvidia_graphics_processing_units&oldid=1377107724
Nvidia,GeForce RTX 30 (Ampere),GeForce RTX 3080,,2020-09-17,day,"September / 17, 2020",699.0,699.0,699.0,$699,29768.0,1710.0,10.0,GDDR6X,320.0,760.3,320.0,table,List of Nvidia graphics processing units,Desktop GPUs > GeForce RTX 30 series,1377107724,https://en.wikipedia.org/w/index.php?title=List_of_Nvidia_graphics_processing_units&oldid=1377107724
Nvidia,GeForce RTX 30 (Ampere),GeForce RTX 3080 12 GB,,2022-01-11,day,"January / 11, 2022",799.0,799.0,799.0,$799,30640.0,1710.0,12.0,GDDR6X,384.0,912.4,350.0,table,List of Nvidia graphics processing units,Desktop GPUs > GeForce RTX 30 series,1377107724,https://en.wikipedia.org/w/index.php?title=List_of_Nvidia_graphics_processing_units&oldid=1377107724
Nvidia,GeForce RTX 30 (Ampere),GeForce RTX 3080 Ti,,2021-06-03,day,"June / 3, 2021",1199.0,1199.0,1199.0,$1199,34099.0,1665.0,12.0,GDDR6X,384.0,912.4,350.0,table,List of Nvidia graphics processing units,Desktop GPUs > GeForce RTX 30 series,1377107724,https://en.wikipedia.org/w/index.php?title=List_of_Nvidia_graphics_processing_units&oldid=1377107724
Nvidia,GeForce RTX 30 (Ampere),GeForce RTX 3080 Ti 20 GB,,2022-01-01,month,January / 2022,1199.0,1199.0,1199.0,$1199,34099.0,1665.0,20.0,GDDR6X,320.0,760.3,350.0,table,List of Nvidia graphics processing units,Desktop GPUs > GeForce RTX 30 series,1377107724,https://en.wikipedia.org/w/index.php?title=List_of_Nvidia_graphics_processing_units&oldid=1377107724
Nvidia,GeForce RTX 30 (Ampere),GeForce RTX 3090,,2020-09-24,day,"September / 24, 2020",1499.0,1499.0,1499.0,$1499,35581.0,1695.0,24.0,GDDR6X,384.0,936.2,350.0,table,List of Nvidia graphics processing units,Desktop GPUs > GeForce RTX 30 series,1377107724,https://en.wikipedia.org/w/index.php?title=List_of_Nvidia_graphics_processing_units&oldid=1377107724
Nvidia,GeForce RTX 30 (Ampere),GeForce RTX 3090 Ti,,2022-03-29,day,"March / 29, 2022",1999.0,1999.0,1999.0,$1999,39997.0,1860.0,24.0,GDDR6X,384.0,1008.3,450.0,table,List of Nvidia graphics processing units,Desktop GPUs > GeForce RTX 30 series,1377107724,https://en.wikipedia.org/w/index.php?title=List_of_Nvidia_graphics_processing_units&oldid=1377107724
Nvidia,GeForce RTX 40 (Ada Lovelace),GeForce RTX 4060,,2023-06-29,day,"June / 29, 2023",299.0,,299.0,$299,15114.0,2460.0,8.0,GDDR6,128.0,272.0,115.0,table,List of Nvidia graphics processing units,Desktop GPUs > GeForce RTX 40 series,1377107724,https://en.wikipedia.org/w/index.php?title=List_of_Nvidia_graphics_processing_units&oldid=1377107724
Nvidia,GeForce RTX 40 (Ada Lovelace),GeForce RTX 4060,,2024-04-01,month,April / 2024,299.0,,299.0,$299,15114.0,2460.0,8.0,GDDR6,128.0,272.0,115.0,table,List of Nvidia graphics processing units,Desktop GPUs > GeForce RTX 40 series,1377107724,https://en.wikipedia.org/w/index.php?title=List_of_Nvidia_graphics_processing_units&oldid=1377107724
Nvidia,GeForce RTX 40 (Ada Lovelace),GeForce RTX 4060 Ti,,2023-05-24,day,"May / 24, 2023",399.0,399.0,399.0,$399,22065.0,2535.0,8.0,GDDR6,128.0,288.0,160.0,table,List of Nvidia graphics processing units,Desktop GPUs > GeForce RTX 40 series,1377107724,https://en.wikipedia.org/w/index.php?title=List_of_Nvidia_graphics_processing_units&oldid=1377107724
Nvidia,GeForce RTX 40 (Ada Lovelace),GeForce RTX 4060 Ti,,2024-04-01,month,April / 2024,399.0,399.0,399.0,$399,22065.0,2535.0,8.0,GDDR6,128.0,288.0,160.0,table,List of Nvidia graphics processing units,Desktop GPUs > GeForce RTX 40 series,1377107724,https://en.wikipedia.org/w/index.php?title=List_of_Nvidia_graphics_processing_units&oldid=1377107724
Nvidia,GeForce RTX 40 (Ada Lovelace),GeForce RTX 4060 Ti 16 GB,,2023-07-18,day,"July / 18, 2023",499.0,,499.0,$499,22065.0,2535.0,16.0,GDDR6,128.0,288.0,165.0,table,List of Nvidia graphics processing units,Desktop GPUs > GeForce RTX 40 series,1377107724,https://en.wikipedia.org/w/index.php?title=List_of_Nvidia_graphics_processing_units&oldid=1377107724
Nvidia,GeForce RTX 40 (Ada Lovelace),GeForce RTX 4070 GDDR6,,2024-08-20,day,"August / 20, 2024",599.0,599.0,599.0,$599,29146.0,2475.0,12.0,GDDR6,192.0,480.0,200.0,table,List of Nvidia graphics processing units,Desktop GPUs > GeForce RTX 40 series,1377107724,https://en.wikipedia.org/w/index.php?title=List_of_Nvidia_graphics_processing_units&oldid=1377107724
Nvidia,GeForce RTX 40 (Ada Lovelace),GeForce RTX 4070,,2023-04-13,day,"April / 13, 2023",599.0,599.0,599.0,$599,29146.0,2475.0,12.0,GDDR6X,192.0,504.2,200.0,table,List of Nvidia graphics processing units,Desktop GPUs > GeForce RTX 40 series,1377107724,https://en.wikipedia.org/w/index.php?title=List_of_Nvidia_graphics_processing_units&oldid=1377107724
Nvidia,GeForce RTX 40 (Ada Lovelace),GeForce RTX 4070,,2024-03-01,month,March / 2024,599.0,599.0,599.0,$599,29146.0,2475.0,12.0,GDDR6X,192.0,504.2,200.0,table,List of Nvidia graphics processing units,Desktop GPUs > GeForce RTX 40 series,1377107724,https://en.wikipedia.org/w/index.php?title=List_of_Nvidia_graphics_processing_units&oldid=1377107724
Nvidia,GeForce RTX 40 (Ada Lovelace),GeForce RTX 4070 Super,,2024-01-17,day,"January / 17, 2024",599.0,599.0,599.0,$599,35482.0,2475.0,12.0,GDDR6X,192.0,504.2,220.0,table,List of Nvidia graphics processing units,Desktop GPUs > GeForce RTX 40 series,1377107724,https://en.wikipedia.org/w/index.php?title=List_of_Nvidia_graphics_processing_units&oldid=1377107724
Nvidia,GeForce RTX 40 (Ada Lovelace),GeForce RTX 4070 Ti,,2023-01-05,day,"January / 5, 2023",799.0,,799.0,$799,40090.0,2610.0,12.0,GDDR6X,192.0,504.2,285.0,table,List of Nvidia graphics processing units,Desktop GPUs > GeForce RTX 40 series,1377107724,https://en.wikipedia.org/w/index.php?title=List_of_Nvidia_graphics_processing_units&oldid=1377107724
Nvidia,GeForce RTX 40 (Ada Lovelace),GeForce RTX 4070 Ti Super,,2024-01-24,day,"January / 24, 2024",799.0,,799.0,$799,44099.0,2610.0,16.0,GDDR6X,256.0,672.3,285.0,table,List of Nvidia graphics processing units,Desktop GPUs > GeForce RTX 40 series,1377107724,https://en.wikipedia.org/w/index.php?title=List_of_Nvidia_graphics_processing_units&oldid=1377107724
Nvidia,GeForce RTX 40 (Ada Lovelace),GeForce RTX 4070 Ti Super,,2024-06-10,day,"June / 10, 2024",799.0,,799.0,$799,44099.0,2610.0,16.0,GDDR6X,256.0,672.3,285.0,table,List of Nvidia graphics processing units,Desktop GPUs > GeForce RTX 40 series,1377107724,https://en.wikipedia.org/w/index.php?title=List_of_Nvidia_graphics_processing_units&oldid=1377107724
Nvidia,GeForce RTX 40 (Ada Lovelace),GeForce RTX 4080,,2022-11-16,day,"November / 16, 2022",1199.0,1199.0,1199.0,$1199,48737.0,2505.0,16.0,GDDR6X,256.0,716.8,320.0,table,List of Nvidia graphics processing units,Desktop GPUs > GeForce RTX 40 series,1377107724,https://en.wikipedia.org/w/index.php?title=List_of_Nvidia_graphics_processing_units&oldid=1377107724
Nvidia,GeForce RTX 40 (Ada Lovelace),GeForce RTX 4080 Super,,2024-01-31,day,"January / 31, 2024",999.0,999.0,999.0,$999,52224.0,2550.0,16.0,GDDR6X,256.0,736.3,320.0,table,List of Nvidia graphics processing units,Desktop GPUs > GeForce RTX 40 series,1377107724,https://en.wikipedia.org/w/index.php?title=List_of_Nvidia_graphics_processing_units&oldid=1377107724
Nvidia,GeForce RTX 40 (Ada Lovelace),GeForce RTX 4090 D,,2023-12-28,day,"December / 28, 2023",1599.0,,1599.0,"CN¥12,999 / (USD $1599)",73544.0,2520.0,24.0,GDDR6X,384.0,1008.0,425.0,table,List of Nvidia graphics processing units,Desktop GPUs > GeForce RTX 40 series,1377107724,https://en.wikipedia.org/w/index.php?title=List_of_Nvidia_graphics_processing_units&oldid=1377107724
Nvidia,GeForce RTX 40 (Ada Lovelace),GeForce RTX 4090,,2022-10-12,day,"October / 12, 2022",1599.0,1599.0,1599.0,$1599,82575.0,2520.0,24.0,GDDR6X,384.0,1008.0,450.0,table,List of Nvidia graphics processing units,Desktop GPUs > GeForce RTX 40 series,1377107724,https://en.wikipedia.org/w/index.php?title=List_of_Nvidia_graphics_processing_units&oldid=1377107724
Nvidia,GeForce RTX 50 (Blackwell),GeForce RTX 5050,,2025-07-01,day,"July / 1, 2025",249.0,,249.0,$249,13169.0,2572.0,8.0,GDDR6,128.0,320.0,130.0,table,List of Nvidia graphics processing units,Desktop GPUs > GeForce RTX 50 series,1377107724,https://en.wikipedia.org/w/index.php?title=List_of_Nvidia_graphics_processing_units&oldid=1377107724
Nvidia,GeForce RTX 50 (Blackwell),GeForce RTX 5060,,2025-05-19,day,"May / 19, 2025",299.0,,299.0,$299,19177.0,2497.0,8.0,GDDR7,128.0,448.0,145.0,table,List of Nvidia graphics processing units,Desktop GPUs > GeForce RTX 50 series,1377107724,https://en.wikipedia.org/w/index.php?title=List_of_Nvidia_graphics_processing_units&oldid=1377107724
Nvidia,GeForce RTX 50 (Blackwell),GeForce RTX 5060 Ti,,2025-04-16,day,"April / 16, 2025",379.0,,379.0,$379,23704.0,2572.0,8.0,GDDR7,128.0,448.0,180.0,table,List of Nvidia graphics processing units,Desktop GPUs > GeForce RTX 50 series,1377107724,https://en.wikipedia.org/w/index.php?title=List_of_Nvidia_graphics_processing_units&oldid=1377107724
Nvidia,GeForce RTX 50 (Blackwell),GeForce RTX 5060 Ti 16 GB,,2025-04-16,day,"April / 16, 2025",429.0,,429.0,$429,23704.0,2572.0,16.0,GDDR7,128.0,448.0,180.0,table,List of Nvidia graphics processing units,Desktop GPUs > GeForce RTX 50 series,1377107724,https://en.wikipedia.org/w/index.php?title=List_of_Nvidia_graphics_processing_units&oldid=1377107724
Nvidia,GeForce RTX 50 (Blackwell),GeForce RTX 5070,,2025-03-04,day,"March / 4, 2025",549.0,549.0,549.0,$549,30717.0,2512.0,12.0,GDDR7,192.0,672.0,250.0,table,List of Nvidia graphics processing units,Desktop GPUs > GeForce RTX 50 series,1377107724,https://en.wikipedia.org/w/index.php?title=List_of_Nvidia_graphics_processing_units&oldid=1377107724
Nvidia,GeForce RTX 50 (Blackwell),GeForce RTX 5070 Ti,,2025-02-20,day,"February / 20, 2025",749.0,,749.0,$749,43940.0,2452.0,16.0,GDDR7,256.0,896.0,300.0,table,List of Nvidia graphics processing units,Desktop GPUs > GeForce RTX 50 series,1377107724,https://en.wikipedia.org/w/index.php?title=List_of_Nvidia_graphics_processing_units&oldid=1377107724
Nvidia,GeForce RTX 50 (Blackwell),GeForce RTX 5080,,2025-01-30,day,"January / 30, 2025",999.0,999.0,999.0,$999,56276.0,2617.0,16.0,GDDR7,256.0,960.0,360.0,table,List of Nvidia graphics processing units,Desktop GPUs > GeForce RTX 50 series,1377107724,https://en.wikipedia.org/w/index.php?title=List_of_Nvidia_graphics_processing_units&oldid=1377107724
Nvidia,GeForce RTX 50 (Blackwell),GeForce RTX 5090 D,,2025-01-30,day,"January / 30, 2025",2299.0,2299.0,2299.0,"CN¥16,499 / (USD $2,299)",104753.0,2407.0,32.0,GDDR7,512.0,1792.0,575.0,table,List of Nvidia graphics processing units,Desktop GPUs > GeForce RTX 50 series,1377107724,https://en.wikipedia.org/w/index.php?title=List_of_Nvidia_graphics_processing_units&oldid=1377107724
Nvidia,GeForce RTX 50 (Blackwell),GeForce RTX 5090 D V2,,2025-08-15,day,"August / 15, 2025",2299.0,2299.0,2299.0,"CN¥16,499 / (USD $2,299)",104753.0,2407.0,24.0,GDDR7,384.0,1344.0,575.0,table,List of Nvidia graphics processing units,Desktop GPUs > GeForce RTX 50 series,1377107724,https://en.wikipedia.org/w/index.php?title=List_of_Nvidia_graphics_processing_units&oldid=1377107724
Nvidia,GeForce RTX 50 (Blackwell),GeForce RTX 5090,,2025-01-30,day,"January / 30, 2025",1999.0,1999.0,1999.0,"$1,999",104753.0,2407.0,32.0,GDDR7,512.0,1792.0,575.0,table,List of Nvidia graphics processing units,Desktop GPUs > GeForce RTX 50 series,1377107724,https://en.wikipedia.org/w/index.php?title=List_of_Nvidia_graphics_processing_units&oldid=1377107724
AMD,Radeon RX 5000 (RDNA),Radeon RX 5300,Navi 14,2020-08-28,day,"Aug 28, 2020 / OEM",,,,"Aug 28, 2020 / OEM",4632.0,1645.0,3.0,GDDR6,96.0,168.0,100.0,table,List of AMD graphics processing units,Desktop GPUs > Radeon RX 5000 series,1376670003,https://en.wikipedia.org/w/index.php?title=List_of_AMD_graphics_processing_units&oldid=1376670003
AMD,Radeon RX 5000 (RDNA),Radeon RX 5300 XT,Navi 14,2019-10-07,day,"Oct 7, 2019 / OEM",,,,"Oct 7, 2019 / OEM",5196.0,1845.0,4.0,GDDR5,128.0,112.0,100.0,table,List of AMD graphics processing units,Desktop GPUs > Radeon RX 5000 series,1376670003,https://en.wikipedia.org/w/index.php?title=List_of_AMD_graphics_processing_units&oldid=1376670003
AMD,Radeon RX 5000 (RDNA),Radeon RX 5500,Navi 14,2019-10-07,day,"Oct 7, 2019 / OEM",,,,"Oct 7, 2019 / OEM",5196.0,1845.0,4.0,GDDR6,128.0,224.0,150.0,table,List of AMD graphics processing units,Desktop GPUs > Radeon RX 5000 series,1376670003,https://en.wikipedia.org/w/index.php?title=List_of_AMD_graphics_processing_units&oldid=1376670003
AMD,Radeon RX 5000 (RDNA),Radeon RX 5500 XT,Navi 14,2019-12-07,day,"Dec 7, 2019 / $169 USD (4GB) / $199 USD (8GB)",169.0,,169.0,"Dec 7, 2019 / $169 USD (4GB) / $199 USD (8GB)",5196.0,1845.0,4.0,GDDR6,128.0,224.0,130.0,table,List of AMD graphics processing units,Desktop GPUs > Radeon RX 5000 series,1376670003,https://en.wikipedia.org/w/index.php?title=List_of_AMD_graphics_processing_units&oldid=1376670003
AMD,Radeon RX 5000 (RDNA),Radeon RX 5600,Navi 10,2020-01-21,day,"Jan 21, 2020 / OEM",,,,"Jan 21, 2020 / OEM",6390.0,1560.0,6.0,GDDR6,192.0,288.0,150.0,table,List of AMD graphics processing units,Desktop GPUs > Radeon RX 5000 series,1376670003,https://en.wikipedia.org/w/index.php?title=List_of_AMD_graphics_processing_units&oldid=1376670003
AMD,Radeon RX 5000 (RDNA),Radeon RX 5600 XT,Navi 10,2020-01-21,day,"Jan 21, 2020 / $279 USD",279.0,,279.0,"Jan 21, 2020 / $279 USD",7188.0,1560.0,6.0,GDDR6,192.0,288.0,160.0,table,List of AMD graphics processing units,Desktop GPUs > Radeon RX 5000 series,1376670003,https://en.wikipedia.org/w/index.php?title=List_of_AMD_graphics_processing_units&oldid=1376670003
AMD,Radeon RX 5000 (RDNA),Radeon RX 5700,Navi 10,2019-07-07,day,"Jul 7, 2019 / $349 USD",349.0,,349.0,"Jul 7, 2019 / $349 USD",7949.0,1725.0,8.0,GDDR6,256.0,448.0,180.0,table,List of AMD graphics processing units,Desktop GPUs > Radeon RX 5000 series,1376670003,https://en.wikipedia.org/w/index.php?title=List_of_AMD_graphics_processing_units&oldid=1376670003
AMD,Radeon RX 5000 (RDNA),Radeon RX 5700 XT,Navi 10,2019-07-07,day,"Jul 7, 2019 / $399 USD",399.0,,399.0,"Jul 7, 2019 / $399 USD",9754.0,1905.0,8.0,GDDR6,256.0,448.0,225.0,table,List of AMD graphics processing units,Desktop GPUs > Radeon RX 5000 series,1376670003,https://en.wikipedia.org/w/index.php?title=List_of_AMD_graphics_processing_units&oldid=1376670003
AMD,Radeon RX 5000 (RDNA),Radeon RX 5700 XT 50th Anniversary Edition,Navi 10,2019-07-07,day,"Jul 7, 2019 / $449 USD",449.0,,449.0,"Jul 7, 2019 / $449 USD",10138.0,1980.0,8.0,GDDR6,256.0,448.0,235.0,table,List of AMD graphics processing units,Desktop GPUs > Radeon RX 5000 series,1376670003,https://en.wikipedia.org/w/index.php?title=List_of_AMD_graphics_processing_units&oldid=1376670003
AMD,Radeon RX 6000 (RDNA 2),Radeon RX 6300,Navi 24,2022-01-04,day,"Jan 4, 2022 / OEM",,,,"Jan 4, 2022 / OEM",3133.0,2040.0,2.0,GDDR6,32.0,64.0,32.0,table,List of AMD graphics processing units,Desktop GPUs > Radeon RX 6000 series,1376670003,https://en.wikipedia.org/w/index.php?title=List_of_AMD_graphics_processing_units&oldid=1376670003
AMD,Radeon RX 6000 (RDNA 2),Radeon RX 6400,Navi 24,2022-01-19,day,"Jan 19, 2022 / $159 USD",159.0,,159.0,"Jan 19, 2022 / $159 USD",3565.0,2321.0,4.0,GDDR6,64.0,128.0,53.0,table,List of AMD graphics processing units,Desktop GPUs > Radeon RX 6000 series,1376670003,https://en.wikipedia.org/w/index.php?title=List_of_AMD_graphics_processing_units&oldid=1376670003
AMD,Radeon RX 6000 (RDNA 2),Radeon RX 6500 XT,Navi 24,2022-01-19,day,"Jan 19, 2022 / $199 USD (4GB) / $219 USD (8GB)",199.0,,199.0,"Jan 19, 2022 / $199 USD (4GB) / $219 USD (8GB)",5765.0,2815.0,4.0,GDDR6,64.0,144.0,107.0,table,List of AMD graphics processing units,Desktop GPUs > Radeon RX 6000 series,1376670003,https://en.wikipedia.org/w/index.php?title=List_of_AMD_graphics_processing_units&oldid=1376670003
AMD,Radeon RX 6000 (RDNA 2),Radeon RX 6600,Navi 23,2021-10-13,day,"Oct 13, 2021 / $329 USD",329.0,,329.0,"Oct 13, 2021 / $329 USD",8928.0,2491.0,8.0,GDDR6,128.0,224.0,132.0,table,List of AMD graphics processing units,Desktop GPUs > Radeon RX 6000 series,1376670003,https://en.wikipedia.org/w/index.php?title=List_of_AMD_graphics_processing_units&oldid=1376670003
AMD,Radeon RX 6000 (RDNA 2),Radeon RX 6600 XT,Navi 23,2021-08-11,day,"Aug 11, 2021 / $379 USD",379.0,,379.0,"Aug 11, 2021 / $379 USD",10605.0,2589.0,8.0,GDDR6,128.0,256.0,160.0,table,List of AMD graphics processing units,Desktop GPUs > Radeon RX 6000 series,1376670003,https://en.wikipedia.org/w/index.php?title=List_of_AMD_graphics_processing_units&oldid=1376670003
AMD,Radeon RX 6000 (RDNA 2),Radeon RX 6650 XT,Navi 23,2022-05-10,day,"May 10, 2022 / $399 USD",399.0,,399.0,"May 10, 2022 / $399 USD",10793.0,2635.0,8.0,GDDR6,128.0,280.0,180.0,table,List of AMD graphics processing units,Desktop GPUs > Radeon RX 6000 series,1376670003,https://en.wikipedia.org/w/index.php?title=List_of_AMD_graphics_processing_units&oldid=1376670003
AMD,Radeon RX 6000 (RDNA 2),Radeon RX 6700,Navi 22,2021-06-09,day,"Jun 9, 2021",,,,"Jun 9, 2021",11290.0,2450.0,10.0,GDDR6,160.0,320.0,175.0,table,List of AMD graphics processing units,Desktop GPUs > Radeon RX 6000 series,1376670003,https://en.wikipedia.org/w/index.php?title=List_of_AMD_graphics_processing_units&oldid=1376670003
AMD,Radeon RX 6000 (RDNA 2),Radeon RX 6750 GRE 10GB,Navi 22,2023-10-18,day,"Oct 18, 2023 / $269 USD",269.0,,269.0,"Oct 18, 2023 / $269 USD",11290.0,2450.0,10.0,GDDR6,160.0,320.0,170.0,table,List of AMD graphics processing units,Desktop GPUs > Radeon RX 6000 series,1376670003,https://en.wikipedia.org/w/index.php?title=List_of_AMD_graphics_processing_units&oldid=1376670003
AMD,Radeon RX 6000 (RDNA 2),Radeon RX 6700 XT,Navi 22,2021-03-18,day,"Mar 18, 2021 / $479 USD",479.0,,479.0,"Mar 18, 2021 / $479 USD",13215.0,2581.0,12.0,GDDR6,192.0,384.0,230.0,table,List of AMD graphics processing units,Desktop GPUs > Radeon RX 6000 series,1376670003,https://en.wikipedia.org/w/index.php?title=List_of_AMD_graphics_processing_units&oldid=1376670003
AMD,Radeon RX 6000 (RDNA 2),Radeon RX 6750 GRE 12GB,Navi 22,2023-10-18,day,"Oct 18, 2023 / $289 USD",289.0,,289.0,"Oct 18, 2023 / $289 USD",13215.0,2581.0,12.0,GDDR6,192.0,384.0,230.0,table,List of AMD graphics processing units,Desktop GPUs > Radeon RX 6000 series,1376670003,https://en.wikipedia.org/w/index.php?title=List_of_AMD_graphics_processing_units&oldid=1376670003
AMD,Radeon RX 6000 (RDNA 2),Radeon RX 6750 XT,Navi 22,2022-05-10,day,"May 10, 2022 / $549 USD",549.0,,549.0,"May 10, 2022 / $549 USD",13312.0,2600.0,12.0,GDDR6,192.0,432.0,250.0,table,List of AMD graphics processing units,Desktop GPUs > Radeon RX 6000 series,1376670003,https://en.wikipedia.org/w/index.php?title=List_of_AMD_graphics_processing_units&oldid=1376670003
AMD,Radeon RX 6000 (RDNA 2),Radeon RX 6800,Navi 21,2020-11-18,day,"Nov 18, 2020 / $579 USD",579.0,,579.0,"Nov 18, 2020 / $579 USD",16166.0,2105.0,16.0,GDDR6,256.0,512.0,250.0,table,List of AMD graphics processing units,Desktop GPUs > Radeon RX 6000 series,1376670003,https://en.wikipedia.org/w/index.php?title=List_of_AMD_graphics_processing_units&oldid=1376670003
AMD,Radeon RX 6000 (RDNA 2),Radeon RX 6800 XT,Navi 21,2020-11-18,day,"Nov 18, 2020 / $649 USD",649.0,,649.0,"Nov 18, 2020 / $649 USD",20736.0,2250.0,16.0,GDDR6,256.0,512.0,300.0,table,List of AMD graphics processing units,Desktop GPUs > Radeon RX 6000 series,1376670003,https://en.wikipedia.org/w/index.php?title=List_of_AMD_graphics_processing_units&oldid=1376670003
AMD,Radeon RX 6000 (RDNA 2),Radeon RX 6900 XT,Navi 21,2020-12-08,day,"Dec 8, 2020 / $999 USD",999.0,,999.0,"Dec 8, 2020 / $999 USD",23040.0,2250.0,16.0,GDDR6,256.0,512.0,300.0,table,List of AMD graphics processing units,Desktop GPUs > Radeon RX 6000 series,1376670003,https://en.wikipedia.org/w/index.php?title=List_of_AMD_graphics_processing_units&oldid=1376670003
AMD,Radeon RX 6000 (RDNA 2),Radeon RX 6950 XT,Navi 21,2022-05-10,day,"May 10, 2022 / $1,099 USD",1099.0,,1099.0,"May 10, 2022 / $1,099 USD",23654.0,2310.0,16.0,GDDR6,256.0,576.0,335.0,table,List of AMD graphics processing units,Desktop GPUs > Radeon RX 6000 series,1376670003,https://en.wikipedia.org/w/index.php?title=List_of_AMD_graphics_processing_units&oldid=1376670003
AMD,Radeon RX 7000 (RDNA 3),Radeon RX 7400,Navi 33,2025-08-10,day,"Aug 10, 2025 / OEM",,,,"Aug 10, 2025 / OEM",7880.0,1100.0,8.0,GDDR6,128.0,173.0,55.0,table,List of AMD graphics processing units,Desktop GPUs > Radeon RX 7000 series,1376670003,https://en.wikipedia.org/w/index.php?title=List_of_AMD_graphics_processing_units&oldid=1376670003
AMD,Radeon RX 7000 (RDNA 3),Steam Machine GPU,Navi 33,2026-06-22,day,"Jun 22, 2026 / OEM",,,,"Jun 22, 2026 / OEM",17560.0,2450.0,8.0,GDDR6,128.0,,110.0,table,List of AMD graphics processing units,Desktop GPUs > Radeon RX 7000 series,1376670003,https://en.wikipedia.org/w/index.php?title=List_of_AMD_graphics_processing_units&oldid=1376670003
AMD,Radeon RX 7000 (RDNA 3),Radeon RX 7600,Navi 33,2023-05-25,day,"May 25, 2023 / $269 USD",269.0,,269.0,"May 25, 2023 / $269 USD",21750.0,2655.0,8.0,GDDR6,128.0,288.0,165.0,table,List of AMD graphics processing units,Desktop GPUs > Radeon RX 7000 series,1376670003,https://en.wikipedia.org/w/index.php?title=List_of_AMD_graphics_processing_units&oldid=1376670003
AMD,Radeon RX 7000 (RDNA 3),Radeon RX 7650 GRE,Navi 33,2025-02-07,day,"Feb 7, 2025 / China Only / ¥2,049 RMB / ($249 USD)",,,,"Feb 7, 2025 / China Only / ¥2,049 RMB / ($249 USD)",22080.0,2695.0,8.0,GDDR6,128.0,288.0,170.0,table,List of AMD graphics processing units,Desktop GPUs > Radeon RX 7000 series,1376670003,https://en.wikipedia.org/w/index.php?title=List_of_AMD_graphics_processing_units&oldid=1376670003
AMD,Radeon RX 7000 (RDNA 3),Radeon RX 7600 XT,Navi 33,2024-01-24,day,"Jan 24, 2024 / $329 USD",329.0,,329.0,"Jan 24, 2024 / $329 USD",22570.0,2755.0,16.0,GDDR6,128.0,288.0,190.0,table,List of AMD graphics processing units,Desktop GPUs > Radeon RX 7000 series,1376670003,https://en.wikipedia.org/w/index.php?title=List_of_AMD_graphics_processing_units&oldid=1376670003
AMD,Radeon RX 7000 (RDNA 3),Radeon RX 7700,Navi 32,2025-09-18,day,"Sep 18, 2025 / OEM",,,,"Sep 18, 2025 / OEM",25200.0,2459.0,16.0,GDDR6,256.0,624.0,263.0,table,List of AMD graphics processing units,Desktop GPUs > Radeon RX 7000 series,1376670003,https://en.wikipedia.org/w/index.php?title=List_of_AMD_graphics_processing_units&oldid=1376670003
AMD,Radeon RX 7000 (RDNA 3),Radeon RX 7700 XT,Navi 32,2023-09-06,day,"Sep 6, 2023 / $449 USD",449.0,,449.0,"Sep 6, 2023 / $449 USD",35170.0,2544.0,12.0,GDDR6,192.0,432.0,245.0,table,List of AMD graphics processing units,Desktop GPUs > Radeon RX 7000 series,1376670003,https://en.wikipedia.org/w/index.php?title=List_of_AMD_graphics_processing_units&oldid=1376670003
AMD,Radeon RX 7000 (RDNA 3),Radeon RX 7800 XT,Navi 32,2023-09-06,day,"Sep 6, 2023 / $499 USD",499.0,,499.0,"Sep 6, 2023 / $499 USD",37320.0,2430.0,16.0,GDDR6,256.0,624.0,263.0,table,List of AMD graphics processing units,Desktop GPUs > Radeon RX 7000 series,1376670003,https://en.wikipedia.org/w/index.php?title=List_of_AMD_graphics_processing_units&oldid=1376670003
AMD,Radeon RX 7000 (RDNA 3),Radeon RX 7900 GRE,Navi 31,2023-07-27,day,"Jul 27, 2023 / China only, / Feb 27, 2024 / $549 USD",,,,"Jul 27, 2023 / China only, / Feb 27, 2024 / $549 USD",45980.0,2245.0,16.0,GDDR6,256.0,576.0,260.0,table,List of AMD graphics processing units,Desktop GPUs > Radeon RX 7000 series,1376670003,https://en.wikipedia.org/w/index.php?title=List_of_AMD_graphics_processing_units&oldid=1376670003
AMD,Radeon RX 7000 (RDNA 3),Radeon RX 7900 XT,Navi 31,2022-12-13,day,"Dec 13, 2022 / $899 USD",899.0,,899.0,"Dec 13, 2022 / $899 USD",51610.0,2400.0,20.0,GDDR6,320.0,800.0,315.0,table,List of AMD graphics processing units,Desktop GPUs > Radeon RX 7000 series,1376670003,https://en.wikipedia.org/w/index.php?title=List_of_AMD_graphics_processing_units&oldid=1376670003
AMD,Radeon RX 7000 (RDNA 3),Radeon RX 7900 XTX,Navi 31,2022-12-13,day,"Dec 13, 2022 / $999 USD",999.0,,999.0,"Dec 13, 2022 / $999 USD",61440.0,2500.0,24.0,GDDR6,384.0,960.0,355.0,table,List of AMD graphics processing units,Desktop GPUs > Radeon RX 7000 series,1376670003,https://en.wikipedia.org/w/index.php?title=List_of_AMD_graphics_processing_units&oldid=1376670003
AMD,Radeon RX 9000 (RDNA 4),Radeon RX 9050,Navi 44,2026-07-28,day,"Jul 28, 2026 / (APAC/JP/LATAM) / $279 USD",279.0,,279.0,"Jul 28, 2026 / (APAC/JP/LATAM) / $279 USD",10560.0,2600.0,4.0,GDDR6,64.0,144.0,92.0,table,List of AMD graphics processing units,Desktop GPUs > Radeon RX 9000 series,1376670003,https://en.wikipedia.org/w/index.php?title=List_of_AMD_graphics_processing_units&oldid=1376670003
AMD,Radeon RX 9000 (RDNA 4),Radeon RX 9060,Navi 44,2025-08-05,day,"Aug 5, 2025 / OEM",,,,"Aug 5, 2025 / OEM",21430.0,2990.0,8.0,GDDR6,128.0,288.0,132.0,table,List of AMD graphics processing units,Desktop GPUs > Radeon RX 9000 series,1376670003,https://en.wikipedia.org/w/index.php?title=List_of_AMD_graphics_processing_units&oldid=1376670003
AMD,Radeon RX 9000 (RDNA 4),Radeon RX 9060 XT,Navi 44,2025-06-05,day,"Jun 5, 2025 / $299 USD (8 GB) / $349 USD (16 GB)",299.0,,299.0,"Jun 5, 2025 / $299 USD (8 GB) / $349 USD (16 GB)",25640.0,3130.0,8.0,GDDR6,128.0,320.0,150.0,table,List of AMD graphics processing units,Desktop GPUs > Radeon RX 9000 series,1376670003,https://en.wikipedia.org/w/index.php?title=List_of_AMD_graphics_processing_units&oldid=1376670003
AMD,Radeon RX 9000 (RDNA 4),Radeon RX 9070 GRE,Navi 48,2025-05-01,month,"May, 2025 / ¥4119 RMB",,,,"May, 2025 / ¥4119 RMB",34280.0,2790.0,12.0,GDDR6,192.0,432.0,220.0,table,List of AMD graphics processing units,Desktop GPUs > Radeon RX 9000 series,1376670003,https://en.wikipedia.org/w/index.php?title=List_of_AMD_graphics_processing_units&oldid=1376670003
AMD,Radeon RX 9000 (RDNA 4),Radeon RX 9070,Navi 48,2025-03-06,day,"Mar 6, 2025 / $549 USD",549.0,,549.0,"Mar 6, 2025 / $549 USD",36120.0,2520.0,16.0,GDDR6,256.0,640.0,220.0,table,List of AMD graphics processing units,Desktop GPUs > Radeon RX 9000 series,1376670003,https://en.wikipedia.org/w/index.php?title=List_of_AMD_graphics_processing_units&oldid=1376670003
AMD,Radeon RX 9000 (RDNA 4),Radeon RX 9070 XT,Navi 48,2025-03-06,day,"Mar 6, 2025 / $599 USD",599.0,,599.0,"Mar 6, 2025 / $599 USD",48660.0,2970.0,16.0,GDDR6,256.0,640.0,304.0,table,List of AMD graphics processing units,Desktop GPUs > Radeon RX 9000 series,1376670003,https://en.wikipedia.org/w/index.php?title=List_of_AMD_graphics_processing_units&oldid=1376670003
