period,period_end,company,release_date,source_url,metric,value,unit,basis,source_text
2015Q1,2015-03-31,SK hynix,2015-04-23,https://news.skhynix.com/en/sk-hynix-inc-reports-first-quarter-2015-results/,dram_asp_qoq_pct,-4.0,pct QoQ (company-stated),company-stated approx,"Quarter-over-quarter, DRAM bit shipments and the average selling price decreased 5% and 4% respectively."
2015Q1,2015-03-31,SK hynix,2015-04-23,https://news.skhynix.com/en/sk-hynix-inc-reports-first-quarter-2015-results/,dram_bit_shipments_qoq_pct,-5.0,pct QoQ (company-stated),company-stated approx,"Quarter-over-quarter, DRAM bit shipments and the average selling price decreased 5% and 4% respectively."
2015Q1,2015-03-31,SK hynix,2015-04-23,https://news.skhynix.com/en/sk-hynix-inc-reports-first-quarter-2015-results/,dram_statement,,text only,company-stated approx,The average selling price of mobile and server DRAM relatively remained stable compared to weak PC DRAM price.
2015Q1,2015-03-31,SK hynix,2015-04-23,https://news.skhynix.com/en/sk-hynix-inc-reports-first-quarter-2015-results/,nand_asp_qoq_pct,-7.0,pct QoQ (company-stated),company-stated approx,"For NAND Flash, the bit shipments remained stable but the average selling price dropped 7%."
2015Q1,2015-03-31,SK hynix,2015-04-23,https://news.skhynix.com/en/sk-hynix-inc-reports-first-quarter-2015-results/,net_profit,1.3,KRW trillion,"K-IFRS consolidated, quarter",Net income amounted to 1.3 trillion won with net margin of 27% reflecting income tax expenses.
2015Q1,2015-03-31,SK hynix,2015-04-23,https://news.skhynix.com/en/sk-hynix-inc-reports-first-quarter-2015-results/,operating_profit,1.59,KRW trillion,"K-IFRS consolidated, quarter","Nevertheless, year-on-year the revenue rose 29% as well as operating profit totaled 1.59 trillion won increased 50%."
2015Q1,2015-03-31,SK hynix,2015-04-23,https://news.skhynix.com/en/sk-hynix-inc-reports-first-quarter-2015-results/,revenue,4.8,KRW trillion,"K-IFRS consolidated, quarter",The consolidated first quarter revenue was 4.8 trillion won dropped 6% from 5.1 trillion won of the previous quarter due to declined shipment and product prices according to seasonal weak demand.
2015Q2,2015-06-30,SK hynix,2015-07-23,https://news.skhynix.com/en/sk-hynix-inc-reports-second-quarter-2015-results/,dram_asp_qoq_pct,-8.0,pct QoQ (company-stated),company-stated approx,"Over the previous quarter, DRAM and NAND Flash bit shipments increased 4% and 8% but the average selling price slipped 8% and 6% respectively."
2015Q2,2015-06-30,SK hynix,2015-07-23,https://news.skhynix.com/en/sk-hynix-inc-reports-second-quarter-2015-results/,dram_bit_shipments_qoq_pct,4.0,pct QoQ (company-stated),company-stated approx,"Over the previous quarter, DRAM and NAND Flash bit shipments increased 4% and 8% but the average selling price slipped 8% and 6% respectively."
2015Q2,2015-06-30,SK hynix,2015-07-23,https://news.skhynix.com/en/sk-hynix-inc-reports-second-quarter-2015-results/,nand_asp_qoq_pct,-6.0,pct QoQ (company-stated),company-stated approx,"Over the previous quarter, DRAM and NAND Flash bit shipments increased 4% and 8% but the average selling price slipped 8% and 6% respectively."
2015Q2,2015-06-30,SK hynix,2015-07-23,https://news.skhynix.com/en/sk-hynix-inc-reports-second-quarter-2015-results/,nand_bit_shipments_qoq_pct,8.0,pct QoQ (company-stated),company-stated approx,"Over the previous quarter, DRAM and NAND Flash bit shipments increased 4% and 8% but the average selling price slipped 8% and 6% respectively."
2015Q2,2015-06-30,SK hynix,2015-07-23,https://news.skhynix.com/en/sk-hynix-inc-reports-second-quarter-2015-results/,net_profit,1.1,KRW trillion,"K-IFRS consolidated, quarter",Net income amounted to 1.1 trillion won with net margin of 24% reflecting income tax expenses.
2015Q2,2015-06-30,SK hynix,2015-07-23,https://news.skhynix.com/en/sk-hynix-inc-reports-second-quarter-2015-results/,operating_profit,1.38,KRW trillion,"K-IFRS consolidated, quarter","However, year-on-year the revenue rose 18% as well as operating profit totaled 1.38 trillion won increased 27% thanks to steady demand for server and mobile applications."
2015Q2,2015-06-30,SK hynix,2015-07-23,https://news.skhynix.com/en/sk-hynix-inc-reports-second-quarter-2015-results/,revenue,4.6,KRW trillion,"K-IFRS consolidated, quarter",The Company posted the consolidated second quarter revenue of 4.6 trillion won decreased 4% from 4.8 trillion won of the previous quarter due to declined PC demand.
2015Q3,2015-09-30,SK hynix,2015-10-28,https://news.skhynix.com/en/sk-hynix-inc-reports-third-quarter-2015-results/,dram_asp_qoq_pct,-11.0,pct QoQ (company-stated),company-stated approx,"Over the previous quarter, DRAM and NAND Flash bit shipments increased 11% and 15% but the average selling price slipped 11% and 15% respectively."
2015Q3,2015-09-30,SK hynix,2015-10-28,https://news.skhynix.com/en/sk-hynix-inc-reports-third-quarter-2015-results/,dram_bit_shipments_qoq_pct,11.0,pct QoQ (company-stated),company-stated approx,"Over the previous quarter, DRAM and NAND Flash bit shipments increased 11% and 15% but the average selling price slipped 11% and 15% respectively."
2015Q3,2015-09-30,SK hynix,2015-10-28,https://news.skhynix.com/en/sk-hynix-inc-reports-third-quarter-2015-results/,nand_asp_qoq_pct,-15.0,pct QoQ (company-stated),company-stated approx,"Over the previous quarter, DRAM and NAND Flash bit shipments increased 11% and 15% but the average selling price slipped 11% and 15% respectively."
2015Q3,2015-09-30,SK hynix,2015-10-28,https://news.skhynix.com/en/sk-hynix-inc-reports-third-quarter-2015-results/,nand_bit_shipments_qoq_pct,15.0,pct QoQ (company-stated),company-stated approx,"Over the previous quarter, DRAM and NAND Flash bit shipments increased 11% and 15% but the average selling price slipped 11% and 15% respectively."
2015Q3,2015-09-30,SK hynix,2015-10-28,https://news.skhynix.com/en/sk-hynix-inc-reports-third-quarter-2015-results/,net_profit,1.05,KRW trillion,"K-IFRS consolidated, quarter",Net income totaled 1.05 trillion won with net margin of 21% reflecting income tax expenses.
2015Q3,2015-09-30,SK hynix,2015-10-28,https://news.skhynix.com/en/sk-hynix-inc-reports-third-quarter-2015-results/,operating_profit,1.38,KRW trillion,"K-IFRS consolidated, quarter",The operating profit amounted to 1.38 trillion won which was at a similar level to that of the previous quarter with operating margin of 28%.
2015Q3,2015-09-30,SK hynix,2015-10-28,https://news.skhynix.com/en/sk-hynix-inc-reports-third-quarter-2015-results/,revenue,4.9,KRW trillion,"K-IFRS consolidated, quarter",The consolidated third quarter revenue was 4.9 trillion won increased 6% from 4.6 trillion won of the previous quarter thanks to expanded sales portion of products applicable to mobile IT devices and favorable exchange rate environment.
2015Q4,2015-12-31,SK hynix,2016-01-26,https://news.skhynix.com/en/sk-hynix-inc-reports-fiscal-year-2015-and-fourth-quarter-results/,dram_asp_qoq_pct,-10.0,pct QoQ (company-stated),company-stated approx,"Quarterly, both DRAM bit shipments and the average selling price declined by 1% and 10% each."
2015Q4,2015-12-31,SK hynix,2016-01-26,https://news.skhynix.com/en/sk-hynix-inc-reports-fiscal-year-2015-and-fourth-quarter-results/,dram_bit_shipments_qoq_pct,-1.0,pct QoQ (company-stated),company-stated approx,"Quarterly, both DRAM bit shipments and the average selling price declined by 1% and 10% each."
2015Q4,2015-12-31,SK hynix,2016-01-26,https://news.skhynix.com/en/sk-hynix-inc-reports-fiscal-year-2015-and-fourth-quarter-results/,nand_asp_qoq_pct,-15.0,pct QoQ (company-stated),company-stated approx,"For NAND Flash, the bit shipments increased 4% but the average selling price dropped 15%."
2015Q4,2015-12-31,SK hynix,2016-01-26,https://news.skhynix.com/en/sk-hynix-inc-reports-fiscal-year-2015-and-fourth-quarter-results/,nand_bit_shipments_qoq_pct,4.0,pct QoQ (company-stated),company-stated approx,"For NAND Flash, the bit shipments increased 4% but the average selling price dropped 15%."
2015Q4,2015-12-31,SK hynix,2016-01-26,https://news.skhynix.com/en/sk-hynix-inc-reports-fiscal-year-2015-and-fourth-quarter-results/,net_profit,0.871,KRW trillion,"K-IFRS consolidated, quarter",Net income for the quarter was 871 billion won reflecting income tax expenses and so on.
2015Q4,2015-12-31,SK hynix,2016-01-26,https://news.skhynix.com/en/sk-hynix-inc-reports-fiscal-year-2015-and-fourth-quarter-results/,operating_profit,0.989,KRW trillion,"K-IFRS consolidated, quarter",Consolidated fourth quarter revenue was 4.4 trillion won decreased 10% and operating profit amounted to 989 billion won declined 29% of the previous quarter.
2015Q4,2015-12-31,SK hynix,2016-01-26,https://news.skhynix.com/en/sk-hynix-inc-reports-fiscal-year-2015-and-fourth-quarter-results/,revenue,4.4,KRW trillion,"K-IFRS consolidated, quarter",Consolidated fourth quarter revenue was 4.4 trillion won decreased 10% and operating profit amounted to 989 billion won declined 29% of the previous quarter.
2016Q1,2016-03-31,SK hynix,2016-04-26,https://news.skhynix.com/en/sk-hynix-inc-reports-first-quarter-2016-results/,dram_asp_qoq_pct,-14.0,pct QoQ (company-stated),company-stated approx,"Quarter over quarter, DRAM bit shipments and the average selling price declined by 3% and 14% respectively due to a delay in demand recovery from the PC segment as well as slowdown in server and mobile DRAM market growth."
2016Q1,2016-03-31,SK hynix,2016-04-26,https://news.skhynix.com/en/sk-hynix-inc-reports-first-quarter-2016-results/,dram_bit_shipments_qoq_pct,-3.0,pct QoQ (company-stated),company-stated approx,"Quarter over quarter, DRAM bit shipments and the average selling price declined by 3% and 14% respectively due to a delay in demand recovery from the PC segment as well as slowdown in server and mobile DRAM market growth."
2016Q1,2016-03-31,SK hynix,2016-04-26,https://news.skhynix.com/en/sk-hynix-inc-reports-first-quarter-2016-results/,nand_asp_qoq_pct,-12.0,pct QoQ (company-stated),company-stated approx,"For NAND Flash, the bit shipments and the average selling price decreased 11% and 12% each on account of sluggish demand from mobile devices."
2016Q1,2016-03-31,SK hynix,2016-04-26,https://news.skhynix.com/en/sk-hynix-inc-reports-first-quarter-2016-results/,nand_bit_shipments_qoq_pct,-11.0,pct QoQ (company-stated),company-stated approx,"For NAND Flash, the bit shipments and the average selling price decreased 11% and 12% each on account of sluggish demand from mobile devices."
2016Q1,2016-03-31,SK hynix,2016-04-26,https://news.skhynix.com/en/sk-hynix-inc-reports-first-quarter-2016-results/,net_profit,0.448,KRW trillion,"K-IFRS consolidated, quarter",Net income for the quarter was 448 billion won after income tax expenses and so on.
2016Q1,2016-03-31,SK hynix,2016-04-26,https://news.skhynix.com/en/sk-hynix-inc-reports-first-quarter-2016-results/,operating_profit,0.562,KRW trillion,"K-IFRS consolidated, quarter",The Company’s consolidated first quarter revenue was 3.66 trillion won decreased 17% and operating profit amounted to 562 billion won declined 43% from the previous quarter.
2016Q1,2016-03-31,SK hynix,2016-04-26,https://news.skhynix.com/en/sk-hynix-inc-reports-first-quarter-2016-results/,revenue,3.66,KRW trillion,"K-IFRS consolidated, quarter",The Company’s consolidated first quarter revenue was 3.66 trillion won decreased 17% and operating profit amounted to 562 billion won declined 43% from the previous quarter.
2016Q2,2016-06-30,SK hynix,2016-07-26,https://news.skhynix.com/en/sk-hynix-inc-reports-second-quarter-2016-results/,dram_asp_qoq_pct,-11.0,pct QoQ (company-stated),company-stated approx,"Quarter over quarter, DRAM bit shipments increased by 18% owing to strong demand from the mobile sector and demand recovery in the computing segment but the average selling price declined by 11%."
2016Q2,2016-06-30,SK hynix,2016-07-26,https://news.skhynix.com/en/sk-hynix-inc-reports-second-quarter-2016-results/,dram_bit_shipments_qoq_pct,18.0,pct QoQ (company-stated),company-stated approx,"Quarter over quarter, DRAM bit shipments increased by 18% owing to strong demand from the mobile sector and demand recovery in the computing segment but the average selling price declined by 11%."
2016Q2,2016-06-30,SK hynix,2016-07-26,https://news.skhynix.com/en/sk-hynix-inc-reports-second-quarter-2016-results/,nand_asp_qoq_pct,-11.0,pct QoQ (company-stated),company-stated approx,"However, the average selling price decreased by 11% on account of price reduction in NAND solution devices and an increment in the sales portion of TLC products whose unit prices are relatively low."
2016Q2,2016-06-30,SK hynix,2016-07-26,https://news.skhynix.com/en/sk-hynix-inc-reports-second-quarter-2016-results/,nand_bit_shipments_qoq_pct,52.0,pct QoQ (company-stated),company-stated approx,"For NAND Flash, the bit shipments sharply rose by 52% due to increased demand from the mobile and SSD markets as well as a base effect of the first quarter."
2016Q2,2016-06-30,SK hynix,2016-07-26,https://news.skhynix.com/en/sk-hynix-inc-reports-second-quarter-2016-results/,net_profit,0.286,KRW trillion,"K-IFRS consolidated, quarter","Net income for the quarter was 286 billion won after a loss in foreign exchange due to a drop in average exchange rates, income tax expenses, and so on."
2016Q2,2016-06-30,SK hynix,2016-07-26,https://news.skhynix.com/en/sk-hynix-inc-reports-second-quarter-2016-results/,operating_profit,0.453,KRW trillion,"K-IFRS consolidated, quarter",While operating profit was 453 billion won declining 19% due to a continuous drop in average selling prices compared to the previous quarter.
2016Q2,2016-06-30,SK hynix,2016-07-26,https://news.skhynix.com/en/sk-hynix-inc-reports-second-quarter-2016-results/,revenue,3.94,KRW trillion,"K-IFRS consolidated, quarter","The Company’s consolidated second quarter revenue amounted to 3.94 trillion won rising 8% from the first quarter thanks to increased product shipments beyond expectation, courtesy of memory demand recovery."
2016Q3,2016-09-30,SK hynix,2016-10-25,https://news.skhynix.com/en/sk-hynix-inc-reports-third-quarter-2016-results/,dram_bit_shipments_qoq_pct,8.0,pct QoQ (company-stated),company-stated approx,"Quarter over quarter, DRAM bit shipments grew by 8% due to increased inventory stocking orders from PC OEMs before the peak season as well as the launches of the brand new mobile devices with higher DRAM densities."
2016Q3,2016-09-30,SK hynix,2016-10-25,https://news.skhynix.com/en/sk-hynix-inc-reports-third-quarter-2016-results/,nand_asp_qoq_pct,7.0,pct QoQ (company-stated),company-stated approx,"For NAND Flash, the bit shipments and the average selling price increased by 12% and 7% each also thanks to the new mobile gadgets with higher NAND densities."
2016Q3,2016-09-30,SK hynix,2016-10-25,https://news.skhynix.com/en/sk-hynix-inc-reports-third-quarter-2016-results/,nand_bit_shipments_qoq_pct,12.0,pct QoQ (company-stated),company-stated approx,"For NAND Flash, the bit shipments and the average selling price increased by 12% and 7% each also thanks to the new mobile gadgets with higher NAND densities."
2016Q3,2016-09-30,SK hynix,2016-10-25,https://news.skhynix.com/en/sk-hynix-inc-reports-third-quarter-2016-results/,net_profit,0.598,KRW trillion,"K-IFRS consolidated, quarter",Net income for the quarter was 598 billion won after income tax expenses and so on.
2016Q3,2016-09-30,SK hynix,2016-10-25,https://news.skhynix.com/en/sk-hynix-inc-reports-third-quarter-2016-results/,operating_profit,0.726,KRW trillion,"K-IFRS consolidated, quarter",The Company’s consolidated third quarter revenue was 4.24 trillion won increasing 8% and operating profit amounted to 726 billion won rapidly rising 60% from the previous quarter.
2016Q3,2016-09-30,SK hynix,2016-10-25,https://news.skhynix.com/en/sk-hynix-inc-reports-third-quarter-2016-results/,revenue,4.24,KRW trillion,"K-IFRS consolidated, quarter",The Company’s consolidated third quarter revenue was 4.24 trillion won increasing 8% and operating profit amounted to 726 billion won rapidly rising 60% from the previous quarter.
2016Q4,2016-12-31,SK hynix,2017-01-26,https://news.skhynix.com/en/sk-hynix-inc-reports-fiscal-year-2016-and-fourth-quarter-results/,dram_asp_qoq_pct,14.0,pct QoQ (company-stated),company-stated approx,"Quarter-over-quarter, DRAM bit shipments grew by 13% and the average selling price increased by 14%."
2016Q4,2016-12-31,SK hynix,2017-01-26,https://news.skhynix.com/en/sk-hynix-inc-reports-fiscal-year-2016-and-fourth-quarter-results/,dram_bit_shipments_qoq_pct,13.0,pct QoQ (company-stated),company-stated approx,"Quarter-over-quarter, DRAM bit shipments grew by 13% and the average selling price increased by 14%."
2016Q4,2016-12-31,SK hynix,2017-01-26,https://news.skhynix.com/en/sk-hynix-inc-reports-fiscal-year-2016-and-fourth-quarter-results/,nand_asp_qoq_pct,14.0,pct QoQ (company-stated),company-stated approx,"For NAND Flash, the bit shipments decreased by 3% but the average selling price rose by 14%."
2016Q4,2016-12-31,SK hynix,2017-01-26,https://news.skhynix.com/en/sk-hynix-inc-reports-fiscal-year-2016-and-fourth-quarter-results/,nand_bit_shipments_qoq_pct,-3.0,pct QoQ (company-stated),company-stated approx,"For NAND Flash, the bit shipments decreased by 3% but the average selling price rose by 14%."
2016Q4,2016-12-31,SK hynix,2017-01-26,https://news.skhynix.com/en/sk-hynix-inc-reports-fiscal-year-2016-and-fourth-quarter-results/,net_profit,1.63,KRW trillion,"K-IFRS consolidated, quarter",Net income for the quarter was 1.63 trillion won with net margin of 30%.
2016Q4,2016-12-31,SK hynix,2017-01-26,https://news.skhynix.com/en/sk-hynix-inc-reports-fiscal-year-2016-and-fourth-quarter-results/,operating_profit,1.54,KRW trillion,"K-IFRS consolidated, quarter",Its consolidated fourth quarter revenue was 5.4 trillion won while operating profit amounted to 1.54 trillion won with operating margin of 29%.
2016Q4,2016-12-31,SK hynix,2017-01-26,https://news.skhynix.com/en/sk-hynix-inc-reports-fiscal-year-2016-and-fourth-quarter-results/,revenue,5.4,KRW trillion,"K-IFRS consolidated, quarter",Its consolidated fourth quarter revenue was 5.4 trillion won while operating profit amounted to 1.54 trillion won with operating margin of 29%.
2017Q1,2017-03-31,SK hynix,2017-04-25,https://news.skhynix.com/en/sk-hynix-inc-reports-first-quarter-2017-results/,dram_asp_qoq_pct,24.0,pct QoQ (company-stated),company-stated approx,"Quarter-over-quarter, DRAM bit shipments decreased by 5% but the average selling price increased by 24%."
2017Q1,2017-03-31,SK hynix,2017-04-25,https://news.skhynix.com/en/sk-hynix-inc-reports-first-quarter-2017-results/,dram_bit_shipments_qoq_pct,-5.0,pct QoQ (company-stated),company-stated approx,"Quarter-over-quarter, DRAM bit shipments decreased by 5% but the average selling price increased by 24%."
2017Q1,2017-03-31,SK hynix,2017-04-25,https://news.skhynix.com/en/sk-hynix-inc-reports-first-quarter-2017-results/,nand_asp_qoq_pct,15.0,pct QoQ (company-stated),company-stated approx,"For NAND Flash, the bit shipments decreased by 3% but the average selling price rose by 15%."
2017Q1,2017-03-31,SK hynix,2017-04-25,https://news.skhynix.com/en/sk-hynix-inc-reports-first-quarter-2017-results/,nand_bit_shipments_qoq_pct,-3.0,pct QoQ (company-stated),company-stated approx,"For NAND Flash, the bit shipments decreased by 3% but the average selling price rose by 15%."
2017Q1,2017-03-31,SK hynix,2017-04-25,https://news.skhynix.com/en/sk-hynix-inc-reports-first-quarter-2017-results/,nand_statement,,text only,company-stated approx,The ASP increase took place in every NAND Flash product category.
2017Q1,2017-03-31,SK hynix,2017-04-25,https://news.skhynix.com/en/sk-hynix-inc-reports-first-quarter-2017-results/,net_profit,1.9,KRW trillion,"K-IFRS consolidated, quarter",The Company’s consolidated first quarter revenue totaled 6.29 trillion won while operating profit amounted to 2.47 trillion won and net income was 1.9 trillion won.
2017Q1,2017-03-31,SK hynix,2017-04-25,https://news.skhynix.com/en/sk-hynix-inc-reports-first-quarter-2017-results/,operating_profit,2.47,KRW trillion,"K-IFRS consolidated, quarter",The Company’s consolidated first quarter revenue totaled 6.29 trillion won while operating profit amounted to 2.47 trillion won and net income was 1.9 trillion won.
2017Q1,2017-03-31,SK hynix,2017-04-25,https://news.skhynix.com/en/sk-hynix-inc-reports-first-quarter-2017-results/,revenue,6.29,KRW trillion,"K-IFRS consolidated, quarter",The Company’s consolidated first quarter revenue totaled 6.29 trillion won while operating profit amounted to 2.47 trillion won and net income was 1.9 trillion won.
2017Q2,2017-06-30,SK hynix,2017-07-25,https://news.skhynix.com/en/sk-hynix-inc-reports-second-quarter-2017-results/,dram_asp_qoq_pct,11.0,pct QoQ (company-stated),company-stated approx,"Quarter-over-quarter, DRAM bit shipments increased 3% and the average selling price rose 11%."
2017Q2,2017-06-30,SK hynix,2017-07-25,https://news.skhynix.com/en/sk-hynix-inc-reports-second-quarter-2017-results/,dram_bit_shipments_qoq_pct,3.0,pct QoQ (company-stated),company-stated approx,"Quarter-over-quarter, DRAM bit shipments increased 3% and the average selling price rose 11%."
2017Q2,2017-06-30,SK hynix,2017-07-25,https://news.skhynix.com/en/sk-hynix-inc-reports-second-quarter-2017-results/,nand_asp_qoq_pct,8.0,pct QoQ (company-stated),company-stated approx,"For NAND Flash, the bit shipments declined 6% but the average selling price rose 8%."
2017Q2,2017-06-30,SK hynix,2017-07-25,https://news.skhynix.com/en/sk-hynix-inc-reports-second-quarter-2017-results/,nand_bit_shipments_qoq_pct,-6.0,pct QoQ (company-stated),company-stated approx,"For NAND Flash, the bit shipments declined 6% but the average selling price rose 8%."
2017Q2,2017-06-30,SK hynix,2017-07-25,https://news.skhynix.com/en/sk-hynix-inc-reports-second-quarter-2017-results/,nand_statement,,text only,company-stated approx,The shipment decreased due to sluggish demand growth in smartphones but the ASP could increase thanks to ongoing strong chip prices in every NAND Flash product category.
2017Q2,2017-06-30,SK hynix,2017-07-25,https://news.skhynix.com/en/sk-hynix-inc-reports-second-quarter-2017-results/,net_profit,2.47,KRW trillion,"K-IFRS consolidated, quarter",The consolidated second quarter revenue was 6.69 trillion won while the operating profit amounted to 3.05 trillion won and the net income totaled 2.47 trillion won.
2017Q2,2017-06-30,SK hynix,2017-07-25,https://news.skhynix.com/en/sk-hynix-inc-reports-second-quarter-2017-results/,operating_profit,3.05,KRW trillion,"K-IFRS consolidated, quarter",The consolidated second quarter revenue was 6.69 trillion won while the operating profit amounted to 3.05 trillion won and the net income totaled 2.47 trillion won.
2017Q2,2017-06-30,SK hynix,2017-07-25,https://news.skhynix.com/en/sk-hynix-inc-reports-second-quarter-2017-results/,revenue,6.69,KRW trillion,"K-IFRS consolidated, quarter",The consolidated second quarter revenue was 6.69 trillion won while the operating profit amounted to 3.05 trillion won and the net income totaled 2.47 trillion won.
2017Q3,2017-09-30,SK hynix,2017-10-26,https://news.skhynix.com/en/sk-hynix-inc-reports-third-quarter-2017-results/,dram_asp_qoq_pct,6.0,pct QoQ (company-stated),company-stated approx,"Quarter-over-quarter, DRAM bit shipments increased by 17% and the average selling price by 6%, due to an increase in seasonal demand for mobile products as well as strong demand from the server sector."
2017Q3,2017-09-30,SK hynix,2017-10-26,https://news.skhynix.com/en/sk-hynix-inc-reports-third-quarter-2017-results/,dram_bit_shipments_qoq_pct,17.0,pct QoQ (company-stated),company-stated approx,"Quarter-over-quarter, DRAM bit shipments increased by 17% and the average selling price by 6%, due to an increase in seasonal demand for mobile products as well as strong demand from the server sector."
2017Q3,2017-09-30,SK hynix,2017-10-26,https://news.skhynix.com/en/sk-hynix-inc-reports-third-quarter-2017-results/,nand_asp_qoq_pct,-3.0,pct QoQ (company-stated),company-stated approx,"For NAND Flash, the bit shipments rose by 16% while the average selling price decreased by 3%."
2017Q3,2017-09-30,SK hynix,2017-10-26,https://news.skhynix.com/en/sk-hynix-inc-reports-third-quarter-2017-results/,nand_bit_shipments_qoq_pct,16.0,pct QoQ (company-stated),company-stated approx,"For NAND Flash, the bit shipments rose by 16% while the average selling price decreased by 3%."
2017Q3,2017-09-30,SK hynix,2017-10-26,https://news.skhynix.com/en/sk-hynix-inc-reports-third-quarter-2017-results/,net_profit,3.06,KRW trillion,"K-IFRS consolidated, quarter",The consolidated third quarter revenue was 8.1 trillion won while the operating profit amounted to 3.74 trillion won and the net income 3.06 trillion won.
2017Q3,2017-09-30,SK hynix,2017-10-26,https://news.skhynix.com/en/sk-hynix-inc-reports-third-quarter-2017-results/,operating_profit,3.74,KRW trillion,"K-IFRS consolidated, quarter",The consolidated third quarter revenue was 8.1 trillion won while the operating profit amounted to 3.74 trillion won and the net income 3.06 trillion won.
2017Q3,2017-09-30,SK hynix,2017-10-26,https://news.skhynix.com/en/sk-hynix-inc-reports-third-quarter-2017-results/,revenue,8.1,KRW trillion,"K-IFRS consolidated, quarter",The consolidated third quarter revenue was 8.1 trillion won while the operating profit amounted to 3.74 trillion won and the net income 3.06 trillion won.
2017Q4,2017-12-31,SK hynix,2018-01-25,https://news.skhynix.com/en/sk-hynix-inc-reports-fiscal-year-2017-and-fourth-quarter-results/,dram_asp_qoq_pct,9.0,pct QoQ (company-stated),company-stated approx,"Quarter-over-quarter, DRAM bit shipments grew by 3% and the average selling price by 9%."
2017Q4,2017-12-31,SK hynix,2018-01-25,https://news.skhynix.com/en/sk-hynix-inc-reports-fiscal-year-2017-and-fourth-quarter-results/,dram_bit_shipments_qoq_pct,3.0,pct QoQ (company-stated),company-stated approx,"Quarter-over-quarter, DRAM bit shipments grew by 3% and the average selling price by 9%."
2017Q4,2017-12-31,SK hynix,2018-01-25,https://news.skhynix.com/en/sk-hynix-inc-reports-fiscal-year-2017-and-fourth-quarter-results/,nand_asp_qoq_pct,4.0,pct QoQ (company-stated),company-stated approx,"For NAND Flash, the bit shipments rose by 16% thanks to the growing demand for mobile products, and the average selling price increased by 4% due to the price increase of mobile products, such as MCP."
2017Q4,2017-12-31,SK hynix,2018-01-25,https://news.skhynix.com/en/sk-hynix-inc-reports-fiscal-year-2017-and-fourth-quarter-results/,nand_bit_shipments_qoq_pct,16.0,pct QoQ (company-stated),company-stated approx,"For NAND Flash, the bit shipments rose by 16% thanks to the growing demand for mobile products, and the average selling price increased by 4% due to the price increase of mobile products, such as MCP."
2017Q4,2017-12-31,SK hynix,2018-01-25,https://news.skhynix.com/en/sk-hynix-inc-reports-fiscal-year-2017-and-fourth-quarter-results/,net_profit,3.22,KRW trillion,"K-IFRS consolidated, quarter",Net income for the quarter was 3.22 trillion won.
2017Q4,2017-12-31,SK hynix,2018-01-25,https://news.skhynix.com/en/sk-hynix-inc-reports-fiscal-year-2017-and-fourth-quarter-results/,operating_profit,4.47,KRW trillion,"K-IFRS consolidated, quarter","The consolidated fourth quarter revenue was 9.03 trillion won, while operating profit amounted to 4.47 trillion won with operating margin of 49%."
2017Q4,2017-12-31,SK hynix,2018-01-25,https://news.skhynix.com/en/sk-hynix-inc-reports-fiscal-year-2017-and-fourth-quarter-results/,revenue,9.03,KRW trillion,"K-IFRS consolidated, quarter","The consolidated fourth quarter revenue was 9.03 trillion won, while operating profit amounted to 4.47 trillion won with operating margin of 49%."
2018Q1,2018-03-31,SK hynix,2018-04-24,https://news.skhynix.com/en/sk-hynix-inc-reports-first-quarter-2018-results/,dram_asp_qoq_pct,9.0,pct QoQ (company-stated),company-stated approx,"However, the average selling price rose by 9% through evenly increased price for all DRAM product categories."
2018Q1,2018-03-31,SK hynix,2018-04-24,https://news.skhynix.com/en/sk-hynix-inc-reports-first-quarter-2018-results/,dram_bit_shipments_qoq_pct,-5.0,pct QoQ (company-stated),company-stated approx,"Quarter-over-quarter, DRAM bit shipments decreased by 5% due to weak mobile demand and lessened production days nevertheless of sustained robust server demand."
2018Q1,2018-03-31,SK hynix,2018-04-24,https://news.skhynix.com/en/sk-hynix-inc-reports-first-quarter-2018-results/,nand_bit_shipments_qoq_pct,-10.0,pct QoQ (company-stated),company-stated approx,"For NAND Flash, the bit shipments declined by 10% mainly due to the weak sales in the mobile sector."
2018Q1,2018-03-31,SK hynix,2018-04-24,https://news.skhynix.com/en/sk-hynix-inc-reports-first-quarter-2018-results/,net_profit,3.12,KRW trillion,"K-IFRS consolidated, quarter",The consolidated first quarter revenue was 8.72 trillion won while the operating profit amounted to 4.37 trillion won and the net income 3.12 trillion won.
2018Q1,2018-03-31,SK hynix,2018-04-24,https://news.skhynix.com/en/sk-hynix-inc-reports-first-quarter-2018-results/,operating_profit,4.37,KRW trillion,"K-IFRS consolidated, quarter",The consolidated first quarter revenue was 8.72 trillion won while the operating profit amounted to 4.37 trillion won and the net income 3.12 trillion won.
2018Q1,2018-03-31,SK hynix,2018-04-24,https://news.skhynix.com/en/sk-hynix-inc-reports-first-quarter-2018-results/,revenue,8.72,KRW trillion,"K-IFRS consolidated, quarter",The consolidated first quarter revenue was 8.72 trillion won while the operating profit amounted to 4.37 trillion won and the net income 3.12 trillion won.
2018Q2,2018-06-30,SK hynix,2018-07-26,https://news.skhynix.com/en/sk-hynix-inc-reports-second-quarter-2018-results/,dram_asp_qoq_pct,4.0,pct QoQ (company-stated),company-stated approx,The average selling price rose by 4% through evenly increased price for all DRAM product categories.
2018Q2,2018-06-30,SK hynix,2018-07-26,https://news.skhynix.com/en/sk-hynix-inc-reports-second-quarter-2018-results/,dram_bit_shipments_qoq_pct,16.0,pct QoQ (company-stated),company-stated approx,"Quarter-over-quarter, DRAM bit shipments increased by 16% as the Company actively responded to robust server and PC DRAM markets."
2018Q2,2018-06-30,SK hynix,2018-07-26,https://news.skhynix.com/en/sk-hynix-inc-reports-second-quarter-2018-results/,nand_bit_shipments_qoq_pct,19.0,pct QoQ (company-stated),company-stated approx,"For NAND Flash, the bit shipments increased by 19% mainly thanks to growing SSD demand and an ascending trend of NAND density in Chinese mobile phones."
2018Q2,2018-06-30,SK hynix,2018-07-26,https://news.skhynix.com/en/sk-hynix-inc-reports-second-quarter-2018-results/,net_profit,4.33,KRW trillion,"K-IFRS consolidated, quarter",The consolidated second quarter revenue was 10.37 trillion won while the operating profit amounted to 5.57 trillion won and the net income 4.33 trillion won.
2018Q2,2018-06-30,SK hynix,2018-07-26,https://news.skhynix.com/en/sk-hynix-inc-reports-second-quarter-2018-results/,operating_profit,5.57,KRW trillion,"K-IFRS consolidated, quarter",The consolidated second quarter revenue was 10.37 trillion won while the operating profit amounted to 5.57 trillion won and the net income 4.33 trillion won.
2018Q2,2018-06-30,SK hynix,2018-07-26,https://news.skhynix.com/en/sk-hynix-inc-reports-second-quarter-2018-results/,revenue,10.37,KRW trillion,"K-IFRS consolidated, quarter",The consolidated second quarter revenue was 10.37 trillion won while the operating profit amounted to 5.57 trillion won and the net income 4.33 trillion won.
2018Q3,2018-09-30,SK hynix,2018-10-25,https://news.skhynix.com/en/sk-hynix-inc-reports-third-quarter-2018-results/,dram_bit_shipments_qoq_pct,5.0,pct QoQ (company-stated),company-stated approx,"Quarter-over-quarter, DRAM bit shipments increased by 5% due to the seasonal effect on mobile demand as server demand stayed strong."
2018Q3,2018-09-30,SK hynix,2018-10-25,https://news.skhynix.com/en/sk-hynix-inc-reports-third-quarter-2018-results/,nand_bit_shipments_qoq_pct,19.0,pct QoQ (company-stated),company-stated approx,"For NAND Flash, the bit shipments surged by 19% as the Company actively responded to the market trend towards high-density mobile products and expanded the portion of SSD within its portfolio."
2018Q3,2018-09-30,SK hynix,2018-10-25,https://news.skhynix.com/en/sk-hynix-inc-reports-third-quarter-2018-results/,net_profit,4.69,KRW trillion,"K-IFRS consolidated, quarter",The consolidated third quarter revenue was 11.42 trillion won while the operating profit amounted to 6.47 trillion won and the net income 4.69 trillion won.
2018Q3,2018-09-30,SK hynix,2018-10-25,https://news.skhynix.com/en/sk-hynix-inc-reports-third-quarter-2018-results/,operating_profit,6.47,KRW trillion,"K-IFRS consolidated, quarter",The consolidated third quarter revenue was 11.42 trillion won while the operating profit amounted to 6.47 trillion won and the net income 4.69 trillion won.
2018Q3,2018-09-30,SK hynix,2018-10-25,https://news.skhynix.com/en/sk-hynix-inc-reports-third-quarter-2018-results/,revenue,11.42,KRW trillion,"K-IFRS consolidated, quarter",The consolidated third quarter revenue was 11.42 trillion won while the operating profit amounted to 6.47 trillion won and the net income 4.69 trillion won.
2018Q4,2018-12-31,SK hynix,2019-01-24,https://news.skhynix.com/en/sk-hynix-inc-reports-fiscal-year-2018-and-fourth-quarter-results/,dram_asp_qoq_pct,-11.0,pct QoQ (company-stated),company-stated approx,"Quarter-over-quarter, DRAM bit shipments declined by 2% and the average selling price by 11%."
2018Q4,2018-12-31,SK hynix,2019-01-24,https://news.skhynix.com/en/sk-hynix-inc-reports-fiscal-year-2018-and-fourth-quarter-results/,dram_bit_shipments_qoq_pct,-2.0,pct QoQ (company-stated),company-stated approx,"Quarter-over-quarter, DRAM bit shipments declined by 2% and the average selling price by 11%."
2018Q4,2018-12-31,SK hynix,2019-01-24,https://news.skhynix.com/en/sk-hynix-inc-reports-fiscal-year-2018-and-fourth-quarter-results/,nand_asp_qoq_pct,-21.0,pct QoQ (company-stated),company-stated approx,"For NAND Flash, the bit shipments increased by 10%, but the average selling price fell by 21%."
2018Q4,2018-12-31,SK hynix,2019-01-24,https://news.skhynix.com/en/sk-hynix-inc-reports-fiscal-year-2018-and-fourth-quarter-results/,nand_bit_shipments_qoq_pct,10.0,pct QoQ (company-stated),company-stated approx,"For NAND Flash, the bit shipments increased by 10%, but the average selling price fell by 21%."
2018Q4,2018-12-31,SK hynix,2019-01-24,https://news.skhynix.com/en/sk-hynix-inc-reports-fiscal-year-2018-and-fourth-quarter-results/,net_profit,3.4,KRW trillion,"K-IFRS consolidated, quarter",Net income for the quarter fell 28% QoQ to 3.4 trillion won.
2018Q4,2018-12-31,SK hynix,2019-01-24,https://news.skhynix.com/en/sk-hynix-inc-reports-fiscal-year-2018-and-fourth-quarter-results/,operating_profit,4.43,KRW trillion,"K-IFRS consolidated, quarter","As a result, the consolidated fourth quarter revenue fell by 13% quarter-over-quarter (QoQ) to 9.94 trillion won, while operating profit amounted to 4.43 trillion won, down by 32% QoQ with operating margin of 45%."
2018Q4,2018-12-31,SK hynix,2019-01-24,https://news.skhynix.com/en/sk-hynix-inc-reports-fiscal-year-2018-and-fourth-quarter-results/,revenue,9.94,KRW trillion,"K-IFRS consolidated, quarter","As a result, the consolidated fourth quarter revenue fell by 13% quarter-over-quarter (QoQ) to 9.94 trillion won, while operating profit amounted to 4.43 trillion won, down by 32% QoQ with operating margin of 45%."
2019Q1,2019-03-31,SK hynix,2019-04-25,https://news.skhynix.com/en/sk-hynix-inc-reports-first-quarter-2019-results-2/,dram_bit_shipments_qoq_pct,-8.0,pct QoQ (company-stated),company-stated approx,"Due to seasonal slowdown and conservative server purchases, DRAM bit shipments decreased by 8% QoQ."
2019Q1,2019-03-31,SK hynix,2019-04-25,https://news.skhynix.com/en/sk-hynix-inc-reports-first-quarter-2019-results-2/,nand_asp_qoq_pct,-32.0,pct QoQ (company-stated),company-stated approx,"For NAND Flash, the average selling price decreased by 32% due to high inventory levels and intensifying competition among suppliers."
2019Q1,2019-03-31,SK hynix,2019-04-25,https://news.skhynix.com/en/sk-hynix-inc-reports-first-quarter-2019-results-2/,net_profit,1.1,KRW trillion,"K-IFRS consolidated, quarter",The consolidated first quarter revenue was 6.77 trillion won while the operating profit amounted to 1.37 trillion won and the net income 1.1 trillion won.
2019Q1,2019-03-31,SK hynix,2019-04-25,https://news.skhynix.com/en/sk-hynix-inc-reports-first-quarter-2019-results-2/,operating_profit,1.37,KRW trillion,"K-IFRS consolidated, quarter",The consolidated first quarter revenue was 6.77 trillion won while the operating profit amounted to 1.37 trillion won and the net income 1.1 trillion won.
2019Q1,2019-03-31,SK hynix,2019-04-25,https://news.skhynix.com/en/sk-hynix-inc-reports-first-quarter-2019-results-2/,revenue,6.77,KRW trillion,"K-IFRS consolidated, quarter",The consolidated first quarter revenue was 6.77 trillion won while the operating profit amounted to 1.37 trillion won and the net income 1.1 trillion won.
2019Q2,2019-06-30,SK hynix,2019-07-25,https://news.skhynix.com/en/sk-hynix-inc-reports-second-quarter-2019-results/,dram_asp_qoq_pct,-24.0,pct QoQ (company-stated),company-stated approx,"However, DRAM prices remained weak and the average selling price dropped by 24%."
2019Q2,2019-06-30,SK hynix,2019-07-25,https://news.skhynix.com/en/sk-hynix-inc-reports-second-quarter-2019-results/,dram_bit_shipments_qoq_pct,13.0,pct QoQ (company-stated),company-stated approx,"DRAM bit shipments increased by 13% QoQ as the Company actively responded to the mobile and PC DRAM markets, where demand growth was relatively high."
2019Q2,2019-06-30,SK hynix,2019-07-25,https://news.skhynix.com/en/sk-hynix-inc-reports-second-quarter-2019-results/,nand_asp_qoq_pct,-25.0,pct QoQ (company-stated),company-stated approx,"For NAND Flash, the bit shipments increased by 40% QoQ because of demand recovery due to price declines, while the average selling price decreased by 25%."
2019Q2,2019-06-30,SK hynix,2019-07-25,https://news.skhynix.com/en/sk-hynix-inc-reports-second-quarter-2019-results/,nand_bit_shipments_qoq_pct,40.0,pct QoQ (company-stated),company-stated approx,"For NAND Flash, the bit shipments increased by 40% QoQ because of demand recovery due to price declines, while the average selling price decreased by 25%."
2019Q2,2019-06-30,SK hynix,2019-07-25,https://news.skhynix.com/en/sk-hynix-inc-reports-second-quarter-2019-results/,net_profit,0.537,KRW trillion,"K-IFRS consolidated, quarter",The consolidated second quarter revenue was 6.45 trillion won while the operating profit amounted to 638 billion won and the net income 537 billion won.
2019Q2,2019-06-30,SK hynix,2019-07-25,https://news.skhynix.com/en/sk-hynix-inc-reports-second-quarter-2019-results/,operating_profit,0.638,KRW trillion,"K-IFRS consolidated, quarter",The consolidated second quarter revenue was 6.45 trillion won while the operating profit amounted to 638 billion won and the net income 537 billion won.
2019Q2,2019-06-30,SK hynix,2019-07-25,https://news.skhynix.com/en/sk-hynix-inc-reports-second-quarter-2019-results/,revenue,6.45,KRW trillion,"K-IFRS consolidated, quarter",The consolidated second quarter revenue was 6.45 trillion won while the operating profit amounted to 638 billion won and the net income 537 billion won.
2019Q3,2019-09-30,SK hynix,2019-10-24,https://news.skhynix.com/en/sk-hynix-inc-reports-third-quarter-2019-results/,dram_bit_shipments_qoq_pct,23.0,pct QoQ (company-stated),company-stated approx,DRAM bit shipments increased by 23% QoQ as the Company actively responded to the new products in the mobile market and purchases from some data center customers also increased.
2019Q3,2019-09-30,SK hynix,2019-10-24,https://news.skhynix.com/en/sk-hynix-inc-reports-third-quarter-2019-results/,dram_statement,,text only,company-stated approx,"DRAM prices remained weak during the quarter, leading to a 16% drop in the average selling price, with the decline smaller than the previous quarter."
2019Q3,2019-09-30,SK hynix,2019-10-24,https://news.skhynix.com/en/sk-hynix-inc-reports-third-quarter-2019-results/,nand_bit_shipments_qoq_pct,-1.0,pct QoQ (company-stated),company-stated approx,"Although SK hynix actively responded to the solution market, such as high-density mobile products and SSDs, where demand continues to recover, NAND Flash bit shipments decreased by 1% QoQ because the company cut back raw NAND sales that was temporarily increased in the last quarter."
2019Q3,2019-09-30,SK hynix,2019-10-24,https://news.skhynix.com/en/sk-hynix-inc-reports-third-quarter-2019-results/,nand_statement,,text only,company-stated approx,It also resulted in a 4% increase in the average selling price as raw NAND is relatively cheap.
2019Q3,2019-09-30,SK hynix,2019-10-24,https://news.skhynix.com/en/sk-hynix-inc-reports-third-quarter-2019-results/,net_profit,0.495,KRW trillion,"K-IFRS consolidated, quarter",The consolidated third quarter revenue was 6.84 trillion won while the operating profit amounted to 473 billion won and the net income 495 billion won.
2019Q3,2019-09-30,SK hynix,2019-10-24,https://news.skhynix.com/en/sk-hynix-inc-reports-third-quarter-2019-results/,operating_profit,0.473,KRW trillion,"K-IFRS consolidated, quarter",The consolidated third quarter revenue was 6.84 trillion won while the operating profit amounted to 473 billion won and the net income 495 billion won.
2019Q3,2019-09-30,SK hynix,2019-10-24,https://news.skhynix.com/en/sk-hynix-inc-reports-third-quarter-2019-results/,revenue,6.84,KRW trillion,"K-IFRS consolidated, quarter",The consolidated third quarter revenue was 6.84 trillion won while the operating profit amounted to 473 billion won and the net income 495 billion won.
2019Q4,2019-12-31,SK hynix,2020-01-31,https://news.skhynix.com/en/sk-hynix-inc-reports-fiscal-year-2019-and-fourth-quarter-results/,dram_asp_qoq_pct,-7.0,pct QoQ (company-stated),company-stated approx,"DRAM bit shipments increased by 8% QoQ, and the average selling price dropped by 7%."
2019Q4,2019-12-31,SK hynix,2020-01-31,https://news.skhynix.com/en/sk-hynix-inc-reports-fiscal-year-2019-and-fourth-quarter-results/,dram_bit_shipments_qoq_pct,8.0,pct QoQ (company-stated),company-stated approx,"DRAM bit shipments increased by 8% QoQ, and the average selling price dropped by 7%."
2019Q4,2019-12-31,SK hynix,2020-01-31,https://news.skhynix.com/en/sk-hynix-inc-reports-fiscal-year-2019-and-fourth-quarter-results/,nand_bit_shipments_qoq_pct,10.0,pct QoQ (company-stated),company-stated approx,"NAND Flash bit shipments increased by 10% QoQ, and the average selling price remained stable."
2019Q4,2019-12-31,SK hynix,2020-01-31,https://news.skhynix.com/en/sk-hynix-inc-reports-fiscal-year-2019-and-fourth-quarter-results/,net_profit,-0.118,KRW trillion,"K-IFRS consolidated, quarter","The consolidated fourth quarter revenue was 6.93 trillion won, while the operating profit amounted to 236 billion won with operating margin of 3%, and the net loss 118 billion won."
2019Q4,2019-12-31,SK hynix,2020-01-31,https://news.skhynix.com/en/sk-hynix-inc-reports-fiscal-year-2019-and-fourth-quarter-results/,operating_profit,0.236,KRW trillion,"K-IFRS consolidated, quarter","The consolidated fourth quarter revenue was 6.93 trillion won, while the operating profit amounted to 236 billion won with operating margin of 3%, and the net loss 118 billion won."
2019Q4,2019-12-31,SK hynix,2020-01-31,https://news.skhynix.com/en/sk-hynix-inc-reports-fiscal-year-2019-and-fourth-quarter-results/,revenue,6.93,KRW trillion,"K-IFRS consolidated, quarter","The consolidated fourth quarter revenue was 6.93 trillion won, while the operating profit amounted to 236 billion won with operating margin of 3%, and the net loss 118 billion won."
2020Q1,2020-03-31,SK hynix,2020-04-23,https://news.skhynix.com/en/sk-hynix-inc-reports-first-quarter-2020-results/,dram_asp_qoq_pct,3.0,pct QoQ (company-stated),company-stated approx,"As a result, the Company’s DRAM bit shipments declined only by 4% QoQ and DRAM average selling price increased by 3% QoQ."
2020Q1,2020-03-31,SK hynix,2020-04-23,https://news.skhynix.com/en/sk-hynix-inc-reports-first-quarter-2020-results/,dram_bit_shipments_qoq_pct,-4.0,pct QoQ (company-stated),company-stated approx,"As a result, the Company’s DRAM bit shipments declined only by 4% QoQ and DRAM average selling price increased by 3% QoQ."
2020Q1,2020-03-31,SK hynix,2020-04-23,https://news.skhynix.com/en/sk-hynix-inc-reports-first-quarter-2020-results/,nand_statement,,text only,company-stated approx,"For NAND Flash, the favorable demand of server solid state drives (SSDs) led to 12% increase of bit shipments and 7% increase of average selling price QoQ respectively."
2020Q1,2020-03-31,SK hynix,2020-04-23,https://news.skhynix.com/en/sk-hynix-inc-reports-first-quarter-2020-results/,net_profit,0.649,KRW trillion,"K-IFRS consolidated, quarter","The consolidated revenue of first quarter 2020 was 7.20 trillion won while the operating profit amounted to 800 billion won, and the net income 649 billion won."
2020Q1,2020-03-31,SK hynix,2020-04-23,https://news.skhynix.com/en/sk-hynix-inc-reports-first-quarter-2020-results/,operating_profit,0.8,KRW trillion,"K-IFRS consolidated, quarter","The consolidated revenue of first quarter 2020 was 7.20 trillion won while the operating profit amounted to 800 billion won, and the net income 649 billion won."
2020Q1,2020-03-31,SK hynix,2020-04-23,https://news.skhynix.com/en/sk-hynix-inc-reports-first-quarter-2020-results/,revenue,7.2,KRW trillion,"K-IFRS consolidated, quarter","The consolidated revenue of first quarter 2020 was 7.20 trillion won while the operating profit amounted to 800 billion won, and the net income 649 billion won."
2020Q2,2020-06-30,SK hynix,2020-07-23,https://news.skhynix.com/en/sk-hynix-inc-reports-second-quarter-2020-results/,dram_asp_qoq_pct,15.0,pct QoQ (company-stated),company-stated approx,"Consequently, both DRAM bit shipment and average selling price increased by 2% and 15% QoQ respectively."
2020Q2,2020-06-30,SK hynix,2020-07-23,https://news.skhynix.com/en/sk-hynix-inc-reports-second-quarter-2020-results/,dram_bit_shipments_qoq_pct,2.0,pct QoQ (company-stated),company-stated approx,"Consequently, both DRAM bit shipment and average selling price increased by 2% and 15% QoQ respectively."
2020Q2,2020-06-30,SK hynix,2020-07-23,https://news.skhynix.com/en/sk-hynix-inc-reports-second-quarter-2020-results/,nand_asp_qoq_pct,8.0,pct QoQ (company-stated),company-stated approx,"As a result, the NAND Flash bit shipment and average selling price increased by 5% and 8% QoQ respectively."
2020Q2,2020-06-30,SK hynix,2020-07-23,https://news.skhynix.com/en/sk-hynix-inc-reports-second-quarter-2020-results/,nand_bit_shipments_qoq_pct,5.0,pct QoQ (company-stated),company-stated approx,"As a result, the NAND Flash bit shipment and average selling price increased by 5% and 8% QoQ respectively."
2020Q2,2020-06-30,SK hynix,2020-07-23,https://news.skhynix.com/en/sk-hynix-inc-reports-second-quarter-2020-results/,net_profit,1.264,KRW trillion,"K-IFRS consolidated, quarter","The consolidated revenue of second quarter 2020 was 8.607 trillion won while the operating profit amounted to 1.947 trillion won, and the net income 1.264 trillion won."
2020Q2,2020-06-30,SK hynix,2020-07-23,https://news.skhynix.com/en/sk-hynix-inc-reports-second-quarter-2020-results/,operating_profit,1.947,KRW trillion,"K-IFRS consolidated, quarter","The consolidated revenue of second quarter 2020 was 8.607 trillion won while the operating profit amounted to 1.947 trillion won, and the net income 1.264 trillion won."
2020Q2,2020-06-30,SK hynix,2020-07-23,https://news.skhynix.com/en/sk-hynix-inc-reports-second-quarter-2020-results/,revenue,8.607,KRW trillion,"K-IFRS consolidated, quarter","The consolidated revenue of second quarter 2020 was 8.607 trillion won while the operating profit amounted to 1.947 trillion won, and the net income 1.264 trillion won."
2020Q3,2020-09-30,SK hynix,2020-11-04,https://news.skhynix.com/en/sk-hynix-inc-reports-third-quarter-2020-results/,dram_asp_qoq_pct,-7.0,pct QoQ (company-stated),company-stated approx,"However, due to the unfavorable price of server DRAM and other certain DRAM products, the average selling price decreased by 7% QoQ."
2020Q3,2020-09-30,SK hynix,2020-11-04,https://news.skhynix.com/en/sk-hynix-inc-reports-third-quarter-2020-results/,dram_bit_shipments_qoq_pct,4.0,pct QoQ (company-stated),company-stated approx,"As a result, in spite of decreased server DRAM demand, the Company’s DRAM bit shipment in the quarter still increased by 4% QoQ."
2020Q3,2020-09-30,SK hynix,2020-11-04,https://news.skhynix.com/en/sk-hynix-inc-reports-third-quarter-2020-results/,nand_statement,,text only,company-stated approx,"For NAND Flash, the sales expanded in both mobile segment and SSDs for new gaming consoles; the sales expansion boosted the NAND Flash bit shipment by 9% QoQ."
2020Q3,2020-09-30,SK hynix,2020-11-04,https://news.skhynix.com/en/sk-hynix-inc-reports-third-quarter-2020-results/,net_profit,1.078,KRW trillion,"K-IFRS consolidated, quarter","The consolidated revenue of third quarter 2020 was 8.129 trillion won while the operating profit amounted to 1.3 trillion won, and the net income 1.078 trillion won."
2020Q3,2020-09-30,SK hynix,2020-11-04,https://news.skhynix.com/en/sk-hynix-inc-reports-third-quarter-2020-results/,operating_profit,1.3,KRW trillion,"K-IFRS consolidated, quarter","The consolidated revenue of third quarter 2020 was 8.129 trillion won while the operating profit amounted to 1.3 trillion won, and the net income 1.078 trillion won."
2020Q3,2020-09-30,SK hynix,2020-11-04,https://news.skhynix.com/en/sk-hynix-inc-reports-third-quarter-2020-results/,revenue,8.129,KRW trillion,"K-IFRS consolidated, quarter","The consolidated revenue of third quarter 2020 was 8.129 trillion won while the operating profit amounted to 1.3 trillion won, and the net income 1.078 trillion won."
2020Q4,2020-12-31,SK hynix,2021-01-29,https://news.skhynix.com/en/sk-hynix-inc-reports-fiscal-year-2020-and-fourth-quarter-results/,dram_asp_qoq_pct,-7.0,pct QoQ (company-stated),company-stated approx,"DRAM bit shipment increased by 11% QoQ, but average selling price decreased by 7% QoQ."
2020Q4,2020-12-31,SK hynix,2021-01-29,https://news.skhynix.com/en/sk-hynix-inc-reports-fiscal-year-2020-and-fourth-quarter-results/,dram_bit_shipments_qoq_pct,11.0,pct QoQ (company-stated),company-stated approx,"DRAM bit shipment increased by 11% QoQ, but average selling price decreased by 7% QoQ."
2020Q4,2020-12-31,SK hynix,2021-01-29,https://news.skhynix.com/en/sk-hynix-inc-reports-fiscal-year-2020-and-fourth-quarter-results/,nand_asp_qoq_pct,-8.0,pct QoQ (company-stated),company-stated approx,"NAND Flash bit shipment rose 8% QoQ, but average selling price fell 8% QoQ."
2020Q4,2020-12-31,SK hynix,2021-01-29,https://news.skhynix.com/en/sk-hynix-inc-reports-fiscal-year-2020-and-fourth-quarter-results/,nand_bit_shipments_qoq_pct,8.0,pct QoQ (company-stated),company-stated approx,"NAND Flash bit shipment rose 8% QoQ, but average selling price fell 8% QoQ."
2020Q4,2020-12-31,SK hynix,2021-01-29,https://news.skhynix.com/en/sk-hynix-inc-reports-fiscal-year-2020-and-fourth-quarter-results/,operating_profit,0.966,KRW trillion,"K-IFRS consolidated, quarter",The consolidated revenue of fourth quarter 2020 was 7.966 trillion won while the operating profit amounted to 966 billion won with operating margin of 12%.
2020Q4,2020-12-31,SK hynix,2021-01-29,https://news.skhynix.com/en/sk-hynix-inc-reports-fiscal-year-2020-and-fourth-quarter-results/,revenue,7.966,KRW trillion,"K-IFRS consolidated, quarter",The consolidated revenue of fourth quarter 2020 was 7.966 trillion won while the operating profit amounted to 966 billion won with operating margin of 12%.
2021Q1,2021-03-31,SK hynix,2021-04-28,https://news.skhynix.com/en/sk-hynix-inc-reports-first-quarter-2021-results/,dram_bit_shipments_qoq_pct,4.0,pct QoQ (company-stated),company-stated approx,"As a result, the Company’s DRAM bit shipment increased by 4% QoQ."
2021Q1,2021-03-31,SK hynix,2021-04-28,https://news.skhynix.com/en/sk-hynix-inc-reports-first-quarter-2021-results/,nand_statement,,text only,company-stated approx,"For NAND Flash, the sales increase of high-density products for mobile devices led to NAND Flash bit shipment growth by 21% QoQ."
2021Q1,2021-03-31,SK hynix,2021-04-28,https://news.skhynix.com/en/sk-hynix-inc-reports-first-quarter-2021-results/,net_profit,0.993,KRW trillion,"K-IFRS consolidated, quarter","The consolidated revenue of the first quarter 2021 was 8.494 trillion won while the operating profit amounted to 1.324 trillion won, and the net income 993 billion won."
2021Q1,2021-03-31,SK hynix,2021-04-28,https://news.skhynix.com/en/sk-hynix-inc-reports-first-quarter-2021-results/,operating_profit,1.324,KRW trillion,"K-IFRS consolidated, quarter","The consolidated revenue of the first quarter 2021 was 8.494 trillion won while the operating profit amounted to 1.324 trillion won, and the net income 993 billion won."
2021Q1,2021-03-31,SK hynix,2021-04-28,https://news.skhynix.com/en/sk-hynix-inc-reports-first-quarter-2021-results/,revenue,8.494,KRW trillion,"K-IFRS consolidated, quarter","The consolidated revenue of the first quarter 2021 was 8.494 trillion won while the operating profit amounted to 1.324 trillion won, and the net income 993 billion won."
2021Q2,2021-06-30,SK hynix,2021-07-27,https://news.skhynix.com/en/sk-hynix-inc-reports-second-quarter-2021-results/,net_profit,1.988,KRW trillion,"K-IFRS consolidated, quarter","The consolidated revenue of the second quarter 2021 was 10.322 trillion won, while the operating profit amounted to 2.695 trillion won and the net income 1.988 trillion won."
2021Q2,2021-06-30,SK hynix,2021-07-27,https://news.skhynix.com/en/sk-hynix-inc-reports-second-quarter-2021-results/,operating_profit,2.695,KRW trillion,"K-IFRS consolidated, quarter","The consolidated revenue of the second quarter 2021 was 10.322 trillion won, while the operating profit amounted to 2.695 trillion won and the net income 1.988 trillion won."
2021Q2,2021-06-30,SK hynix,2021-07-27,https://news.skhynix.com/en/sk-hynix-inc-reports-second-quarter-2021-results/,revenue,10.322,KRW trillion,"K-IFRS consolidated, quarter","The consolidated revenue of the second quarter 2021 was 10.322 trillion won, while the operating profit amounted to 2.695 trillion won and the net income 1.988 trillion won."
2021Q3,2021-09-30,SK hynix,2021-10-26,https://news.skhynix.com/en/sk-hynix-inc-reports-third-quarter-2021-results/,net_profit,3.315,KRW trillion,"K-IFRS consolidated, quarter","The consolidated revenue of the third quarter 2021 was 11.805 trillion won, while the operating profit amounted to 4.172 trillion won and the net income 3.315 trillion won."
2021Q3,2021-09-30,SK hynix,2021-10-26,https://news.skhynix.com/en/sk-hynix-inc-reports-third-quarter-2021-results/,operating_profit,4.172,KRW trillion,"K-IFRS consolidated, quarter","The consolidated revenue of the third quarter 2021 was 11.805 trillion won, while the operating profit amounted to 4.172 trillion won and the net income 3.315 trillion won."
2021Q3,2021-09-30,SK hynix,2021-10-26,https://news.skhynix.com/en/sk-hynix-inc-reports-third-quarter-2021-results/,revenue,11.805,KRW trillion,"K-IFRS consolidated, quarter","The consolidated revenue of the third quarter 2021 was 11.805 trillion won, while the operating profit amounted to 4.172 trillion won and the net income 3.315 trillion won."
2021Q4,2021-12-31,SK hynix,2022-01-28,https://news.skhynix.com/en/sk-hynix-inc-reports-fiscal-year-2021-and-fourth-quarter-results/,operating_profit,4.22,KRW trillion,"K-IFRS consolidated, quarter",The consolidated revenue of fourth quarter 2021 was 12.377 trillion won while the operating profit amounted to 4.220 trillion won.
2021Q4,2021-12-31,SK hynix,2022-01-28,https://news.skhynix.com/en/sk-hynix-inc-reports-fiscal-year-2021-and-fourth-quarter-results/,revenue,12.377,KRW trillion,"K-IFRS consolidated, quarter",The consolidated revenue of fourth quarter 2021 was 12.377 trillion won while the operating profit amounted to 4.220 trillion won.
2022Q1,2022-03-31,SK hynix,2022-04-26,https://news.skhynix.com/en/sk-hynix-inc-reports-first-quarter-2022-results/,net_profit,1.98,KRW trillion,"K-IFRS consolidated, quarter","(or “the company”, www.skhynix.com ) reported today revenues of 12.16 trillion won, operating profit of 2.86 trillion won (with OP margin of 24%) and net income of 1.98 trillion won (net income margin 16%) in the first quarter of 2022."
2022Q1,2022-03-31,SK hynix,2022-04-26,https://news.skhynix.com/en/sk-hynix-inc-reports-first-quarter-2022-results/,operating_profit,2.86,KRW trillion,"K-IFRS consolidated, quarter","(or “the company”, www.skhynix.com ) reported today revenues of 12.16 trillion won, operating profit of 2.86 trillion won (with OP margin of 24%) and net income of 1.98 trillion won (net income margin 16%) in the first quarter of 2022."
2022Q1,2022-03-31,SK hynix,2022-04-26,https://news.skhynix.com/en/sk-hynix-inc-reports-first-quarter-2022-results/,revenue,12.16,KRW trillion,"K-IFRS consolidated, quarter","(or “the company”, www.skhynix.com ) reported today revenues of 12.16 trillion won, operating profit of 2.86 trillion won (with OP margin of 24%) and net income of 1.98 trillion won (net income margin 16%) in the first quarter of 2022."
2022Q2,2022-06-30,SK hynix,2022-07-26,https://news.skhynix.com/en/sk-hynix-inc-reports-second-quarter-2022-results/,net_profit,1.98,KRW trillion,"K-IFRS consolidated, quarter","Further information about SK hynix is available at www.skhynix.com , news.skhynix.com . * SK hynix reported 12.16 trillion won in revenues, 2.86 trillion won in operating profit, and net income 1.98 trillion won in the first quarter of 2022 * Operating margin of 4.22 trillion won in the fourth quarter of 2021 Media Contact SK hynix Inc."
2022Q2,2022-06-30,SK hynix,2022-07-26,https://news.skhynix.com/en/sk-hynix-inc-reports-second-quarter-2022-results/,operating_profit,4.19,KRW trillion,"K-IFRS consolidated, quarter","(or “the company”, www.skhynix.com ) reported today revenues of 13.81 trillion won, operating profit of 4.19 trillion won (with operating margin of 30%), and net income of 2.88 trillion (with net income margin 21%) in the second quarter of 2022. * The company achieved record high quarterly sales along with operating profits over 4 trillion won."
2022Q2,2022-06-30,SK hynix,2022-07-26,https://news.skhynix.com/en/sk-hynix-inc-reports-second-quarter-2022-results/,revenue,13.81,KRW trillion,"K-IFRS consolidated, quarter","(or “the company”, www.skhynix.com ) reported today revenues of 13.81 trillion won, operating profit of 4.19 trillion won (with operating margin of 30%), and net income of 2.88 trillion (with net income margin 21%) in the second quarter of 2022. * The company achieved record high quarterly sales along with operating profits over 4 trillion won."
2022Q3,2022-09-30,SK hynix,2022-10-25,https://news.skhynix.com/en/sk-hynix-reports-third-quarter-2022-results/,net_profit,1.1,KRW trillion,"K-IFRS consolidated, quarter","Quarterly revenues of 10.98 trillion won, operating profit of 1.66 trillion won, net profit of 1.1 trillion won"
2022Q3,2022-09-30,SK hynix,2022-10-25,https://news.skhynix.com/en/sk-hynix-reports-third-quarter-2022-results/,operating_profit,1.66,KRW trillion,"K-IFRS consolidated, quarter","Quarterly revenues of 10.98 trillion won, operating profit of 1.66 trillion won, net profit of 1.1 trillion won"
2022Q3,2022-09-30,SK hynix,2022-10-25,https://news.skhynix.com/en/sk-hynix-reports-third-quarter-2022-results/,revenue,10.98,KRW trillion,"K-IFRS consolidated, quarter","Quarterly revenues of 10.98 trillion won, operating profit of 1.66 trillion won, net profit of 1.1 trillion won"
2022Q4,2022-12-31,SK hynix,2023-01-31,https://news.skhynix.com/en/sk-hynix-reports-2022-and-fourth-quarter-financial-results/,net_profit,-3.524,KRW trillion,"K-IFRS consolidated, quarter","The revenues for the three months on a consolidated basis were 7.699 trillion won, while the operating loss amounted to 1.701 trillion won (operating loss ratio at 22%) and net loss was at 3.524 trillion won (net loss ratio at 46%)."
2022Q4,2022-12-31,SK hynix,2023-01-31,https://news.skhynix.com/en/sk-hynix-reports-2022-and-fourth-quarter-financial-results/,operating_profit,-1.701,KRW trillion,"K-IFRS consolidated, quarter","The revenues for the three months on a consolidated basis were 7.699 trillion won, while the operating loss amounted to 1.701 trillion won (operating loss ratio at 22%) and net loss was at 3.524 trillion won (net loss ratio at 46%)."
2022Q4,2022-12-31,SK hynix,2023-01-31,https://news.skhynix.com/en/sk-hynix-reports-2022-and-fourth-quarter-financial-results/,revenue,7.699,KRW trillion,"K-IFRS consolidated, quarter","The revenues for the three months on a consolidated basis were 7.699 trillion won, while the operating loss amounted to 1.701 trillion won (operating loss ratio at 22%) and net loss was at 3.524 trillion won (net loss ratio at 46%)."
2023Q1,2023-03-31,SK hynix,2023-04-26,https://news.skhynix.com/en/2023-first-quarter-financial-results/,net_profit,-2.586,KRW trillion,"K-IFRS consolidated, quarter","· Revenues at 5.088 trillion won, operating loss at 3.402 trillion won, net loss at 2.586 trillion won"
2023Q1,2023-03-31,SK hynix,2023-04-26,https://news.skhynix.com/en/2023-first-quarter-financial-results/,operating_profit,-3.402,KRW trillion,"K-IFRS consolidated, quarter","· Revenues at 5.088 trillion won, operating loss at 3.402 trillion won, net loss at 2.586 trillion won"
2023Q1,2023-03-31,SK hynix,2023-04-26,https://news.skhynix.com/en/2023-first-quarter-financial-results/,revenue,5.088,KRW trillion,"K-IFRS consolidated, quarter","· Revenues at 5.088 trillion won, operating loss at 3.402 trillion won, net loss at 2.586 trillion won"
2023Q2,2023-06-30,SK hynix,2023-07-25,https://news.skhynix.com/en/sk-hynix-reports-second-quarter-2023-financial-results/,dram_nand_statement,,text only,company-stated approx,"According to SK hynix, sales of both DRAM and NAND products increased in the second quarter, with higher average selling price (ASP) of DRAM largely contributing to revenue growth."
2023Q2,2023-06-30,SK hynix,2023-07-25,https://news.skhynix.com/en/sk-hynix-reports-second-quarter-2023-financial-results/,dram_statement,,text only,company-stated approx,"Although the price for general DRAM products such as DDR4 continued to decline on sluggish PC and smartphone demands, DRAM blended ASP rose in the quarter, offset by increased sales in high-end products used for AI servers."
2023Q2,2023-06-30,SK hynix,2023-07-25,https://news.skhynix.com/en/sk-hynix-reports-second-quarter-2023-financial-results/,net_profit,-2.988,KRW trillion,"K-IFRS consolidated, quarter","· Revenue at 7.306 trillion won, operating loss at 2.882 trillion won, net loss at 2.988 trillion won"
2023Q2,2023-06-30,SK hynix,2023-07-25,https://news.skhynix.com/en/sk-hynix-reports-second-quarter-2023-financial-results/,operating_profit,-2.882,KRW trillion,"K-IFRS consolidated, quarter","· Revenue at 7.306 trillion won, operating loss at 2.882 trillion won, net loss at 2.988 trillion won"
2023Q2,2023-06-30,SK hynix,2023-07-25,https://news.skhynix.com/en/sk-hynix-reports-second-quarter-2023-financial-results/,revenue,7.306,KRW trillion,"K-IFRS consolidated, quarter","· Revenue at 7.306 trillion won, operating loss at 2.882 trillion won, net loss at 2.988 trillion won"
2023Q3,2023-09-30,SK hynix,2023-10-25,https://news.skhynix.com/en/sk-hynix-reports-third-quarter-2023-financial-results/,dram_nand_statement,,text only,company-stated approx,SK hynix attributed the growth in sales to increased shipments of both DRAM and NAND and a rise in the average selling price.
2023Q3,2023-09-30,SK hynix,2023-10-25,https://news.skhynix.com/en/sk-hynix-reports-third-quarter-2023-financial-results/,dram_statement,,text only,company-stated approx,"By products, shipments of DRAM increased 20% from the three months earlier, thanks to strong sales of high-performance products for server applications such as the AI with the average selling price also recording a 10% rise."
2023Q3,2023-09-30,SK hynix,2023-10-25,https://news.skhynix.com/en/sk-hynix-reports-third-quarter-2023-financial-results/,net_profit,-2.185,KRW trillion,"K-IFRS consolidated, quarter","The company recorded revenues of 9.066 trillion won, operating losses of 1.792 trillion won and net losses of 2.185 trillion won in the three-month period."
2023Q3,2023-09-30,SK hynix,2023-10-25,https://news.skhynix.com/en/sk-hynix-reports-third-quarter-2023-financial-results/,operating_profit,-1.792,KRW trillion,"K-IFRS consolidated, quarter","The company recorded revenues of 9.066 trillion won, operating losses of 1.792 trillion won and net losses of 2.185 trillion won in the three-month period."
2023Q3,2023-09-30,SK hynix,2023-10-25,https://news.skhynix.com/en/sk-hynix-reports-third-quarter-2023-financial-results/,revenue,9.066,KRW trillion,"K-IFRS consolidated, quarter","The company recorded revenues of 9.066 trillion won, operating losses of 1.792 trillion won and net losses of 2.185 trillion won in the three-month period."
2023Q4,2023-12-31,SK hynix,2024-01-24,https://news.skhynix.com/en/sk-hynix-reports-fourth-quarter-2023-financial-results/,net_profit,-1.38,KRW trillion,"K-IFRS consolidated, quarter","The company posted revenues of 11.31 trillion won, operating profit of 346 billion won (operating profit margin at 3%), and net loss of 1.38 trillion won (net profit margin at negative 12%) for the three months ended December 31, 2023."
2023Q4,2023-12-31,SK hynix,2024-01-24,https://news.skhynix.com/en/sk-hynix-reports-fourth-quarter-2023-financial-results/,operating_profit,0.346,KRW trillion,"K-IFRS consolidated, quarter","(or “the company”, www.skhynix.com ) announced today that it recorded an operating profit of 346 billion won in the fourth quarter of last year amid a recovery of the memory chip market, marking the first quarter of profit following four straight quarters of losses."
2023Q4,2023-12-31,SK hynix,2024-01-24,https://news.skhynix.com/en/sk-hynix-reports-fourth-quarter-2023-financial-results/,revenue,11.31,KRW trillion,"K-IFRS consolidated, quarter","The company posted revenues of 11.31 trillion won, operating profit of 346 billion won (operating profit margin at 3%), and net loss of 1.38 trillion won (net profit margin at negative 12%) for the three months ended December 31, 2023."
2024Q1,2024-03-31,SK hynix,2024-04-24,https://news.skhynix.com/en/sk-hynix-announces-1q24-financial-results/,nand_statement,,text only,company-stated approx,"With the sales ratio of eSSD, a premium product, on the rise and the average selling prices rising, the NAND business has also achieved a meaningful turnaround in the same period."
2024Q1,2024-03-31,SK hynix,2024-04-24,https://news.skhynix.com/en/sk-hynix-announces-1q24-financial-results/,net_profit,1.917,KRW trillion,"K-IFRS consolidated, quarter","· Revenues at 12.43 trillion won, operating profit at 2.886 trillion won, net profit at 1.917 trillion won"
2024Q1,2024-03-31,SK hynix,2024-04-24,https://news.skhynix.com/en/sk-hynix-announces-1q24-financial-results/,operating_profit,2.886,KRW trillion,"K-IFRS consolidated, quarter","· Revenues at 12.43 trillion won, operating profit at 2.886 trillion won, net profit at 1.917 trillion won"
2024Q1,2024-03-31,SK hynix,2024-04-24,https://news.skhynix.com/en/sk-hynix-announces-1q24-financial-results/,revenue,12.43,KRW trillion,"K-IFRS consolidated, quarter","· Revenues at 12.43 trillion won, operating profit at 2.886 trillion won, net profit at 1.917 trillion won"
2024Q2,2024-06-30,SK hynix,2024-07-24,https://news.skhynix.com/en/sk-hynix-announces-2q24-financial-results/,nand_statement,,text only,company-stated approx,"The company emphasized that the average selling price (ASP) has continued to rise across NAND products since the fourth quarter of last year, turning to profit for two consecutive quarters."
2024Q2,2024-06-30,SK hynix,2024-07-24,https://news.skhynix.com/en/sk-hynix-announces-2q24-financial-results/,net_profit,4.12,KRW trillion,"K-IFRS consolidated, quarter","· Revenues at 16.4233 trillion won, operating profit at 5.4685 trillion won, net profit at 4.12 trillion won"
2024Q2,2024-06-30,SK hynix,2024-07-24,https://news.skhynix.com/en/sk-hynix-announces-2q24-financial-results/,operating_profit,5.4685,KRW trillion,"K-IFRS consolidated, quarter","· Revenues at 16.4233 trillion won, operating profit at 5.4685 trillion won, net profit at 4.12 trillion won"
2024Q2,2024-06-30,SK hynix,2024-07-24,https://news.skhynix.com/en/sk-hynix-announces-2q24-financial-results/,revenue,16.4233,KRW trillion,"K-IFRS consolidated, quarter","· Revenues at 16.4233 trillion won, operating profit at 5.4685 trillion won, net profit at 4.12 trillion won"
2024Q3,2024-09-30,SK hynix,2024-10-23,https://news.skhynix.com/en/sk-hynix-announces-3q24-financial-results/,dram_nand_statement,,text only,company-stated approx,"As sales increased mainly on highly profitable premium products, the average selling price (ASP) of both DRAM and NAND rose in the mid 10% range compared to the previous quarter, which made the company mark the highest operating profit."
2024Q3,2024-09-30,SK hynix,2024-10-23,https://news.skhynix.com/en/sk-hynix-announces-3q24-financial-results/,net_profit,5.7534,KRW trillion,"K-IFRS consolidated, quarter","· Revenues at 17.5731 trillion won, operating profit at 7.03 trillion won, net profit at 5.7534 trillion won"
2024Q3,2024-09-30,SK hynix,2024-10-23,https://news.skhynix.com/en/sk-hynix-announces-3q24-financial-results/,operating_profit,7.03,KRW trillion,"K-IFRS consolidated, quarter","· Revenues at 17.5731 trillion won, operating profit at 7.03 trillion won, net profit at 5.7534 trillion won"
2024Q3,2024-09-30,SK hynix,2024-10-23,https://news.skhynix.com/en/sk-hynix-announces-3q24-financial-results/,revenue,17.5731,KRW trillion,"K-IFRS consolidated, quarter","· Revenues at 17.5731 trillion won, operating profit at 7.03 trillion won, net profit at 5.7534 trillion won"
2024Q4,2024-12-31,SK hynix,2025-01-22,https://news.skhynix.com/en/sk-hynix-announces-4q24-financial-results/,net_profit,8.0065,KRW trillion,"K-IFRS consolidated, quarter","Revenues for Q4 at 19.7670 trillion won, operating profit at 8.0828 trillion won, net profit at 8.0065 trillion won"
2024Q4,2024-12-31,SK hynix,2025-01-22,https://news.skhynix.com/en/sk-hynix-announces-4q24-financial-results/,operating_profit,8.0828,KRW trillion,"K-IFRS consolidated, quarter","Revenues for Q4 at 19.7670 trillion won, operating profit at 8.0828 trillion won, net profit at 8.0065 trillion won"
2024Q4,2024-12-31,SK hynix,2025-01-22,https://news.skhynix.com/en/sk-hynix-announces-4q24-financial-results/,revenue,19.767,KRW trillion,"K-IFRS consolidated, quarter","Revenues for Q4 at 19.7670 trillion won, operating profit at 8.0828 trillion won, net profit at 8.0065 trillion won"
2025Q1,2025-03-31,SK hynix,2025-04-24,https://news.skhynix.com/en/sk-hynix-announces-1q25-financial-results/,net_profit,8.1082,KRW trillion,"K-IFRS consolidated, quarter","Revenues at 17.6391 trillion won, operating profit at 7.4405 trillion won, net profit at 8.1082 trillion won"
2025Q1,2025-03-31,SK hynix,2025-04-24,https://news.skhynix.com/en/sk-hynix-announces-1q25-financial-results/,operating_profit,7.4405,KRW trillion,"K-IFRS consolidated, quarter","Revenues at 17.6391 trillion won, operating profit at 7.4405 trillion won, net profit at 8.1082 trillion won"
2025Q1,2025-03-31,SK hynix,2025-04-24,https://news.skhynix.com/en/sk-hynix-announces-1q25-financial-results/,revenue,17.6391,KRW trillion,"K-IFRS consolidated, quarter","Revenues at 17.6391 trillion won, operating profit at 7.4405 trillion won, net profit at 8.1082 trillion won"
2025Q2,2025-06-30,SK hynix,2025-07-23,https://news.skhynix.com/en/sk-hynix-announces-2q25-financial-results/,net_profit,6.9962,KRW trillion,"K-IFRS consolidated, quarter","Reports revenues of 22.232 trillion won, operating profit of 9.2129 trillion won, net profit of 6.9962 trillion won"
2025Q2,2025-06-30,SK hynix,2025-07-23,https://news.skhynix.com/en/sk-hynix-announces-2q25-financial-results/,operating_profit,9.2129,KRW trillion,"K-IFRS consolidated, quarter","Reports revenues of 22.232 trillion won, operating profit of 9.2129 trillion won, net profit of 6.9962 trillion won"
2025Q2,2025-06-30,SK hynix,2025-07-23,https://news.skhynix.com/en/sk-hynix-announces-2q25-financial-results/,revenue,22.232,KRW trillion,"K-IFRS consolidated, quarter","Reports revenues of 22.232 trillion won, operating profit of 9.2129 trillion won, net profit of 6.9962 trillion won"
2025Q3,2025-09-30,SK hynix,2025-10-29,https://news.skhynix.com/en/sk-hynix-announces-3q25-financial-results/,net_profit,12.5975,KRW trillion,"K-IFRS consolidated, quarter","Reports revenues of 24.4489 trillion won, operating profit of 11.3834 trillion won, net profit of 12.5975 trillion won"
2025Q3,2025-09-30,SK hynix,2025-10-29,https://news.skhynix.com/en/sk-hynix-announces-3q25-financial-results/,operating_profit,11.3834,KRW trillion,"K-IFRS consolidated, quarter","Reports revenues of 24.4489 trillion won, operating profit of 11.3834 trillion won, net profit of 12.5975 trillion won"
2025Q3,2025-09-30,SK hynix,2025-10-29,https://news.skhynix.com/en/sk-hynix-announces-3q25-financial-results/,revenue,24.4489,KRW trillion,"K-IFRS consolidated, quarter","Reports revenues of 24.4489 trillion won, operating profit of 11.3834 trillion won, net profit of 12.5975 trillion won"
2025Q4,2025-12-31,SK hynix,2026-01-28,https://news.skhynix.com/en/sk-hynix-announces-fy25-financial-results/,net_profit,15.246,KRW trillion,"K-IFRS consolidated, quarter","Reports 4Q25 revenue of 32.8267 trillion won, operating profit of 19.1696 trillion won, net profit of 15.2460 trillion won"
2025Q4,2025-12-31,SK hynix,2026-01-28,https://news.skhynix.com/en/sk-hynix-announces-fy25-financial-results/,operating_profit,19.1696,KRW trillion,"K-IFRS consolidated, quarter","Reports 4Q25 revenue of 32.8267 trillion won, operating profit of 19.1696 trillion won, net profit of 15.2460 trillion won"
2025Q4,2025-12-31,SK hynix,2026-01-28,https://news.skhynix.com/en/sk-hynix-announces-fy25-financial-results/,revenue,32.8267,KRW trillion,"K-IFRS consolidated, quarter","Reports 4Q25 revenue of 32.8267 trillion won, operating profit of 19.1696 trillion won, net profit of 15.2460 trillion won"
2026Q1,2026-03-31,SK hynix,2026-04-22,https://news.skhynix.com/en/q1-2026-business-results/,net_profit,40.3459,KRW trillion,"K-IFRS consolidated, quarter","· Reports revenue of 52.5763 trillion won, operating profit of 37.6103 trillion won, net profit of 40.3459 trillion won"
2026Q1,2026-03-31,SK hynix,2026-04-22,https://news.skhynix.com/en/q1-2026-business-results/,operating_profit,37.6103,KRW trillion,"K-IFRS consolidated, quarter","· Reports revenue of 52.5763 trillion won, operating profit of 37.6103 trillion won, net profit of 40.3459 trillion won"
2026Q1,2026-03-31,SK hynix,2026-04-22,https://news.skhynix.com/en/q1-2026-business-results/,revenue,52.5763,KRW trillion,"K-IFRS consolidated, quarter","· Reports revenue of 52.5763 trillion won, operating profit of 37.6103 trillion won, net profit of 40.3459 trillion won"
2026Q2,2026-06-30,SK hynix,2026-07-29,https://news.skhynix.com/en/q2-2026-business-results/,net_profit,93.9226,KRW trillion,"K-IFRS consolidated, quarter","▪ Reports revenues of 79.3187 trillion won, operating profit of 60.5426 trillion won, net profit of 93.9226 trillion won"
2026Q2,2026-06-30,SK hynix,2026-07-29,https://news.skhynix.com/en/q2-2026-business-results/,operating_profit,60.5426,KRW trillion,"K-IFRS consolidated, quarter","▪ Reports revenues of 79.3187 trillion won, operating profit of 60.5426 trillion won, net profit of 93.9226 trillion won"
2026Q2,2026-06-30,SK hynix,2026-07-29,https://news.skhynix.com/en/q2-2026-business-results/,revenue,79.3187,KRW trillion,"K-IFRS consolidated, quarter","▪ Reports revenues of 79.3187 trillion won, operating profit of 60.5426 trillion won, net profit of 93.9226 trillion won"
