month,fetched,archive_aggregate,ratio
2019-01,1785,1785,1.000
2019-02,1872,1872,1.000
2019-03,2146,2146,1.000
2019-04,2126,2126,1.000
2019-05,2250,2250,1.000
2019-06,1988,1988,1.000
2019-07,2551,2551,1.000
2019-08,1788,1788,1.000
2019-09,1751,1751,1.000
2019-10,1950,1950,1.000
2019-11,3500,3500,1.000
2019-12,2402,2402,1.000
2020-01,1621,1621,1.000
2020-02,1927,1927,1.000
2020-03,1752,1752,1.000
2020-04,2343,2343,1.000
2020-05,3153,3153,1.000
2020-06,2766,2766,1.000
2020-07,2168,2168,1.000
2020-08,1817,1817,1.000
2020-09,1646,1646,1.000
2020-10,2518,2518,1.000
2020-11,4094,4094,1.000
2020-12,2921,2921,1.000
2021-01,1764,1764,1.000
2021-02,1475,1475,1.000
2021-03,1576,1576,1.000
2021-04,1346,1346,1.000
2021-05,1186,1186,1.000
2021-06,1306,1306,1.000
2021-07,1182,1182,1.000
2021-08,1315,1315,1.000
2021-09,1028,1028,1.000
2021-10,993,993,1.000
2021-11,2082,2082,1.000
2021-12,1348,1348,1.000
2022-01,1222,1222,1.000
2022-02,797,797,1.000
2022-03,1040,1040,1.000
2022-04,1286,1286,1.000
2022-05,1175,1175,1.000
2022-06,887,887,1.000
2022-07,1435,1435,1.000
2022-08,1237,1237,1.000
2022-09,1040,1040,1.000
2022-10,1268,1268,1.000
2022-11,2427,2427,1.000
2022-12,1245,1245,1.000
2023-01,1014,1014,1.000
2023-02,883,883,1.000
2023-03,997,997,1.000
2023-04,986,986,1.000
2023-05,976,976,1.000
2023-06,871,871,1.000
2023-07,1182,1182,1.000
2023-08,804,804,1.000
2023-09,574,574,1.000
2023-10,870,870,1.000
2023-11,1275,1275,1.000
2023-12,581,581,1.000
2024-01,531,531,1.000
2024-02,487,487,1.000
2024-03,556,556,1.000
2024-04,436,436,1.000
2024-05,580,580,1.000
2024-06,509,509,1.000
2024-07,813,813,1.000
2024-08,518,518,1.000
2024-09,367,367,1.000
2024-10,555,555,1.000
2024-11,1161,1161,1.000
2024-12,709,709,1.000
2025-01,452,452,1.000
2025-02,571,571,1.000
2025-03,600,600,1.000
2025-04,563,563,1.000
2025-05,451,451,1.000
2025-06,488,488,1.000
2025-07,667,667,1.000
2025-08,434,434,1.000
2025-09,433,433,1.000
2025-10,699,699,1.000
2025-11,1085,1085,1.000
2025-12,716,716,1.000
2026-01,664,664,1.000
2026-02,568,568,1.000
2026-03,621,621,1.000
2026-04,634,634,1.000
2026-05,517,517,1.000
2026-06,620,620,1.000
2026-07,564,564,1.000
2026-08,536,536,1.000
2026-09,400,400,1.000
2026-10,125,125,1.000
