item,standard_or_product,date,value,unit,source_url,source_type,verbatim_quote,notes
DDR3 publication,JESD79-3,2007-06-26,,,https://www.jedec.org/news/pressreleases/publication-jedec-ddr3-sdram-standard,jedec_press_release,"has completed development and publication of the DDR3",
DDR3 speed range,JESD79-3,2007-06-26,800-1600,MT/s,https://www.jedec.org/news/pressreleases/publication-jedec-ddr3-sdram-standard,jedec_press_release,"performance range from 800 to 1600 MT/s",
DDR4 publication,JESD79-4,2012-09-25,,,https://www.jedec.org/news/pressreleases/jedec-announces-publication-ddr4-standard,jedec_press_release,"today announced the initial publication of its widely-anticipated Synchronous DDR4",
DDR4 speed range,JESD79-4,2012-09-25,1600-3200,MT/s,https://www.jedec.org/news/pressreleases/jedec-announces-publication-ddr4-standard,jedec_press_release,"The per-pin data rate for DDR4 is specified as 1.6 giga transfers per second to an initial maximum objective of 3.2 giga transfers per second",
DDR5 publication,JESD79-5,2020-07-14,,,https://www.jedec.org/news/pressreleases/jedec-publishes-new-ddr5-standard-advancing-next-generation-high-performance,jedec_press_release,"today announced the publication of the widely-anticipated JESD79-5 DDR5 SDRAM standard",
DDR5 launch speed,JESD79-5,2020-07-14,4800,MT/s,https://www.jedec.org/news/pressreleases/jedec-publishes-new-ddr5-standard-advancing-next-generation-high-performance,jedec_press_release,"is expected to be launched at 4.8 Gbps","6400 first appears in JESD79-5A"
DDR5 extended to 6400,JESD79-5A,2021-10-26,6400 (core) / 5600 (IO),MT/s,https://www.jedec.org/news/pressreleases/jedec-publishes-update-ddr5-sdram-standard-used-high-performance-computing,jedec_press_release,"transfer speed of DDR5 up to 6400 MT/s for DRAM core timings and 5600 MT/s for IO AC timings",
DDR5 extended to 8800,JESD79-5C,2024-04-17,8800,MT/s,https://www.jedec.org/news/pressreleases/jedec-updates-jesd79-5c-ddr5-sdram-standard-elevating-performance-and-security,jedec_press_release,"from 6800 Mbps to 8800 Mbps",
DDR5 latest revision,JESD79-5D,2025-11,,,https://www.jedec.org/standards-documents/docs/jesd79-5d,spec_page,"Published: Nov 2025","max speed of 5D not stated on page"
DDR6 official status,DDR6,,in development (no published timeline),,https://www.jedec.org/category/technology-focus-area/main-memory-ddr-sdram,spec_page,"DDR6 and HBM5 are in development","undated JEDEC page; no official DDR6 date or speed; third-party 2026-2029 timelines excluded as non-official"
LPDDR5 publication,JESD209-5,2019-02-19,6400,MT/s,https://www.jedec.org/news/pressreleases/jedec-updates-standard-low-power-memory-devices-lpddr5,jedec_press_release,"LPDDR5 is being published with a data rate of 6400 MT/s",
LPDDR5X publication,JESD209-5B,2021-07-28,8533,Mbps,https://www.jedec.org/news/pressreleases/jedec-publishes-new-and-updated-standards-low-power-memory-devices-used-5g-and-ai,jedec_press_release,"Speed extension up to 8533 Mbps",
LPDDR6 publication,JESD209-6,2025-07-09,,,https://www.jedec.org/news/pressreleases/jedec%C2%AE-releases-new-lpddr6-standard-enhance-mobile-and-ai-memory-performance,jedec_press_release,"today announced the publication of JESD209-6","JEDEC release gives no max data rate"
LPDDR6 vendor speed,Samsung 16GB LPDDR6,2026-09-23,10.7,Gbps,https://semiconductor.samsung.com/news-events/tech-blog/samsung-lpddr6-advancing-low-power-memory-for-ai-with-industry-first-validation-on-qualcomm-technologies-new-snapdragon-platform/,manufacturer_press_release,"operating at I/O speeds of up to 10.7Gbps","vendor speed, not a JEDEC maximum"
CUDIMM/CSODIMM data rate,JESD323 / JESD324 (DDR5 clock driver),2024-10-15,7200 initial / 9200 target,Mbps,https://www.jedec.org/news/pressreleases/jedec%C2%AE-launch-new-raw-card-dimm-designs-ddr5-clock-drivers-enhancing-client,jedec_press_release,"DIMM data rates can be increased from 6400 Mbps to 7200 Mbps in the initial version of the standard","date is the press release; standards published earlier in 2024"
CUDIMM latest revision,JESD323B,2026-02,,,https://www.jedec.org/standards-documents/docs/jesd323,spec_page,"Published: Feb 2026",
CAMM2 publication,JESD318,2023-12-05,,,https://www.jedec.org/news/pressreleases/jedec-publishes-new-camm2-memory-module-standard,jedec_press_release,"today announced the publication of JESD318: Compression Attached Memory Module (CAMM2) Common Standard",
SOCAMM2 announced,JESD328,2025-10-20,9600,Mbps (LPDDR5X max cited),https://www.jedec.org/news/pressreleases/jedec%E2%80%99s-socamm2-low-power-compact-lpddr5x-modules-poised-power-next-gen-ai,jedec_press_release,"configurations up to 9.6 Gb/s per pin",
SOCAMM2 published,JESD328,2026-06,,,https://www.jedec.org/standards-documents/docs/jesd328,spec_page,"Published: Jun 2026",
First 24Gb DDR5 die (samples),SK hynix 24Gb DDR5,2021-12-15,24,Gb per die,https://news.skhynix.com/en/sk-hynix-becomes-the-industrys-first-to-ship-24gb-ddr5-samples/,manufacturer_press_release,"shipped samples of 24 Gigabit (Gb) DDR5","24Gb die enables non-binary 24/48GB modules"
First 24GB/48GB client DDR5 modules,Micron/Crucial DDR5-5600,2023-01-17,24 / 48,GB per module,https://www.tomshardware.com/news/micron-unveils-24gb-and-48gb-ddr5-memory-modules,secondary_news,"the interesting capacities are the new 24GB and 48GB models","secondary source; Micron's own release not found"
First 32Gb DDR5 die,Samsung 12nm-class 32Gb DDR5,2023-09-01,32,Gb per die,https://semiconductor.samsung.com/news-events/news/samsung-electronics-unveils-industrys-highest-capacity-12nm-class-32gb-ddr5-dram-ideal-for-the-ai-era/,manufacturer_press_release,"industry's first and highest-capacity 32-gigabit (Gb) DDR5 DRAM",
First 64GB client module,Micron/Crucial 64GB CUDIMM & CSODIMM (32Gb die),2024-10-15,64,GB per module,https://investors.micron.com/news-releases/news-release-details/micron-fuels-new-wave-ai-pcs-launch-ultra-fast-clock-driver-ddr5,manufacturer_press_release,"32 gigabit die-based 64GB CUDIMM and CSODIMM","availability 1H CY2025 per same release"
64GB DDR5 retail modules,G.SKILL 64GB DDR5 (2x64GB DDR5-8000; 4x64GB DDR5-6000),2025-07-09,64,GB per module,https://www.gskill.com/community/1502239313/1752040462/G.SKILL-Announces-Availability-of-High-Capacity-Overclocked-Memory-Kits-Up-To-DDR5-6000-256GB-64GBx4,manufacturer_press_release,"retail availability of the its new high performance 64GB DDR5 modules","typo 'the its' is in the source"
GDDR6 first mass production,Samsung 16Gb GDDR6,2018-01-18,18,Gbps per pin,https://news.samsung.com/global/samsung-electronics-starts-producing-industrys-first-16-gigabit-gddr6-for-advanced-graphics-systems,manufacturer_press_release,"18-gigabits-per-second (Gbps) pin speed","original JESD250 publication date not found"
GDDR7 publication,JESD239,2024-03-05,192,GB/s per device,https://www.jedec.org/news/pressreleases/jedec-publishes-gddr7-graphics-memory-standard,jedec_press_release,"reaching up to 192 GB/s per device",
GDDR7 first device,Samsung 16Gb GDDR7,2023-07-19,32,Gbps per pin,https://news.samsungsemiconductor.com/global/samsung-develops-industrys-first-gddr7-dram-to-unlock-the-next-generation-of-graphics-performance/,manufacturer_press_release,"speed per pin of up to 32Gbps",
GDDR7 24Gb,Samsung 24Gb GDDR7,2024-10-17,40 (up to 42.5),Gbps per pin,https://news.samsung.com/global/samsung-develops-industrys-first-24gb-gddr7-dram-for-next-generation-ai-computing,manufacturer_press_release,"can be further enhanced to up to 42.5Gbps",
HBM3 publication,JESD238,2022-01-27,6.4,Gb/s per pin,https://www.jedec.org/news/pressreleases/jedec-publishes-hbm3-update-high-bandwidth-memory-hbm-standard,jedec_press_release,"defining data rates of up to 6.4 Gb/s, equivalent to 819 GB/s per device",
HBM3E (vendor),Micron HBM3 Gen2,2023-07-26,9.2,Gb/s per pin,https://investors.micron.com/news-releases/news-release-details/micron-delivers-industrys-fastest-highest-capacity-hbm-advance,manufacturer_press_release,"pin speed over 9.2Gb/s","HBM3E is a vendor extension; no JEDEC HBM3E press release"
HBM4 publication,JESD270-4,2025-04-16,8,Gb/s per pin (2 TB/s per stack),https://www.jedec.org/news/pressreleases/jedec%C2%AE-and-industry-leaders-collaborate-release-jesd270-4-hbm4-standard-advancing,jedec_press_release,"HBM4 boosts total bandwidth up to 2 TB/s",
HBM4 vendor (SK hynix),SK hynix HBM4,2025-09-12,10,Gbps per pin (over),https://news.skhynix.com/en/sk-hynix-completes-worlds-first-hbm4-development-and-readies-mass-production/,manufacturer_press_release,"implementing over 10Gbps",
HBM4 vendor (Micron),Micron HBM4 high-volume production,2026-03-16,11,Gb/s per pin (over),https://investors.micron.com/news/press-release/2026/Micron-in-High-Volume-Production-of-HBM4-Designed-for-NVIDIA-Vera-Rubin-PCIe-Gen6-SSD-and-SOCAMM2-03-16-2026/default.aspx,manufacturer_press_release,"Micron achieves over 11 Gb/s pin speeds",
