pcie_gen,item,date,value,unit,product_or_spec,launch_msrp_usd,source_url,source_type,verbatim_quote,notes
3.0,spec release,2010-11-10,8.0,GT/s per lane,PCIe Base Spec 3.0,,https://pcisig.com/specifications,spec_page,"11/10/2010","rate per PCI-SIG FAQ"
4.0,spec release,2017-10-05,16.0,GT/s per lane,PCIe Base Spec 4.0 v1.0,,https://pcisig.com/specifications,spec_page,"10/05/2017",
5.0,spec release,2019-05-28,32.0,GT/s per lane,PCIe Base Spec 5.0 v1.0,,https://pcisig.com/specifications,spec_page,"05/28/2019",
6.0,spec release,2022-01-11,64.0,GT/s per lane,PCIe 6.0,,https://pcisig.com/newsroom/news-releases?page=2,spec_page,"Releases PCIe® 6.0 Specification",
7.0,spec release,2025-06-11,128.0,GT/s per lane,PCIe 7.0,,https://pcisig.com/specifications/pcie-70-specification-version-03-now-available-members,spec_page,"was officially released to PCI-SIG members at PCI-SIG Developers Conference 2025 on June 11, 2025",
8.0,announcement (full release targeted by 2028),2025-08-05,256.0,GT/s per lane,PCIe 8.0,,https://pcisig.com/blog/pcier-80-specification-draft-05-now-available-track-2560-gts-transfer-speeds-2028,official_blog,"remains on track for full release by 2028","draft 0.5 released 2026-05-01; announcement date from pcisig.com/newsroom/news-releases"
3.0,first consumer NVMe SSD,2015-04-02,2400,MB/s seq read,Intel SSD 750 1.2TB,,https://techgage.com/news/intel-launches-ridiculously-fast-750-pcie-solid-state-drive-series/,secondary_news,"The 1.2TB model ups those numbers to 2.4GB/s","secondary source"
3.0,first Samsung consumer NVMe M.2,2015-09-22,2500,MB/s seq read,Samsung 950 PRO 512GB,349.99,https://news.samsung.com/global/samsung-launches-950-pro-ssd-leading-the-mass-market-into-enterprise-quality-memory-solutions,manufacturer_press_release,"$349.99 for the 512GB capacity","256GB was $199.99"
4.0,first consumer PCIe 4.0 SSD (announced),2019-05-27,4950,MB/s seq read,Corsair Force MP600,,https://hothardware.com/news/corsair-mp600,secondary_news,"4,950MB/sec sequential read","secondary source; shipped with X570 boards July 2019"
4.0,early PCIe 4.0 SSD,2019-05,5000,MB/s seq read,GIGABYTE AORUS NVMe Gen4,,https://www.techpowerup.com/256607/gigabyte-releases-the-aorus-nvme-gen4-ssd,secondary_news,"5000 MB/s sequential read","reprint of Gigabyte press release"
5.0,first consumer PCIe 5.0 SSD (retail),2023-02,10000,MB/s seq read,GIGABYTE AORUS Gen5 10000 2TB,,https://www.storagenewsletter.com/2023/02/14/gigabyte-aorus-gen5-10000-pcie-5-0-x4-nvme-2-0-m-2-2280-up-to-2tb-ssd/,secondary_news,"up to 10GB/s","secondary source"
5.0,consumer PCIe 5.0 SSD,2023-05-30,12400,MB/s seq read,Crucial T700,,https://www.globenewswire.com/en/news-release/2023/05/30/2678441/14450/en/Crucial-Unleashes-World-s-Fastest-Gen5-Consumer-NVMe-SSD-and-Plug-and-Play-High-Performance-DRAM-Options-for-Gamers-Creatives-and-Professionals.html,manufacturer_press_release,"up to 12,400MB/s",
5.0,fastest consumer,2024-02-20,14500,MB/s seq read,Crucial T705,,https://www.globenewswire.com/news-release/2024/02/20/2831915/14450/en/crucial-pro-series-supercharges-portfolio-with-ddr5-overclocking-memory-and-world-s-fastest-gen5-ssd.html,manufacturer_press_release,"up to 14,500MB/s",
5.0,fastest consumer,2025-03-18,14800,MB/s seq read,Samsung 9100 PRO 2TB,299.99,https://news.samsung.com/us/samsung-announces-9100-pro-series-ssds-with-breakthrough-pcie-5-0-performance/,manufacturer_press_release,"14,800","1TB $199.99 / 4TB $549.99; 1TB rated 14,700"
5.0,fastest consumer,2025-05-13,14900,MB/s seq read,WD_BLACK SN8100 2TB,279.99,https://www.sandisk.com/company/newsroom/press-releases/2025/2025-05-13-sandisk-raises-the-bar-with-worlds-fastest-pcie-gen-5-nvme-ssd-wd_black-sn8100-nvme-ssd,manufacturer_press_release,"14,900MB/s","1TB $179.99 / 4TB $549.99"
5.0,fastest consumer,2025-10-28,14900,MB/s seq read,Corsair MP700 PRO XT,,https://www.corsair.com/newsroom/press-release/corsair-releases-top-of-class-pcie-5-0-ssd-and-adds-4tb-option-in-m-2-2242-size,manufacturer_press_release,"sequential read speeds up to 14,900MB/s",
6.0,first PCIe 6.0 SSD (datacenter),2025-07-29,28000,MB/s seq read,Micron 9650,,https://investors.micron.com/news-releases/news-release-details/micron-unveils-portfolio-industry-first-ssds-power-ai-revolution,manufacturer_press_release,"Up to 28 GB/s sequential read","datacenter only; high-volume production per Micron 2026-03-16"
6.0,consumer outlook (controller vendor),2026-06-16,,,Silicon Motion consumer PCIe 6.0 controller,,https://www.tomshardware.com/pc-components/ssds/smis-pcie-6-0-ssd-controller-for-consumer-ssds-coming-next-year-but-severe-nand-shortages-will-get-even-worse-in-2027-as-ai-data-centers-swallow-supply-an-interview-with-silicon-motions-svp-nelson-duann,secondary_news,"PCIe 6.0 SSD controller for consumer SSDs coming next year","interview headline; a controller in 2027, not shipping drives; no consumer PCIe 6.0 drive announced"
