date,term,scanned,kept,archive_total,scan_ratio
2025-01-01,buildapc,24559,1179,24565,1.0
2025-02-01,buildapc,19702,946,19703,1.0
2025-03-01,buildapc,20758,949,20764,1.0
2025-04-01,buildapc,17292,739,17294,1.0
2025-05-01,buildapc,18449,818,18458,1.0
2025-06-01,buildapc,16911,689,16913,1.0
2025-07-01,buildapc,16694,651,16695,1.0
2025-08-01,buildapc,17016,645,17021,1.0
2025-09-01,buildapc,14216,564,14220,1.0
2025-10-01,buildapc,14365,636,14371,1.0
2025-11-01,buildapc,17434,1052,17438,1.0
2025-12-01,buildapc,16232,1388,16228,1.0
2026-01-01,buildapc,13944,983,13949,1.0
2026-02-01,buildapc,8853,566,8856,1.0
2026-03-01,buildapc,8751,524,8753,1.0
2026-04-01,buildapc,8592,429,8599,0.999
2026-05-01,buildapc,10191,522,10191,1.0
2026-06-01,buildapc,9658,530,9659,1.0
2026-07-01,buildapc,9747,571,9750,1.0
2026-08-01,buildapc,8745,542,8745,1.0
2026-09-01,buildapc,7257,420,7258,1.0
2026-10-01,buildapc,1256,81,1205,1.042
2025-01-01,hardware,1192,44,1193,0.999
2025-02-01,hardware,757,20,758,0.999
2025-03-01,hardware,740,21,740,1.0
2025-04-01,hardware,541,35,542,0.998
2025-05-01,hardware,600,39,601,0.998
2025-06-01,hardware,497,24,497,1.0
2025-07-01,hardware,461,19,462,0.998
2025-08-01,hardware,535,8,535,1.0
2025-09-01,hardware,432,26,432,1.0
2025-10-01,hardware,429,23,429,1.0
2025-11-01,hardware,475,53,475,1.0
2025-12-01,hardware,511,87,511,1.0
2026-01-01,hardware,565,68,565,1.0
2026-02-01,hardware,412,77,412,1.0
2026-03-01,hardware,502,48,502,1.0
2026-04-01,hardware,340,45,340,1.0
2026-05-01,hardware,390,42,390,1.0
2026-06-01,hardware,426,53,428,0.995
2026-07-01,hardware,399,75,399,1.0
2026-08-01,hardware,354,61,355,0.997
2026-09-01,hardware,371,38,371,1.0
2026-10-01,hardware,55,7,52,1.058
2025-01-01,pcmasterrace,31432,708,31436,1.0
2025-02-01,pcmasterrace,25933,586,25939,1.0
2025-03-01,pcmasterrace,27776,638,27779,1.0
2025-04-01,pcmasterrace,22254,529,22256,1.0
2025-05-01,pcmasterrace,22695,495,22700,1.0
2025-06-01,pcmasterrace,21118,457,21120,1.0
2025-07-01,pcmasterrace,21329,486,21331,1.0
2025-08-01,pcmasterrace,21135,453,21139,1.0
2025-09-01,pcmasterrace,17452,400,17457,1.0
2025-10-01,pcmasterrace,17314,407,17325,0.999
2025-11-01,pcmasterrace,19836,1039,19843,1.0
2025-12-01,pcmasterrace,23311,1853,23312,1.0
2026-01-01,pcmasterrace,22643,1304,22645,1.0
2026-02-01,pcmasterrace,15423,738,15426,1.0
2026-03-01,pcmasterrace,15877,621,15888,0.999
2026-04-01,pcmasterrace,13986,536,13992,1.0
2026-05-01,pcmasterrace,13852,464,13857,1.0
2026-06-01,pcmasterrace,13933,521,13935,1.0
2026-07-01,pcmasterrace,13605,530,13610,1.0
2026-08-01,pcmasterrace,13520,601,13523,1.0
2026-09-01,pcmasterrace,11609,458,11616,0.999
2026-10-01,pcmasterrace,2263,95,2163,1.046
