date,term,metric,value
2026-10-01,ALL,posts_total,2801.0
2026-10-01,ALL,ram_neg,4.0
2026-10-01,ALL,ram_neg_per_1k,1.4280614066404855
2026-10-01,ALL,ram_net_tone,-0.6
2026-10-01,ALL,ram_pos,1.0
2026-10-01,ALL,ram_posts,107.0
2026-10-01,ALL,ram_posts_per_1k,38.20064262763299
2026-10-01,ALL,ram_price,14.0
2026-10-01,ALL,ram_price_neg,4.0
2026-10-01,ALL,ram_price_neg_per_1k,1.4280614066404855
2026-10-01,ALL,ram_price_per_1k,4.998214923241699
2026-10-01,ALL,ram_price_pos,1.0
2026-10-01,ALL,ram_price_vader_mean,0.013771428571428577
2026-10-01,ALL,ram_wait,4.0
2026-10-01,ALL,ram_wait_per_1k,1.4280614066404855
2026-10-01,buildapc,posts_total,990.0
2026-10-01,buildapc,ram_neg,0.0
2026-10-01,buildapc,ram_neg_per_1k,0.0
2026-10-01,buildapc,ram_net_tone,1.0
2026-10-01,buildapc,ram_pos,1.0
2026-10-01,buildapc,ram_posts,45.0
2026-10-01,buildapc,ram_posts_per_1k,45.45454545454545
2026-10-01,buildapc,ram_price,2.0
2026-10-01,buildapc,ram_price_neg,0.0
2026-10-01,buildapc,ram_price_neg_per_1k,0.0
2026-10-01,buildapc,ram_price_per_1k,2.0202020202020203
2026-10-01,buildapc,ram_price_pos,1.0
2026-10-01,buildapc,ram_price_vader_mean,0.0
2026-10-01,buildapc,ram_wait,4.0
2026-10-01,buildapc,ram_wait_per_1k,4.040404040404041
2026-10-01,hardware,posts_total,40.0
2026-10-01,hardware,ram_neg,1.0
2026-10-01,hardware,ram_neg_per_1k,25.0
2026-10-01,hardware,ram_net_tone,-1.0
2026-10-01,hardware,ram_pos,0.0
2026-10-01,hardware,ram_posts,2.0
2026-10-01,hardware,ram_posts_per_1k,50.0
2026-10-01,hardware,ram_price,2.0
2026-10-01,hardware,ram_price_neg,1.0
2026-10-01,hardware,ram_price_neg_per_1k,25.0
2026-10-01,hardware,ram_price_per_1k,50.0
2026-10-01,hardware,ram_price_pos,0.0
2026-10-01,hardware,ram_price_vader_mean,-0.07365
2026-10-01,hardware,ram_wait,0.0
2026-10-01,hardware,ram_wait_per_1k,0.0
2026-10-01,pcmasterrace,posts_total,1771.0
2026-10-01,pcmasterrace,ram_neg,3.0
2026-10-01,pcmasterrace,ram_neg_per_1k,1.6939582156973463
2026-10-01,pcmasterrace,ram_net_tone,-1.0
2026-10-01,pcmasterrace,ram_pos,0.0
2026-10-01,pcmasterrace,ram_posts,60.0
2026-10-01,pcmasterrace,ram_posts_per_1k,33.87916431394692
2026-10-01,pcmasterrace,ram_price,10.0
2026-10-01,pcmasterrace,ram_price_neg,3.0
2026-10-01,pcmasterrace,ram_price_neg_per_1k,1.6939582156973463
2026-10-01,pcmasterrace,ram_price_per_1k,5.646527385657821
2026-10-01,pcmasterrace,ram_price_pos,0.0
2026-10-01,pcmasterrace,ram_price_vader_mean,0.034010000000000006
2026-10-01,pcmasterrace,ram_wait,0.0
2026-10-01,pcmasterrace,ram_wait_per_1k,0.0
