kind,vendor,tier,from_model,to_model,from_date,to_date,years,price_change_pct,score_change_pct,score_per_usd_change_pct,score_alt_per_usd_change_pct,fp32_per_usd_change_pct
cpu,AMD,flagship,3950X,5950X,2019-11-25,2020-11-05,0.95,6.675567423230966,10.807460795539846,3.8733268283596356,5.76853392870782,
cpu,AMD,flagship,5950X,7950X,2020-11-05,2022-09-27,1.89,-12.515644555694616,40.696379519551826,60.824616932935506,61.795456665426094,
cpu,AMD,flagship,7950X,9950X,2022-09-27,2024-08-15,1.88,-7.153075822603716,13.552615075617513,22.30089050517201,22.104301215205723,
cpu,AMD,8-core,3700X,5800X,2019-07-07,2020-11-05,1.33,36.474164133738604,19.27207844962311,-12.604646303060118,-13.188614171653324,
cpu,AMD,8-core,5800X,7700X,2020-11-05,2022-09-27,1.89,-11.1358574610245,34.67087238014632,51.54692155059071,51.83007029062479,
cpu,AMD,8-core,7700X,9700X,2022-09-27,2024-08-08,1.86,-10.025062656641603,10.842691225140676,23.192851807329063,25.739068341162262,
cpu,Intel,flagship,10900K,11900K,2020-04-30,2021-03-16,0.88,10.45081967213115,-4.556239172651688,-13.587095948523231,-22.30402343199993,
cpu,Intel,flagship,11900K,12900K,2021-03-16,2021-11-04,0.64,9.276437847866426,54.88035152587658,41.73261370534376,71.23785266797447,
cpu,Intel,flagship,12900K,13900K,2021-11-04,2022-10-20,0.96,0.0,37.12035276072019,37.12035276072021,38.118031587822145,
cpu,Intel,flagship,13900K,14900K,2022-10-20,2023-10-17,0.99,0.0,4.6884097443735895,4.6884097443735895,-0.6478190196338551,
cpu,Intel,flagship,14900K,285K,2023-10-17,2024-10-24,1.02,0.0,10.73886177211627,10.738861772116293,16.254816742363886,
cpu,Intel,i7-class,10700K,11700K,2020-04-30,2021-03-16,0.88,6.68449197860963,9.949305836784749,3.0602515863596302,-0.0878185963032907,
cpu,Intel,i7-class,11700K,12700K,2021-03-16,2021-11-04,0.64,2.506265664160412,43.998124196610064,40.477387663685626,50.46084023549751,
cpu,Intel,i7-class,12700K,13700K,2021-11-04,2022-10-20,0.96,0.0,35.31796797790503,35.317967977905006,36.30399453042934,
cpu,Intel,i7-class,13700K,14700K,2022-10-20,2023-10-17,0.99,0.0,14.198403215790844,14.198403215790844,14.604557616022973,
cpu,Intel,i7-class,14700K,265K,2023-10-17,2024-10-24,1.02,-3.6674816625916873,8.24940370239764,12.37057389411329,11.361943364223626,
cpu,Intel,i7-class,265K,270K Plus,2024-10-24,2026-03-26,1.42,-24.111675126903553,27.83918342967111,68.45698418491781,,
gpu,Nvidia,halo (x80 Ti/x90),GeForce GTX 1080 Ti,GeForce RTX 2080 Ti,2017-03-05,2018-09-20,1.54,42.91845493562232,245.52148921379305,141.76128224268396,138.98627721937956,-17.021656843769794
gpu,Nvidia,halo (x80 Ti/x90),GeForce RTX 2080 Ti,GeForce RTX 3090,2018-09-20,2020-09-24,2.01,50.050050050050054,90.71205136475729,27.09895884816047,27.019345454608935,76.32922741673111
gpu,Nvidia,halo (x80 Ti/x90),GeForce RTX 3090,GeForce RTX 4090,2020-09-24,2022-10-12,2.05,6.671114076050699,104.4116784418593,91.62795871441345,91.47786855535811,117.56228014055398
gpu,Nvidia,halo (x80 Ti/x90),GeForce RTX 4090,GeForce RTX 5090,2022-10-12,2025-01-30,2.3,25.015634771732344,35.29051355710129,8.218875026415695,,1.4737141504448825
gpu,Nvidia,x80,GeForce GTX 1080,GeForce RTX 2080,2016-05-27,2018-09-20,2.32,16.69449081803005,289.7278200461499,233.9727671067865,233.17930502354739,-2.7646168543471794
gpu,Nvidia,x80,GeForce RTX 2080,GeForce RTX 3080,2018-09-20,2020-09-17,1.99,0.0,98.69047088512349,98.69047088512346,99.43455910477938,195.66944775526417
gpu,Nvidia,x80,GeForce RTX 3080,GeForce RTX 4080,2020-09-17,2022-11-16,2.16,71.53075822603721,85.20247816160649,7.970418878200958,8.14703716978753,-4.55193501975465
gpu,Nvidia,x80,GeForce RTX 4080,GeForce RTX 5080,2022-11-16,2025-01-30,2.21,-16.680567139282733,8.941553931904412,30.751674839192567,28.616522768794784,38.58560532340207
gpu,Nvidia,x70,GeForce GTX 1070,GeForce RTX 2070,2016-06-10,2018-10-17,2.35,31.6622691292876,304.39570962549175,207.14624037687645,192.93951164870364,-12.2689886110109
gpu,Nvidia,x70,GeForce RTX 2070,GeForce RTX 3070,2018-10-17,2020-10-29,2.03,0.0,51.52223987155795,51.52223987155799,52.6664588750503,172.12324179504353
gpu,Nvidia,x70,GeForce RTX 3070,GeForce RTX 4070,2020-10-29,2023-04-13,2.45,20.040080160320638,63.59606193752065,36.28453239870251,36.05272096055651,19.524582584311133
gpu,Nvidia,x70,GeForce RTX 4070,GeForce RTX 5070,2023-04-13,2025-03-04,1.89,-8.347245409015025,18.290353487504074,29.063609724981674,28.833291543212837,14.988475206225749
gpu,AMD,top,Radeon RX 5700 XT,Radeon RX 6900 XT,2019-07-07,2020-12-08,1.42,150.37593984962405,170.88340403222438,8.190668877735252,5.792625652438277,-5.657554211993421
gpu,AMD,top,Radeon RX 6900 XT,Radeon RX 7900 XTX,2020-12-08,2022-12-13,2.01,0.0,66.27066055461188,66.27066055461188,51.07055546614028,166.66666666666669
gpu,AMD,top,Radeon RX 7900 XTX,Radeon RX 9070 XT,2022-12-13,2025-03-06,2.23,-40.04004004004004,-24.245544346256874,26.341738227194277,,32.08684395868113
