kind,vendor,tier,family,model,release_date,launch_price_usd,cores,fp32_gflops,blender_device,blender_score,blender_backend,blender_runs,blender_score_alt,blender_backend_alt,blender_runs_alt,score_per_100usd,score_alt_per_100usd,fp32_gflops_per_usd,price_source_url
cpu,AMD,flagship,Ryzen 3000 (Zen 2),3950X,2019-11-25,749.0,16.0,,AMD Ryzen 9 3950X 16-Core Processor,353.25300103987735,CPU,47,332.1312881877655,CPU,33,47.16328451800766,44.34329615323972,,https://en.wikipedia.org/w/index.php?title=List_of_AMD_Ryzen_processors&oldid=1376710910
cpu,AMD,flagship,Ryzen 5000 (Zen 3),5950X,2020-11-05,799.0,16.0,,AMD Ryzen 9 5950X 16-Core Processor,391.43068063633007,CPU,490,374.7410213532045,CPU,456,48.990072670379234,46.90125423694674,,https://en.wikipedia.org/w/index.php?title=List_of_AMD_Ryzen_processors&oldid=1376710910
cpu,AMD,flagship,Ryzen 7000 (Zen 4),7950X,2022-09-27,699.0,16.0,,AMD Ryzen 9 7950X 16-Core Processor,550.7287959840559,CPU,246,530.4298483366185,CPU,552,78.78809670730413,75.88409847448048,,https://en.wikipedia.org/w/index.php?title=List_of_AMD_Ryzen_processors&oldid=1376710910
cpu,AMD,flagship,Ryzen 9000 (Zen 5),9950X,2024-08-15,649.0,16.0,,AMD Ryzen 9 9950X 16-Core Processor,625.3669498143579,CPU,624,601.3487856604421,CPU,390,96.35854388510907,92.65774817572297,,https://en.wikipedia.org/w/index.php?title=List_of_AMD_Ryzen_processors&oldid=1376710910
cpu,AMD,8-core,Ryzen 3000 (Zen 2),3700X,2019-07-07,329.0,8.0,,AMD Ryzen 7 3700X 8-Core Processor,173.72269064072046,CPU,105,165.0076810126422,CPU,106,52.803249434869436,50.15431033818911,,https://en.wikipedia.org/w/index.php?title=List_of_AMD_Ryzen_processors&oldid=1376710910
cpu,AMD,8-core,Ryzen 5000 (Zen 3),5800X,2020-11-05,449.0,8.0,,AMD Ryzen 7 5800X 8-Core Processor,207.20266386579615,CPU,323,195.4930368389704,CPU,258,46.14758660708155,43.53965185723172,,https://en.wikipedia.org/w/index.php?title=List_of_AMD_Ryzen_processors&oldid=1376710910
cpu,AMD,8-core,Ryzen 7000 (Zen 4),7700X,2022-09-27,399.0,8.0,,AMD Ryzen 7 7700X 8-Core Processor,279.0416350229699,CPU,134,263.7640732363217,CPU,174,69.93524687292478,66.10628401912824,,https://en.wikipedia.org/w/index.php?title=List_of_AMD_Ryzen_processors&oldid=1376710910
cpu,AMD,8-core,Ryzen 9000 (Zen 5),9700X,2024-08-08,359.0,8.0,,AMD Ryzen 7 9700X 8-Core Processor,309.29725789809453,CPU,439,298.405918049806,CPU,136,86.15522504125195,83.12142564061449,,https://en.wikipedia.org/w/index.php?title=List_of_AMD_Ryzen_processors&oldid=1376710910
cpu,Intel,flagship,Core 10th gen (Comet Lake),10900K,2020-04-30,488.0,10.0,,Intel Core i9-10900K CPU @ 3.70GHz,239.18012603022575,CPU,29,217.5124933129969,CPU,24,49.01232090783314,44.572232236269855,,https://en.wikipedia.org/w/index.php?title=Comet_Lake&oldid=1370488598
cpu,Intel,flagship,Core 11th gen (Rocket Lake),11900K,2021-03-16,539.0,8.0,,Intel Core i9-11900K @ 3.50GHz,228.28250743483892,CPU,19,186.66017970514343,CPU,23,42.35296983948774,34.6308311141268,,https://en.wikipedia.org/w/index.php?title=Rocket_Lake&oldid=1359904771
cpu,Intel,flagship,Core 12th gen (Alder Lake),12900K,2021-11-04,589.0,16.0,,Intel Core i9-12900K,353.56474998716385,CPU,68,349.28342929372167,CPU,103,60.02797113534191,59.30109156090351,,https://en.wikipedia.org/w/index.php?title=Alder_Lake&oldid=1369487491
cpu,Intel,flagship,Core 13th gen (Raptor Lake),13900K,2022-10-20,589.0,24.0,,13th Gen Intel Core i9-13900K,484.8092324199575,CPU,82,482.4233972029309,CPU,253,82.31056577588413,81.90550037401204,,https://en.wikipedia.org/w/index.php?title=Raptor_Lake&oldid=1376695055
cpu,Intel,flagship,Core 14th gen (Raptor Lake Refresh),14900K,2023-10-17,589.0,24.0,,Intel Core i9-14900K,507.5390757143576,CPU,275,479.29816668068656,CPU,243,86.16962236236971,81.37490096446291,,https://en.wikipedia.org/w/index.php?title=Raptor_Lake&oldid=1376695055
cpu,Intel,flagship,Core Ultra 200S (Arrow Lake),285K,2024-10-24,589.0,24.0,,Intel Core Ultra 9 285K,562.042995494799,CPU,279,557.2072053241419,CPU,67,95.4232589974192,94.60224199051646,,https://en.wikipedia.org/w/index.php?title=Arrow_Lake_(microprocessor)&oldid=1376121424
cpu,Intel,i7-class,Core 10th gen (Comet Lake),10700K,2020-04-30,374.0,8.0,,Intel Core i7-10700K CPU @ 3.80GHz,180.4992057291872,CPU,40,168.5600111238101,CPU,35,48.261819713686414,45.06952169085832,,https://en.wikipedia.org/w/index.php?title=Comet_Lake&oldid=1370488598
cpu,Intel,i7-class,Core 11th gen (Rocket Lake),11700K,2021-03-16,399.0,8.0,,Intel Core i7-11700K @ 3.60GHz,198.45762374015132,CPU,18,179.66946965549974,CPU,27,49.73875281708053,45.029942269548805,,https://en.wikipedia.org/w/index.php?title=Rocket_Lake&oldid=1359904771
cpu,Intel,i7-class,Core 12th gen (Alder Lake),12700K,2021-11-04,409.0,12.0,,Intel Core i7-12700K,285.7752555109842,CPU,119,277.10743663995936,CPU,141,69.87170061393257,67.75242949632259,,https://en.wikipedia.org/w/index.php?title=Alder_Lake&oldid=1369487491
cpu,Intel,i7-class,Core 13th gen (Raptor Lake),13700K,2022-10-20,409.0,16.0,,13th Gen Intel Core i7-13700K,386.7052687411299,CPU,122,377.7085052811432,CPU,226,94.54896546237894,92.34926779490054,,https://en.wikipedia.org/w/index.php?title=Raptor_Lake&oldid=1376695055
cpu,Intel,i7-class,Core 14th gen (Raptor Lake Refresh),14700K,2023-10-17,409.0,20.0,,Intel Core i7-14700K,441.6112420537031,CPU,106,432.87116155554696,CPU,149,107.97340881508633,105.83646981798213,,https://en.wikipedia.org/w/index.php?title=Raptor_Lake&oldid=1376695055
cpu,Intel,i7-class,Core Ultra 200S (Arrow Lake),265K,2024-10-24,394.0,20.0,,Intel Core Ultra 7 265K,478.0415362058855,CPU,279,464.3745053349359,CPU,38,121.33033913854962,117.8615495773949,,https://en.wikipedia.org/w/index.php?title=Arrow_Lake_(microprocessor)&oldid=1376121424
cpu,Intel,i7-class,Core Ultra 200S Plus (Arrow Lake Refresh),270K Plus,2026-03-26,299.0,24.0,,Intel Core Ultra 7 270K Plus,611.1243963402596,CPU,20,,,0,204.38943021413368,,,https://en.wikipedia.org/w/index.php?title=Arrow_Lake_(microprocessor)&oldid=1376121424
gpu,Nvidia,halo (x80 Ti/x90),GeForce 10 (Pascal),GeForce GTX 1080 Ti,2017-03-05,699.0,,11339.78,NVIDIA GeForce GTX 1080 Ti,821.2566571658813,OPTIX,63,819.2852893923962,OPTIX,68,117.49022277051236,117.2081959073528,16.22286123032904,https://en.wikipedia.org/w/index.php?title=List_of_Nvidia_graphics_processing_units&oldid=1377107724
gpu,Nvidia,halo (x80 Ti/x90),GeForce RTX 20 (Turing),GeForce RTX 2080 Ti,2018-09-20,999.0,,13448.0,NVIDIA GeForce RTX 2080 Ti,2837.6182321069678,OPTIX,136,2798.3139249098467,OPTIX,111,284.04586907977654,280.11150399497967,13.461461461461461,https://en.wikipedia.org/w/index.php?title=List_of_Nvidia_graphics_processing_units&oldid=1377107724
gpu,Nvidia,halo (x80 Ti/x90),GeForce RTX 30 (Ampere),GeForce RTX 3090,2020-09-24,1499.0,,35581.0,NVIDIA GeForce RTX 3090,5411.679940351558,OPTIX,629,5333.379025773084,OPTIX,357,361.01934225160494,355.7957989174839,23.736490993995996,https://en.wikipedia.org/w/index.php?title=List_of_Nvidia_graphics_processing_units&oldid=1377107724
gpu,Nvidia,halo (x80 Ti/x90),GeForce RTX 40 (Ada Lovelace),GeForce RTX 4090,2022-10-12,1599.0,,82575.0,NVIDIA GeForce RTX 4090,11062.10579797403,OPTIX,526,10893.510692705531,OPTIX,797,691.8139961209525,681.2702121767061,51.64165103189494,https://en.wikipedia.org/w/index.php?title=List_of_Nvidia_graphics_processing_units&oldid=1377107724
gpu,Nvidia,halo (x80 Ti/x90),GeForce RTX 50 (Blackwell),GeForce RTX 5090,2025-01-30,1999.0,,104753.0,NVIDIA GeForce RTX 5090,14965.979744308945,OPTIX,1553,,,4,748.673323877386,,52.402701350675336,https://en.wikipedia.org/w/index.php?title=List_of_Nvidia_graphics_processing_units&oldid=1377107724
gpu,Nvidia,x80,GeForce 10 (Pascal),GeForce GTX 1080,2016-05-27,599.0,,8872.96,NVIDIA GeForce GTX 1080,584.8984501855768,OPTIX,81,575.1023423219251,OPTIX,92,97.64581806103119,96.01040773320953,14.81295492487479,https://en.wikipedia.org/w/index.php?title=List_of_Nvidia_graphics_processing_units&oldid=1377107724
gpu,Nvidia,x80,GeForce RTX 20 (Turing),GeForce RTX 2080,2018-09-20,699.0,,10068.0,NVIDIA GeForce RTX 2080,2279.5119793919644,OPTIX,41,2236.008796558114,OPTIX,31,326.1104405424842,319.8868092357817,14.40343347639485,https://en.wikipedia.org/w/index.php?title=List_of_Nvidia_graphics_processing_units&oldid=1377107724
gpu,Nvidia,x80,GeForce RTX 30 (Ampere),GeForce RTX 3080,2020-09-17,699.0,,29768.0,NVIDIA GeForce RTX 3080,4529.173085736693,OPTIX,579,4459.374284959758,OPTIX,410,647.9503699194124,637.9648476337279,42.5865522174535,https://en.wikipedia.org/w/index.php?title=List_of_Nvidia_graphics_processing_units&oldid=1377107724
gpu,Nvidia,x80,GeForce RTX 40 (Ada Lovelace),GeForce RTX 4080,2022-11-16,1199.0,,48737.0,NVIDIA GeForce RTX 4080,8388.140795012858,OPTIX,219,8272.381569998506,OPTIX,214,699.5947285248421,689.9400809006261,40.648040033361134,https://en.wikipedia.org/w/index.php?title=List_of_Nvidia_graphics_processing_units&oldid=1377107724
gpu,Nvidia,x80,GeForce RTX 50 (Blackwell),GeForce RTX 5080,2025-01-30,999.0,,56276.0,NVIDIA GeForce RTX 5080,9138.170928083007,OPTIX,1431,8864.895643013522,OPTIX,22,914.7318246329336,887.3769412425949,56.332332332332335,https://en.wikipedia.org/w/index.php?title=List_of_Nvidia_graphics_processing_units&oldid=1377107724
gpu,Nvidia,x70,GeForce 10 (Pascal),GeForce GTX 1070,2016-06-10,379.0,,6462.72,NVIDIA GeForce GTX 1070,520.6286992025944,OPTIX,78,534.1129845790255,OPTIX,92,137.36904992152884,140.92690885990118,17.05203166226913,https://en.wikipedia.org/w/index.php?title=List_of_Nvidia_graphics_processing_units&oldid=1377107724
gpu,Nvidia,x70,GeForce RTX 20 (Turing),GeForce RTX 2070,2018-10-17,499.0,,7465.0,NVIDIA GeForce RTX 2070,2105.4001226542982,OPTIX,66,2060.0246869930825,OPTIX,72,421.9238722754104,412.83059859580817,14.959919839679358,https://en.wikipedia.org/w/index.php?title=List_of_Nvidia_graphics_processing_units&oldid=1377107724
gpu,Nvidia,x70,GeForce RTX 30 (Ampere),GeForce RTX 3070,2020-10-29,499.0,,20314.0,NVIDIA GeForce RTX 3070,3190.149424104321,OPTIX,312,3144.966741584178,OPTIX,300,639.3085018245133,630.2538560288934,40.70941883767535,https://en.wikipedia.org/w/index.php?title=List_of_Nvidia_graphics_processing_units&oldid=1377107724
gpu,Nvidia,x70,GeForce RTX 40 (Ada Lovelace),GeForce RTX 4070,2023-04-13,599.0,,29146.0,NVIDIA GeForce RTX 4070,5218.958827757164,OPTIX,262,5136.290345315967,OPTIX,339,871.2786022966885,857.4775200861379,48.657762938230384,https://en.wikipedia.org/w/index.php?title=List_of_Nvidia_graphics_processing_units&oldid=1377107724
gpu,Nvidia,x70,GeForce RTX 50 (Blackwell),GeForce RTX 5070,2025-03-04,549.0,,30717.0,NVIDIA GeForce RTX 5070,6173.524845721248,OPTIX,914,6064.893658401769,OPTIX,9,1124.5036148854733,1104.7165133700855,55.950819672131146,https://en.wikipedia.org/w/index.php?title=List_of_Nvidia_graphics_processing_units&oldid=1377107724
gpu,AMD,top,Radeon RX 5000 (RDNA),Radeon RX 5700 XT,2019-07-07,399.0,,9754.0,AMD Radeon RX 5700 XT,961.0867998827234,HIP,51,1047.6585112127295,HIP,48,240.87388468238683,262.5710554417869,24.44611528822055,https://en.wikipedia.org/w/index.php?title=List_of_AMD_graphics_processing_units&oldid=1376670003
gpu,AMD,top,Radeon RX 6000 (RDNA 2),Radeon RX 6900 XT,2020-12-08,999.0,,23040.0,AMD Radeon RX 6900 XT,2603.424639226693,HIP,56,2775.030329414306,HIP,72,260.603066989659,277.78081375518576,23.063063063063062,https://en.wikipedia.org/w/index.php?title=List_of_AMD_graphics_processing_units&oldid=1376670003
gpu,AMD,top,Radeon RX 7000 (RDNA 3),Radeon RX 7900 XTX,2022-12-13,999.0,,61440.0,AMD Radeon RX 7900 XTX,4328.731344683744,HIP,223,4192.253733000054,HIP,216,433.3064409092837,419.6450183183237,61.5015015015015,https://en.wikipedia.org/w/index.php?title=List_of_AMD_graphics_processing_units&oldid=1376670003
gpu,AMD,top,Radeon RX 9000 (RDNA 4),Radeon RX 9070 XT,2025-03-06,599.0,,48660.0,AMD Radeon RX 9070 XT,3279.2068668781253,HIP,676,,,0,547.4468892951795,,81.23539232053422,https://en.wikipedia.org/w/index.php?title=List_of_AMD_graphics_processing_units&oldid=1376670003
