fiscal_year,fiscal_quarter,period,period_end,company,release_date,source_type,source_url,metric,label,guidance_for,basis,mid,plus_minus,low,high,unit,text
2019,Q4,FQ4-FY2019,,MU,2019-09-26,press_release_8-K_ex99.1,https://www.sec.gov/Archives/edgar/data/723125/000072312519000068/a2019q4exhibit991-pressrel.htm,revenue,guidance,FQ1-FY2020,GAAP,5000.0,200.0,4800.0,5200.0,USD mn,Revenue $5.0 billion ± $200 million
2019,Q4,FQ4-FY2019,,MU,2019-09-26,press_release_8-K_ex99.1,https://www.sec.gov/Archives/edgar/data/723125/000072312519000068/a2019q4exhibit991-pressrel.htm,gross_margin_pct,guidance,FQ1-FY2020,GAAP,25.5,1.5,24.0,27.0,pct,Gross margin 25.5% ± 1.5% 26.5% ± 1.5%
2019,Q4,FQ4-FY2019,,MU,2019-09-26,press_release_8-K_ex99.1,https://www.sec.gov/Archives/edgar/data/723125/000072312519000068/a2019q4exhibit991-pressrel.htm,gross_margin_pct,guidance,FQ1-FY2020,non-GAAP,26.5,1.5,25.0,28.0,pct,Gross margin 25.5% ± 1.5% 26.5% ± 1.5%
2019,Q4,FQ4-FY2019,,MU,2019-09-26,press_release_8-K_ex99.1,https://www.sec.gov/Archives/edgar/data/723125/000072312519000068/a2019q4exhibit991-pressrel.htm,diluted_eps,guidance,FQ1-FY2020,GAAP,0.42,0.07,0.35,0.49,USD,Diluted earnings per share $0.42 ± $0.07 $0.46 ± $0.07
2019,Q4,FQ4-FY2019,,MU,2019-09-26,press_release_8-K_ex99.1,https://www.sec.gov/Archives/edgar/data/723125/000072312519000068/a2019q4exhibit991-pressrel.htm,diluted_eps,guidance,FQ1-FY2020,non-GAAP,0.46,0.07,0.39,0.53,USD,Diluted earnings per share $0.42 ± $0.07 $0.46 ± $0.07
2020,Q1,FQ1-FY2020,2019-11-28,MU,2019-12-18,press_release_8-K_ex99.1,https://www.sec.gov/Archives/edgar/data/723125/000072312519000172/a2020q1exhibit991-pres.htm,revenue,guidance,FQ2-FY2020,GAAP,4650.0,150.0,4500.0,4800.0,USD mn,Revenue $4.5 billion - $4.8 billion
2020,Q1,FQ1-FY2020,2019-11-28,MU,2019-12-18,press_release_8-K_ex99.1,https://www.sec.gov/Archives/edgar/data/723125/000072312519000172/a2020q1exhibit991-pres.htm,gross_margin_pct,guidance,FQ2-FY2020,GAAP,26.0,1.5,24.5,27.5,pct,Gross margin 26% ± 1.5% 27% ± 1.5%
2020,Q1,FQ1-FY2020,2019-11-28,MU,2019-12-18,press_release_8-K_ex99.1,https://www.sec.gov/Archives/edgar/data/723125/000072312519000172/a2020q1exhibit991-pres.htm,gross_margin_pct,guidance,FQ2-FY2020,non-GAAP,27.0,1.5,25.5,28.5,pct,Gross margin 26% ± 1.5% 27% ± 1.5%
2020,Q1,FQ1-FY2020,2019-11-28,MU,2019-12-18,press_release_8-K_ex99.1,https://www.sec.gov/Archives/edgar/data/723125/000072312519000172/a2020q1exhibit991-pres.htm,diluted_eps,guidance,FQ2-FY2020,GAAP,0.25,0.06,0.19,0.31,USD,Diluted earnings per share $0.25 ± $0.06 $0.35 ± $0.06
2020,Q1,FQ1-FY2020,2019-11-28,MU,2019-12-18,press_release_8-K_ex99.1,https://www.sec.gov/Archives/edgar/data/723125/000072312519000172/a2020q1exhibit991-pres.htm,diluted_eps,guidance,FQ2-FY2020,non-GAAP,0.35,0.06,0.29,0.41,USD,Diluted earnings per share $0.25 ± $0.06 $0.35 ± $0.06
2020,Q2,FQ2-FY2020,2020-02-27,MU,2020-03-25,press_release_8-K_ex99.1,https://www.sec.gov/Archives/edgar/data/723125/000072312520000030/a2020q2exhibit991-pres.htm,revenue,guidance,FQ3-FY2020,GAAP,4900.0,300.0,4600.0,5200.0,USD mn,Revenue $4.6 billion - $5.2 billion
2020,Q2,FQ2-FY2020,2020-02-27,MU,2020-03-25,press_release_8-K_ex99.1,https://www.sec.gov/Archives/edgar/data/723125/000072312520000030/a2020q2exhibit991-pres.htm,gross_margin_pct,guidance,FQ3-FY2020,GAAP,30.0,1.5,28.5,31.5,pct,Gross margin 30% ± 1.5% 31% ±1.5%
2020,Q2,FQ2-FY2020,2020-02-27,MU,2020-03-25,press_release_8-K_ex99.1,https://www.sec.gov/Archives/edgar/data/723125/000072312520000030/a2020q2exhibit991-pres.htm,gross_margin_pct,guidance,FQ3-FY2020,non-GAAP,31.0,1.5,29.5,32.5,pct,Gross margin 30% ± 1.5% 31% ±1.5%
2020,Q2,FQ2-FY2020,2020-02-27,MU,2020-03-25,press_release_8-K_ex99.1,https://www.sec.gov/Archives/edgar/data/723125/000072312520000030/a2020q2exhibit991-pres.htm,diluted_eps,guidance,FQ3-FY2020,GAAP,0.41,0.15,0.26,0.5599999999999999,USD,Diluted earnings per share $0.41 ± $0.15 $0.55 ± $0.15
2020,Q2,FQ2-FY2020,2020-02-27,MU,2020-03-25,press_release_8-K_ex99.1,https://www.sec.gov/Archives/edgar/data/723125/000072312520000030/a2020q2exhibit991-pres.htm,diluted_eps,guidance,FQ3-FY2020,non-GAAP,0.55,0.15,0.4,0.7000000000000001,USD,Diluted earnings per share $0.41 ± $0.15 $0.55 ± $0.15
2020,Q3,FQ3-FY2020,2020-05-28,MU,2020-06-29,press_release_8-K_ex99.1,https://www.sec.gov/Archives/edgar/data/723125/000072312520000063/a2020q3exhibit991-pres.htm,revenue,guidance,FQ4-FY2020,GAAP,6000.0,250.0,5750.0,6250.0,USD mn,Revenue $5.75 billion - $6.25 billion
2020,Q3,FQ3-FY2020,2020-05-28,MU,2020-06-29,press_release_8-K_ex99.1,https://www.sec.gov/Archives/edgar/data/723125/000072312520000063/a2020q3exhibit991-pres.htm,gross_margin_pct,guidance,FQ4-FY2020,GAAP,34.5,1.5,33.0,36.0,pct,Gross margin 34.5% ± 1.5% 35.5% ± 1.5%
2020,Q3,FQ3-FY2020,2020-05-28,MU,2020-06-29,press_release_8-K_ex99.1,https://www.sec.gov/Archives/edgar/data/723125/000072312520000063/a2020q3exhibit991-pres.htm,gross_margin_pct,guidance,FQ4-FY2020,non-GAAP,35.5,1.5,34.0,37.0,pct,Gross margin 34.5% ± 1.5% 35.5% ± 1.5%
2020,Q3,FQ3-FY2020,2020-05-28,MU,2020-06-29,press_release_8-K_ex99.1,https://www.sec.gov/Archives/edgar/data/723125/000072312520000063/a2020q3exhibit991-pres.htm,diluted_eps,guidance,FQ4-FY2020,GAAP,0.88,0.1,0.78,0.98,USD,Diluted earnings per share $0.88 ± $0.10 $1.05 ± $0.10
2020,Q3,FQ3-FY2020,2020-05-28,MU,2020-06-29,press_release_8-K_ex99.1,https://www.sec.gov/Archives/edgar/data/723125/000072312520000063/a2020q3exhibit991-pres.htm,diluted_eps,guidance,FQ4-FY2020,non-GAAP,1.05,0.1,0.9500000000000001,1.1500000000000001,USD,Diluted earnings per share $0.88 ± $0.10 $1.05 ± $0.10
2020,Q4,FQ4-FY2020,,MU,2020-09-29,press_release_8-K_ex99.1,https://www.sec.gov/Archives/edgar/data/723125/000072312520000079/a2020q4exhibit991-pres.htm,revenue,guidance,FQ1-FY2021,GAAP,5200.0,200.0,5000.0,5400.0,USD mn,Revenue $5.2 billion ± $200 million
2020,Q4,FQ4-FY2020,,MU,2020-09-29,press_release_8-K_ex99.1,https://www.sec.gov/Archives/edgar/data/723125/000072312520000079/a2020q4exhibit991-pres.htm,gross_margin_pct,guidance,FQ1-FY2021,GAAP,26.5,1.0,25.5,27.5,pct,Gross margin 26.5% ± 1% 27.5% ± 1%
2020,Q4,FQ4-FY2020,,MU,2020-09-29,press_release_8-K_ex99.1,https://www.sec.gov/Archives/edgar/data/723125/000072312520000079/a2020q4exhibit991-pres.htm,gross_margin_pct,guidance,FQ1-FY2021,non-GAAP,27.5,1.0,26.5,28.5,pct,Gross margin 26.5% ± 1% 27.5% ± 1%
2020,Q4,FQ4-FY2020,,MU,2020-09-29,press_release_8-K_ex99.1,https://www.sec.gov/Archives/edgar/data/723125/000072312520000079/a2020q4exhibit991-pres.htm,diluted_eps,guidance,FQ1-FY2021,GAAP,0.39,0.07,0.32,0.46,USD,Diluted earnings per share $0.39 ± $0.07 $0.47 ± $0.07
2020,Q4,FQ4-FY2020,,MU,2020-09-29,press_release_8-K_ex99.1,https://www.sec.gov/Archives/edgar/data/723125/000072312520000079/a2020q4exhibit991-pres.htm,diluted_eps,guidance,FQ1-FY2021,non-GAAP,0.47,0.07,0.39999999999999997,0.54,USD,Diluted earnings per share $0.39 ± $0.07 $0.47 ± $0.07
2021,Q1,FQ1-FY2021,,MU,2021-01-07,press_release_8-K_ex99.1,https://www.sec.gov/Archives/edgar/data/723125/000072312521000009/a2021q1ex991-pressrelease.htm,revenue,guidance,FQ2-FY2021,GAAP,5800.0,200.0,5600.0,6000.0,USD mn,Revenue $5.8 billion ± $200 million
2021,Q1,FQ1-FY2021,,MU,2021-01-07,press_release_8-K_ex99.1,https://www.sec.gov/Archives/edgar/data/723125/000072312521000009/a2021q1ex991-pressrelease.htm,gross_margin_pct,guidance,FQ2-FY2021,GAAP,25.0,1.0,24.0,26.0,pct,Gross margin 25% ± 1% 31% ± 1%
2021,Q1,FQ1-FY2021,,MU,2021-01-07,press_release_8-K_ex99.1,https://www.sec.gov/Archives/edgar/data/723125/000072312521000009/a2021q1ex991-pressrelease.htm,gross_margin_pct,guidance,FQ2-FY2021,non-GAAP,31.0,1.0,30.0,32.0,pct,Gross margin 25% ± 1% 31% ± 1%
2021,Q1,FQ1-FY2021,,MU,2021-01-07,press_release_8-K_ex99.1,https://www.sec.gov/Archives/edgar/data/723125/000072312521000009/a2021q1ex991-pressrelease.htm,diluted_eps,guidance,FQ2-FY2021,GAAP,0.41,0.07,0.33999999999999997,0.48,USD,Diluted earnings per share $0.41 ± $0.07 $0.75 ± $0.07
2021,Q1,FQ1-FY2021,,MU,2021-01-07,press_release_8-K_ex99.1,https://www.sec.gov/Archives/edgar/data/723125/000072312521000009/a2021q1ex991-pressrelease.htm,diluted_eps,guidance,FQ2-FY2021,non-GAAP,0.75,0.07,0.6799999999999999,0.8200000000000001,USD,Diluted earnings per share $0.41 ± $0.07 $0.75 ± $0.07
2021,Q2,FQ2-FY2021,2021-03-04,MU,2021-03-31,press_release_8-K_ex99.1,https://www.sec.gov/Archives/edgar/data/723125/000072312521000028/a2021q2ex991-pressrelease.htm,revenue,guidance,FQ3-FY2021,GAAP,7100.0,200.0,6900.0,7300.0,USD mn,Revenue $7.1 billion ± $200 million
2021,Q2,FQ2-FY2021,2021-03-04,MU,2021-03-31,press_release_8-K_ex99.1,https://www.sec.gov/Archives/edgar/data/723125/000072312521000028/a2021q2ex991-pressrelease.htm,gross_margin_pct,guidance,FQ3-FY2021,GAAP,40.5,1.0,39.5,41.5,pct,Gross margin 40.5% ± 1% 41.5% ± 1%
2021,Q2,FQ2-FY2021,2021-03-04,MU,2021-03-31,press_release_8-K_ex99.1,https://www.sec.gov/Archives/edgar/data/723125/000072312521000028/a2021q2ex991-pressrelease.htm,gross_margin_pct,guidance,FQ3-FY2021,non-GAAP,41.5,1.0,40.5,42.5,pct,Gross margin 40.5% ± 1% 41.5% ± 1%
2021,Q2,FQ2-FY2021,2021-03-04,MU,2021-03-31,press_release_8-K_ex99.1,https://www.sec.gov/Archives/edgar/data/723125/000072312521000028/a2021q2ex991-pressrelease.htm,diluted_eps,guidance,FQ3-FY2021,GAAP,1.52,0.07,1.45,1.59,USD,Diluted earnings per share $1.52 ± $0.07 $1.62 ± $0.07
2021,Q2,FQ2-FY2021,2021-03-04,MU,2021-03-31,press_release_8-K_ex99.1,https://www.sec.gov/Archives/edgar/data/723125/000072312521000028/a2021q2ex991-pressrelease.htm,diluted_eps,guidance,FQ3-FY2021,non-GAAP,1.62,0.07,1.55,1.6900000000000002,USD,Diluted earnings per share $1.52 ± $0.07 $1.62 ± $0.07
2021,Q3,FQ3-FY2021,2021-06-03,MU,2021-06-30,press_release_8-K_ex99.1,https://www.sec.gov/Archives/edgar/data/723125/000072312521000049/a2021q3ex991-pressrelease.htm,revenue,guidance,FQ4-FY2021,GAAP,8200.0,200.0,8000.0,8400.0,USD mn,Revenue $8.2 billion ± $200 million
2021,Q3,FQ3-FY2021,2021-06-03,MU,2021-06-30,press_release_8-K_ex99.1,https://www.sec.gov/Archives/edgar/data/723125/000072312521000049/a2021q3ex991-pressrelease.htm,gross_margin_pct,guidance,FQ4-FY2021,GAAP,46.0,1.0,45.0,47.0,pct,Gross margin 46.0% ± 1% 47.0% ± 1%
2021,Q3,FQ3-FY2021,2021-06-03,MU,2021-06-30,press_release_8-K_ex99.1,https://www.sec.gov/Archives/edgar/data/723125/000072312521000049/a2021q3ex991-pressrelease.htm,gross_margin_pct,guidance,FQ4-FY2021,non-GAAP,47.0,1.0,46.0,48.0,pct,Gross margin 46.0% ± 1% 47.0% ± 1%
2021,Q3,FQ3-FY2021,2021-06-03,MU,2021-06-30,press_release_8-K_ex99.1,https://www.sec.gov/Archives/edgar/data/723125/000072312521000049/a2021q3ex991-pressrelease.htm,diluted_eps,guidance,FQ4-FY2021,GAAP,2.23,0.1,2.13,2.33,USD,Diluted earnings per share $2.23 ± $0.10 $2.30 ± $0.10
2021,Q3,FQ3-FY2021,2021-06-03,MU,2021-06-30,press_release_8-K_ex99.1,https://www.sec.gov/Archives/edgar/data/723125/000072312521000049/a2021q3ex991-pressrelease.htm,diluted_eps,guidance,FQ4-FY2021,non-GAAP,2.3,0.1,2.1999999999999997,2.4,USD,Diluted earnings per share $2.23 ± $0.10 $2.30 ± $0.10
2021,Q4,FQ4-FY2021,,MU,2021-09-28,press_release_8-K_ex99.1,https://www.sec.gov/Archives/edgar/data/723125/000072312521000060/a2021q4ex991-pressrelease.htm,revenue,guidance,FQ1-FY2022,GAAP,7650.0,200.0,7450.0,7850.0,USD mn,Revenue $7.65 billion ± $200 million
2021,Q4,FQ4-FY2021,,MU,2021-09-28,press_release_8-K_ex99.1,https://www.sec.gov/Archives/edgar/data/723125/000072312521000060/a2021q4ex991-pressrelease.htm,gross_margin_pct,guidance,FQ1-FY2022,GAAP,46.0,1.0,45.0,47.0,pct,Gross margin 46.0% ± 1% 47.0% ± 1%
2021,Q4,FQ4-FY2021,,MU,2021-09-28,press_release_8-K_ex99.1,https://www.sec.gov/Archives/edgar/data/723125/000072312521000060/a2021q4ex991-pressrelease.htm,gross_margin_pct,guidance,FQ1-FY2022,non-GAAP,47.0,1.0,46.0,48.0,pct,Gross margin 46.0% ± 1% 47.0% ± 1%
2021,Q4,FQ4-FY2021,,MU,2021-09-28,press_release_8-K_ex99.1,https://www.sec.gov/Archives/edgar/data/723125/000072312521000060/a2021q4ex991-pressrelease.htm,diluted_eps,guidance,FQ1-FY2022,GAAP,2.0,0.1,1.9,2.1,USD,Diluted earnings per share $2.00 ± $0.10 $2.10 ± $0.10
2021,Q4,FQ4-FY2021,,MU,2021-09-28,press_release_8-K_ex99.1,https://www.sec.gov/Archives/edgar/data/723125/000072312521000060/a2021q4ex991-pressrelease.htm,diluted_eps,guidance,FQ1-FY2022,non-GAAP,2.1,0.1,2.0,2.2,USD,Diluted earnings per share $2.00 ± $0.10 $2.10 ± $0.10
2022,Q1,FQ1-FY2022,,MU,2021-12-20,press_release_8-K_ex99.1,https://www.sec.gov/Archives/edgar/data/723125/000072312521000086/a2022q1ex991-pressrelease.htm,revenue,guidance,FQ2-FY2022,GAAP,7500.0,200.0,7300.0,7700.0,USD mn,Revenue $7.5 billion ± $200 million
2022,Q1,FQ1-FY2022,,MU,2021-12-20,press_release_8-K_ex99.1,https://www.sec.gov/Archives/edgar/data/723125/000072312521000086/a2022q1ex991-pressrelease.htm,gross_margin_pct,guidance,FQ2-FY2022,GAAP,45.0,1.0,44.0,46.0,pct,Gross margin 45.0% ± 1% 46.0% ± 1%
2022,Q1,FQ1-FY2022,,MU,2021-12-20,press_release_8-K_ex99.1,https://www.sec.gov/Archives/edgar/data/723125/000072312521000086/a2022q1ex991-pressrelease.htm,gross_margin_pct,guidance,FQ2-FY2022,non-GAAP,46.0,1.0,45.0,47.0,pct,Gross margin 45.0% ± 1% 46.0% ± 1%
2022,Q1,FQ1-FY2022,,MU,2021-12-20,press_release_8-K_ex99.1,https://www.sec.gov/Archives/edgar/data/723125/000072312521000086/a2022q1ex991-pressrelease.htm,diluted_eps,guidance,FQ2-FY2022,GAAP,1.83,0.1,1.73,1.9300000000000002,USD,Diluted earnings per share $1.83 ± $0.10 $1.95 ± $0.10
2022,Q1,FQ1-FY2022,,MU,2021-12-20,press_release_8-K_ex99.1,https://www.sec.gov/Archives/edgar/data/723125/000072312521000086/a2022q1ex991-pressrelease.htm,diluted_eps,guidance,FQ2-FY2022,non-GAAP,1.95,0.1,1.8499999999999999,2.05,USD,Diluted earnings per share $1.83 ± $0.10 $1.95 ± $0.10
2022,Q2,FQ2-FY2022,2022-03-03,MU,2022-03-29,press_release_8-K_ex99.1,https://www.sec.gov/Archives/edgar/data/723125/000072312522000012/a2022q2ex991-pressrelease.htm,revenue,guidance,FQ3-FY2022,GAAP,8700.0,200.0,8500.0,8900.0,USD mn,Revenue $8.7 billion ± $200 million
2022,Q2,FQ2-FY2022,2022-03-03,MU,2022-03-29,press_release_8-K_ex99.1,https://www.sec.gov/Archives/edgar/data/723125/000072312522000012/a2022q2ex991-pressrelease.htm,gross_margin_pct,guidance,FQ3-FY2022,GAAP,47.0,1.0,46.0,48.0,pct,Gross margin 47.0% ± 1% 48.0% ± 1%
2022,Q2,FQ2-FY2022,2022-03-03,MU,2022-03-29,press_release_8-K_ex99.1,https://www.sec.gov/Archives/edgar/data/723125/000072312522000012/a2022q2ex991-pressrelease.htm,gross_margin_pct,guidance,FQ3-FY2022,non-GAAP,48.0,1.0,47.0,49.0,pct,Gross margin 47.0% ± 1% 48.0% ± 1%
2022,Q2,FQ2-FY2022,2022-03-03,MU,2022-03-29,press_release_8-K_ex99.1,https://www.sec.gov/Archives/edgar/data/723125/000072312522000012/a2022q2ex991-pressrelease.htm,diluted_eps,guidance,FQ3-FY2022,GAAP,2.33,0.1,2.23,2.43,USD,Diluted earnings per share $2.33 ± $0.10 $2.46 ± $0.10
2022,Q2,FQ2-FY2022,2022-03-03,MU,2022-03-29,press_release_8-K_ex99.1,https://www.sec.gov/Archives/edgar/data/723125/000072312522000012/a2022q2ex991-pressrelease.htm,diluted_eps,guidance,FQ3-FY2022,non-GAAP,2.46,0.1,2.36,2.56,USD,Diluted earnings per share $2.33 ± $0.10 $2.46 ± $0.10
2022,Q3,FQ3-FY2022,2022-06-02,MU,2022-06-30,press_release_8-K_ex99.1,https://www.sec.gov/Archives/edgar/data/723125/000072312522000034/a2022q3ex991-pressrelease.htm,revenue,guidance,FQ4-FY2022,GAAP,7200.0,400.0,6800.0,7600.0,USD mn,Revenue $7.2 billion ± $400 million
2022,Q3,FQ3-FY2022,2022-06-02,MU,2022-06-30,press_release_8-K_ex99.1,https://www.sec.gov/Archives/edgar/data/723125/000072312522000034/a2022q3ex991-pressrelease.htm,gross_margin_pct,guidance,FQ4-FY2022,GAAP,41.5,1.5,40.0,43.0,pct,Gross margin 41.5% ± 1.5% 42.5% ± 1.5%
2022,Q3,FQ3-FY2022,2022-06-02,MU,2022-06-30,press_release_8-K_ex99.1,https://www.sec.gov/Archives/edgar/data/723125/000072312522000034/a2022q3ex991-pressrelease.htm,gross_margin_pct,guidance,FQ4-FY2022,non-GAAP,42.5,1.5,41.0,44.0,pct,Gross margin 41.5% ± 1.5% 42.5% ± 1.5%
2022,Q3,FQ3-FY2022,2022-06-02,MU,2022-06-30,press_release_8-K_ex99.1,https://www.sec.gov/Archives/edgar/data/723125/000072312522000034/a2022q3ex991-pressrelease.htm,diluted_eps,guidance,FQ4-FY2022,GAAP,1.52,0.2,1.32,1.72,USD,Diluted earnings per share $1.52 ± $0.20 $1.63 ± $0.20
2022,Q3,FQ3-FY2022,2022-06-02,MU,2022-06-30,press_release_8-K_ex99.1,https://www.sec.gov/Archives/edgar/data/723125/000072312522000034/a2022q3ex991-pressrelease.htm,diluted_eps,guidance,FQ4-FY2022,non-GAAP,1.63,0.2,1.43,1.8299999999999998,USD,Diluted earnings per share $1.52 ± $0.20 $1.63 ± $0.20
2022,Q4,FQ4-FY2022,2022-09-01,MU,2022-09-29,press_release_8-K_ex99.1,https://www.sec.gov/Archives/edgar/data/723125/000072312522000044/a2022q4ex991-pressrelease.htm,revenue,guidance,FQ1-FY2023,GAAP,4250.0,250.0,4000.0,4500.0,USD mn,Revenue $4.25 billion ± $250 million
2022,Q4,FQ4-FY2022,2022-09-01,MU,2022-09-29,press_release_8-K_ex99.1,https://www.sec.gov/Archives/edgar/data/723125/000072312522000044/a2022q4ex991-pressrelease.htm,gross_margin_pct,guidance,FQ1-FY2023,GAAP,25.0,2.0,23.0,27.0,pct,Gross margin 25.0% ± 2.0% 26.0% ± 2.0%
2022,Q4,FQ4-FY2022,2022-09-01,MU,2022-09-29,press_release_8-K_ex99.1,https://www.sec.gov/Archives/edgar/data/723125/000072312522000044/a2022q4ex991-pressrelease.htm,gross_margin_pct,guidance,FQ1-FY2023,non-GAAP,26.0,2.0,24.0,28.0,pct,Gross margin 25.0% ± 2.0% 26.0% ± 2.0%
2022,Q4,FQ4-FY2022,2022-09-01,MU,2022-09-29,press_release_8-K_ex99.1,https://www.sec.gov/Archives/edgar/data/723125/000072312522000044/a2022q4ex991-pressrelease.htm,diluted_eps,guidance,FQ1-FY2023,GAAP,-0.09,0.1,-0.19,0.010000000000000009,USD,Diluted earnings (loss) per share ($0.09) ± $0.10 $0.04 ± $0.10
2022,Q4,FQ4-FY2022,2022-09-01,MU,2022-09-29,press_release_8-K_ex99.1,https://www.sec.gov/Archives/edgar/data/723125/000072312522000044/a2022q4ex991-pressrelease.htm,diluted_eps,guidance,FQ1-FY2023,non-GAAP,0.04,0.1,-0.060000000000000005,0.14,USD,Diluted earnings (loss) per share ($0.09) ± $0.10 $0.04 ± $0.10
2023,Q1,FQ1-FY2023,2022-12-01,MU,2022-12-21,press_release_8-K_ex99.1,https://www.sec.gov/Archives/edgar/data/723125/000072312522000070/a2023q1ex991-pressrelease.htm,revenue,guidance,FQ2-FY2023,GAAP,3800.0,200.0,3600.0,4000.0,USD mn,Revenue $3.80 billion ± $200 million
2023,Q1,FQ1-FY2023,2022-12-01,MU,2022-12-21,press_release_8-K_ex99.1,https://www.sec.gov/Archives/edgar/data/723125/000072312522000070/a2023q1ex991-pressrelease.htm,gross_margin_pct,guidance,FQ2-FY2023,GAAP,7.5,2.5,5.0,10.0,pct,Gross margin 7.5% ± 2.5% 8.5% ± 2.5%
2023,Q1,FQ1-FY2023,2022-12-01,MU,2022-12-21,press_release_8-K_ex99.1,https://www.sec.gov/Archives/edgar/data/723125/000072312522000070/a2023q1ex991-pressrelease.htm,gross_margin_pct,guidance,FQ2-FY2023,non-GAAP,8.5,2.5,6.0,11.0,pct,Gross margin 7.5% ± 2.5% 8.5% ± 2.5%
2023,Q1,FQ1-FY2023,2022-12-01,MU,2022-12-21,press_release_8-K_ex99.1,https://www.sec.gov/Archives/edgar/data/723125/000072312522000070/a2023q1ex991-pressrelease.htm,diluted_eps,guidance,FQ2-FY2023,GAAP,-0.79,0.1,-0.89,-0.6900000000000001,USD,Diluted earnings (loss) per share ($0.79) ± $0.10 ($0.62) ± $0.10
2023,Q1,FQ1-FY2023,2022-12-01,MU,2022-12-21,press_release_8-K_ex99.1,https://www.sec.gov/Archives/edgar/data/723125/000072312522000070/a2023q1ex991-pressrelease.htm,diluted_eps,guidance,FQ2-FY2023,non-GAAP,-0.62,0.1,-0.72,-0.52,USD,Diluted earnings (loss) per share ($0.79) ± $0.10 ($0.62) ± $0.10
2023,Q2,FQ2-FY2023,2023-03-02,MU,2023-03-28,press_release_8-K_ex99.1,https://www.sec.gov/Archives/edgar/data/723125/000072312523000018/a2023q2ex991-pressrelease.htm,revenue,guidance,FQ3-FY2023,GAAP,3700.0,200.0,3500.0,3900.0,USD mn,Revenue $3.70 billion ± $200 million
2023,Q2,FQ2-FY2023,2023-03-02,MU,2023-03-28,press_release_8-K_ex99.1,https://www.sec.gov/Archives/edgar/data/723125/000072312523000018/a2023q2ex991-pressrelease.htm,gross_margin_pct,guidance,FQ3-FY2023,GAAP,-23.0,2.5,-25.5,-20.5,pct,Gross margin (23.0%) ± 2.5% (21.0%) ± 2.5%
2023,Q2,FQ2-FY2023,2023-03-02,MU,2023-03-28,press_release_8-K_ex99.1,https://www.sec.gov/Archives/edgar/data/723125/000072312523000018/a2023q2ex991-pressrelease.htm,gross_margin_pct,guidance,FQ3-FY2023,non-GAAP,-21.0,2.5,-23.5,-18.5,pct,Gross margin (23.0%) ± 2.5% (21.0%) ± 2.5%
2023,Q2,FQ2-FY2023,2023-03-02,MU,2023-03-28,press_release_8-K_ex99.1,https://www.sec.gov/Archives/edgar/data/723125/000072312523000018/a2023q2ex991-pressrelease.htm,diluted_eps,guidance,FQ3-FY2023,GAAP,-1.79,0.07,-1.86,-1.72,USD,Diluted earnings (loss) per share ($1.79) ± $0.07 ($1.58) ± $0.07
2023,Q2,FQ2-FY2023,2023-03-02,MU,2023-03-28,press_release_8-K_ex99.1,https://www.sec.gov/Archives/edgar/data/723125/000072312523000018/a2023q2ex991-pressrelease.htm,diluted_eps,guidance,FQ3-FY2023,non-GAAP,-1.58,0.07,-1.6500000000000001,-1.51,USD,Diluted earnings (loss) per share ($1.79) ± $0.07 ($1.58) ± $0.07
2023,Q3,FQ3-FY2023,2023-06-01,MU,2023-06-28,press_release_8-K_ex99.1,https://www.sec.gov/Archives/edgar/data/723125/000072312523000038/a2023q3ex991-pressrelease.htm,revenue,guidance,FQ4-FY2023,GAAP,3900.0,200.0,3700.0,4100.0,USD mn,Revenue $3.90 billion ± $200 million
2023,Q3,FQ3-FY2023,2023-06-01,MU,2023-06-28,press_release_8-K_ex99.1,https://www.sec.gov/Archives/edgar/data/723125/000072312523000038/a2023q3ex991-pressrelease.htm,gross_margin_pct,guidance,FQ4-FY2023,GAAP,-12.5,2.5,-15.0,-10.0,pct,Gross margin (12.5%) ± 2.5% (10.5%) ± 2.5%
2023,Q3,FQ3-FY2023,2023-06-01,MU,2023-06-28,press_release_8-K_ex99.1,https://www.sec.gov/Archives/edgar/data/723125/000072312523000038/a2023q3ex991-pressrelease.htm,gross_margin_pct,guidance,FQ4-FY2023,non-GAAP,-10.5,2.5,-13.0,-8.0,pct,Gross margin (12.5%) ± 2.5% (10.5%) ± 2.5%
2023,Q3,FQ3-FY2023,2023-06-01,MU,2023-06-28,press_release_8-K_ex99.1,https://www.sec.gov/Archives/edgar/data/723125/000072312523000038/a2023q3ex991-pressrelease.htm,diluted_eps,guidance,FQ4-FY2023,GAAP,-1.34,0.07,-1.4100000000000001,-1.27,USD,Diluted earnings (loss) per share ($1.34) ± $0.07 ($1.19) ± $0.07
2023,Q3,FQ3-FY2023,2023-06-01,MU,2023-06-28,press_release_8-K_ex99.1,https://www.sec.gov/Archives/edgar/data/723125/000072312523000038/a2023q3ex991-pressrelease.htm,diluted_eps,guidance,FQ4-FY2023,non-GAAP,-1.19,0.07,-1.26,-1.1199999999999999,USD,Diluted earnings (loss) per share ($1.34) ± $0.07 ($1.19) ± $0.07
2023,Q4,FQ4-FY2023,2023-08-31,MU,2023-09-27,press_release_8-K_ex99.1,https://www.sec.gov/Archives/edgar/data/723125/000072312523000051/a2023q4ex991-pressrelease.htm,revenue,guidance,FQ1-FY2024,GAAP,4400.0,200.0,4200.0,4600.0,USD mn,Revenue $4.40 billion ± $200 million
2023,Q4,FQ4-FY2023,2023-08-31,MU,2023-09-27,press_release_8-K_ex99.1,https://www.sec.gov/Archives/edgar/data/723125/000072312523000051/a2023q4ex991-pressrelease.htm,gross_margin_pct,guidance,FQ1-FY2024,GAAP,-6.0,2.0,-8.0,-4.0,pct,Gross margin (6.0%) ± 2.0% (4.0%) ± 2.0%
2023,Q4,FQ4-FY2023,2023-08-31,MU,2023-09-27,press_release_8-K_ex99.1,https://www.sec.gov/Archives/edgar/data/723125/000072312523000051/a2023q4ex991-pressrelease.htm,gross_margin_pct,guidance,FQ1-FY2024,non-GAAP,-4.0,2.0,-6.0,-2.0,pct,Gross margin (6.0%) ± 2.0% (4.0%) ± 2.0%
2023,Q4,FQ4-FY2023,2023-08-31,MU,2023-09-27,press_release_8-K_ex99.1,https://www.sec.gov/Archives/edgar/data/723125/000072312523000051/a2023q4ex991-pressrelease.htm,diluted_eps,guidance,FQ1-FY2024,GAAP,-1.24,0.07,-1.31,-1.17,USD,Diluted earnings (loss) per share ($1.24) ± $0.07 ($1.07) ± $0.07
2023,Q4,FQ4-FY2023,2023-08-31,MU,2023-09-27,press_release_8-K_ex99.1,https://www.sec.gov/Archives/edgar/data/723125/000072312523000051/a2023q4ex991-pressrelease.htm,diluted_eps,guidance,FQ1-FY2024,non-GAAP,-1.07,0.07,-1.1400000000000001,-1.0,USD,Diluted earnings (loss) per share ($1.24) ± $0.07 ($1.07) ± $0.07
2024,Q1,FQ1-FY2024,2023-11-30,MU,2023-12-20,press_release_8-K_ex99.1,https://www.sec.gov/Archives/edgar/data/723125/000072312523000071/a2024q1ex991-pressrelease.htm,revenue,guidance,FQ2-FY2024,GAAP,5300.0,200.0,5100.0,5500.0,USD mn,Revenue $5.30 billion ± $200 million
2024,Q1,FQ1-FY2024,2023-11-30,MU,2023-12-20,press_release_8-K_ex99.1,https://www.sec.gov/Archives/edgar/data/723125/000072312523000071/a2024q1ex991-pressrelease.htm,gross_margin_pct,guidance,FQ2-FY2024,GAAP,12.0,1.5,10.5,13.5,pct,Gross margin 12.0% ± 1.5% 13.0% ± 1.5%
2024,Q1,FQ1-FY2024,2023-11-30,MU,2023-12-20,press_release_8-K_ex99.1,https://www.sec.gov/Archives/edgar/data/723125/000072312523000071/a2024q1ex991-pressrelease.htm,gross_margin_pct,guidance,FQ2-FY2024,non-GAAP,13.0,1.5,11.5,14.5,pct,Gross margin 12.0% ± 1.5% 13.0% ± 1.5%
2024,Q1,FQ1-FY2024,2023-11-30,MU,2023-12-20,press_release_8-K_ex99.1,https://www.sec.gov/Archives/edgar/data/723125/000072312523000071/a2024q1ex991-pressrelease.htm,diluted_eps,guidance,FQ2-FY2024,GAAP,-0.45,0.07,-0.52,-0.38,USD,Diluted earnings (loss) per share ($0.45) ± $0.07 ($0.28) ± $0.07
2024,Q1,FQ1-FY2024,2023-11-30,MU,2023-12-20,press_release_8-K_ex99.1,https://www.sec.gov/Archives/edgar/data/723125/000072312523000071/a2024q1ex991-pressrelease.htm,diluted_eps,guidance,FQ2-FY2024,non-GAAP,-0.28,0.07,-0.35000000000000003,-0.21000000000000002,USD,Diluted earnings (loss) per share ($0.45) ± $0.07 ($0.28) ± $0.07
2024,Q2,FQ2-FY2024,2024-02-29,MU,2024-03-20,press_release_8-K_ex99.1,https://www.sec.gov/Archives/edgar/data/723125/000072312524000004/a2024q2ex991-pressrelease.htm,revenue,guidance,FQ3-FY2024,GAAP,6600.0,200.0,6400.0,6800.0,USD mn,Revenue $6.60 billion ± $200 million
2024,Q2,FQ2-FY2024,2024-02-29,MU,2024-03-20,press_release_8-K_ex99.1,https://www.sec.gov/Archives/edgar/data/723125/000072312524000004/a2024q2ex991-pressrelease.htm,gross_margin_pct,guidance,FQ3-FY2024,GAAP,25.5,1.5,24.0,27.0,pct,Gross margin 25.5% ± 1.5% 26.5% ± 1.5%
2024,Q2,FQ2-FY2024,2024-02-29,MU,2024-03-20,press_release_8-K_ex99.1,https://www.sec.gov/Archives/edgar/data/723125/000072312524000004/a2024q2ex991-pressrelease.htm,gross_margin_pct,guidance,FQ3-FY2024,non-GAAP,26.5,1.5,25.0,28.0,pct,Gross margin 25.5% ± 1.5% 26.5% ± 1.5%
2024,Q2,FQ2-FY2024,2024-02-29,MU,2024-03-20,press_release_8-K_ex99.1,https://www.sec.gov/Archives/edgar/data/723125/000072312524000004/a2024q2ex991-pressrelease.htm,diluted_eps,guidance,FQ3-FY2024,GAAP,0.17,0.07,0.1,0.24000000000000002,USD,Diluted earnings per share $0.17 ± $0.07 $0.45 ± $0.07
2024,Q2,FQ2-FY2024,2024-02-29,MU,2024-03-20,press_release_8-K_ex99.1,https://www.sec.gov/Archives/edgar/data/723125/000072312524000004/a2024q2ex991-pressrelease.htm,diluted_eps,guidance,FQ3-FY2024,non-GAAP,0.45,0.07,0.38,0.52,USD,Diluted earnings per share $0.17 ± $0.07 $0.45 ± $0.07
2024,Q3,FQ3-FY2024,2024-05-30,MU,2024-06-26,press_release_8-K_ex99.1,https://www.sec.gov/Archives/edgar/data/723125/000072312524000016/a2024q3ex991-pressrelease.htm,revenue,guidance,FQ4-FY2024,GAAP,7600.0,200.0,7400.0,7800.0,USD mn,Revenue $7.60 billion ± $200 million
2024,Q3,FQ3-FY2024,2024-05-30,MU,2024-06-26,press_release_8-K_ex99.1,https://www.sec.gov/Archives/edgar/data/723125/000072312524000016/a2024q3ex991-pressrelease.htm,gross_margin_pct,guidance,FQ4-FY2024,GAAP,33.5,1.0,32.5,34.5,pct,Gross margin 33.5% ± 1.0% 34.5% ± 1.0%
2024,Q3,FQ3-FY2024,2024-05-30,MU,2024-06-26,press_release_8-K_ex99.1,https://www.sec.gov/Archives/edgar/data/723125/000072312524000016/a2024q3ex991-pressrelease.htm,gross_margin_pct,guidance,FQ4-FY2024,non-GAAP,34.5,1.0,33.5,35.5,pct,Gross margin 33.5% ± 1.0% 34.5% ± 1.0%
2024,Q3,FQ3-FY2024,2024-05-30,MU,2024-06-26,press_release_8-K_ex99.1,https://www.sec.gov/Archives/edgar/data/723125/000072312524000016/a2024q3ex991-pressrelease.htm,diluted_eps,guidance,FQ4-FY2024,GAAP,0.61,0.08,0.53,0.69,USD,Diluted earnings per share $0.61 ± $0.08 $1.08 ± $0.08
2024,Q3,FQ3-FY2024,2024-05-30,MU,2024-06-26,press_release_8-K_ex99.1,https://www.sec.gov/Archives/edgar/data/723125/000072312524000016/a2024q3ex991-pressrelease.htm,diluted_eps,guidance,FQ4-FY2024,non-GAAP,1.08,0.08,1.0,1.1600000000000001,USD,Diluted earnings per share $0.61 ± $0.08 $1.08 ± $0.08
2024,Q4,FQ4-FY2024,2024-08-29,MU,2024-09-25,press_release_8-K_ex99.1,https://www.sec.gov/Archives/edgar/data/723125/000072312524000023/a2024q4ex991-pressrelease.htm,revenue,guidance,FQ1-FY2025,GAAP,8700.0,200.0,8500.0,8900.0,USD mn,Revenue $8.70 billion ± $200 million
2024,Q4,FQ4-FY2024,2024-08-29,MU,2024-09-25,press_release_8-K_ex99.1,https://www.sec.gov/Archives/edgar/data/723125/000072312524000023/a2024q4ex991-pressrelease.htm,gross_margin_pct,guidance,FQ1-FY2025,GAAP,38.5,1.0,37.5,39.5,pct,Gross margin 38.5% ± 1.0% 39.5% ± 1.0%
2024,Q4,FQ4-FY2024,2024-08-29,MU,2024-09-25,press_release_8-K_ex99.1,https://www.sec.gov/Archives/edgar/data/723125/000072312524000023/a2024q4ex991-pressrelease.htm,gross_margin_pct,guidance,FQ1-FY2025,non-GAAP,39.5,1.0,38.5,40.5,pct,Gross margin 38.5% ± 1.0% 39.5% ± 1.0%
2024,Q4,FQ4-FY2024,2024-08-29,MU,2024-09-25,press_release_8-K_ex99.1,https://www.sec.gov/Archives/edgar/data/723125/000072312524000023/a2024q4ex991-pressrelease.htm,diluted_eps,guidance,FQ1-FY2025,GAAP,1.54,0.08,1.46,1.62,USD,Diluted earnings per share $1.54 ± $0.08 $1.74 ± $0.08
2024,Q4,FQ4-FY2024,2024-08-29,MU,2024-09-25,press_release_8-K_ex99.1,https://www.sec.gov/Archives/edgar/data/723125/000072312524000023/a2024q4ex991-pressrelease.htm,diluted_eps,guidance,FQ1-FY2025,non-GAAP,1.74,0.08,1.66,1.82,USD,Diluted earnings per share $1.54 ± $0.08 $1.74 ± $0.08
2025,Q1,FQ1-FY2025,2024-11-28,MU,2024-12-18,press_release_8-K_ex99.1,https://www.sec.gov/Archives/edgar/data/723125/000072312524000046/a2025q1ex991-pressrelease.htm,revenue,guidance,FQ2-FY2025,GAAP,7900.0,200.0,7700.0,8100.0,USD mn,Revenue $7.90 billion ± $200 million
2025,Q1,FQ1-FY2025,2024-11-28,MU,2024-12-18,press_release_8-K_ex99.1,https://www.sec.gov/Archives/edgar/data/723125/000072312524000046/a2025q1ex991-pressrelease.htm,gross_margin_pct,guidance,FQ2-FY2025,GAAP,37.5,1.0,36.5,38.5,pct,Gross margin 37.5% ± 1.0% 38.5% ± 1.0%
2025,Q1,FQ1-FY2025,2024-11-28,MU,2024-12-18,press_release_8-K_ex99.1,https://www.sec.gov/Archives/edgar/data/723125/000072312524000046/a2025q1ex991-pressrelease.htm,gross_margin_pct,guidance,FQ2-FY2025,non-GAAP,38.5,1.0,37.5,39.5,pct,Gross margin 37.5% ± 1.0% 38.5% ± 1.0%
2025,Q1,FQ1-FY2025,2024-11-28,MU,2024-12-18,press_release_8-K_ex99.1,https://www.sec.gov/Archives/edgar/data/723125/000072312524000046/a2025q1ex991-pressrelease.htm,diluted_eps,guidance,FQ2-FY2025,GAAP,1.26,0.1,1.16,1.36,USD,Diluted earnings per share $1.26 ± $0.10 $1.43 ± $0.10
2025,Q1,FQ1-FY2025,2024-11-28,MU,2024-12-18,press_release_8-K_ex99.1,https://www.sec.gov/Archives/edgar/data/723125/000072312524000046/a2025q1ex991-pressrelease.htm,diluted_eps,guidance,FQ2-FY2025,non-GAAP,1.43,0.1,1.3299999999999998,1.53,USD,Diluted earnings per share $1.26 ± $0.10 $1.43 ± $0.10
2025,Q2,FQ2-FY2025,2025-02-27,MU,2025-03-20,press_release_8-K_ex99.1,https://www.sec.gov/Archives/edgar/data/723125/000072312525000006/a2025q2ex991-pressrelease.htm,revenue,guidance,FQ3-FY2025,GAAP,8800.0,200.0,8600.0,9000.0,USD mn,Revenue $8.80 billion ± $200 million
2025,Q2,FQ2-FY2025,2025-02-27,MU,2025-03-20,press_release_8-K_ex99.1,https://www.sec.gov/Archives/edgar/data/723125/000072312525000006/a2025q2ex991-pressrelease.htm,gross_margin_pct,guidance,FQ3-FY2025,GAAP,35.5,1.0,34.5,36.5,pct,Gross margin 35.5% ± 1.0% 36.5% ± 1.0%
2025,Q2,FQ2-FY2025,2025-02-27,MU,2025-03-20,press_release_8-K_ex99.1,https://www.sec.gov/Archives/edgar/data/723125/000072312525000006/a2025q2ex991-pressrelease.htm,gross_margin_pct,guidance,FQ3-FY2025,non-GAAP,36.5,1.0,35.5,37.5,pct,Gross margin 35.5% ± 1.0% 36.5% ± 1.0%
2025,Q2,FQ2-FY2025,2025-02-27,MU,2025-03-20,press_release_8-K_ex99.1,https://www.sec.gov/Archives/edgar/data/723125/000072312525000006/a2025q2ex991-pressrelease.htm,diluted_eps,guidance,FQ3-FY2025,GAAP,1.37,0.1,1.27,1.4700000000000002,USD,Diluted earnings per share $1.37 ± $0.10 $1.57 ± $0.10
2025,Q2,FQ2-FY2025,2025-02-27,MU,2025-03-20,press_release_8-K_ex99.1,https://www.sec.gov/Archives/edgar/data/723125/000072312525000006/a2025q2ex991-pressrelease.htm,diluted_eps,guidance,FQ3-FY2025,non-GAAP,1.57,0.1,1.47,1.6700000000000002,USD,Diluted earnings per share $1.37 ± $0.10 $1.57 ± $0.10
2025,Q3,FQ3-FY2025,2025-05-29,MU,2025-06-25,press_release_8-K_ex99.1,https://www.sec.gov/Archives/edgar/data/723125/000072312525000019/a2025q3ex991-pressrelease.htm,revenue,guidance,FQ4-FY2025,GAAP,10700.0,300.0,10400.0,11000.0,USD mn,Revenue $10.7 billion ± $300 million
2025,Q3,FQ3-FY2025,2025-05-29,MU,2025-06-25,press_release_8-K_ex99.1,https://www.sec.gov/Archives/edgar/data/723125/000072312525000019/a2025q3ex991-pressrelease.htm,gross_margin_pct,guidance,FQ4-FY2025,GAAP,41.0,1.0,40.0,42.0,pct,Gross margin 41.0% ± 1.0% 42.0% ± 1.0%
2025,Q3,FQ3-FY2025,2025-05-29,MU,2025-06-25,press_release_8-K_ex99.1,https://www.sec.gov/Archives/edgar/data/723125/000072312525000019/a2025q3ex991-pressrelease.htm,gross_margin_pct,guidance,FQ4-FY2025,non-GAAP,42.0,1.0,41.0,43.0,pct,Gross margin 41.0% ± 1.0% 42.0% ± 1.0%
2025,Q3,FQ3-FY2025,2025-05-29,MU,2025-06-25,press_release_8-K_ex99.1,https://www.sec.gov/Archives/edgar/data/723125/000072312525000019/a2025q3ex991-pressrelease.htm,diluted_eps,guidance,FQ4-FY2025,GAAP,2.29,0.15,2.14,2.44,USD,Diluted earnings per share $2.29 ± $0.15 $2.50 ± $0.15
2025,Q3,FQ3-FY2025,2025-05-29,MU,2025-06-25,press_release_8-K_ex99.1,https://www.sec.gov/Archives/edgar/data/723125/000072312525000019/a2025q3ex991-pressrelease.htm,diluted_eps,guidance,FQ4-FY2025,non-GAAP,2.5,0.15,2.35,2.65,USD,Diluted earnings per share $2.29 ± $0.15 $2.50 ± $0.15
2025,Q4,FQ4-FY2025,2025-08-28,MU,2025-09-23,press_release_8-K_ex99.1,https://www.sec.gov/Archives/edgar/data/723125/000072312525000024/a2025q4ex991-pressrelease.htm,revenue,guidance,FQ1-FY2026,GAAP,12500.0,300.0,12200.0,12800.0,USD mn,Revenue $12.50 billion ± $300 million
2025,Q4,FQ4-FY2025,2025-08-28,MU,2025-09-23,press_release_8-K_ex99.1,https://www.sec.gov/Archives/edgar/data/723125/000072312525000024/a2025q4ex991-pressrelease.htm,gross_margin_pct,guidance,FQ1-FY2026,GAAP,50.5,1.0,49.5,51.5,pct,Gross margin 50.5% ± 1.0% 51.5% ± 1.0%
2025,Q4,FQ4-FY2025,2025-08-28,MU,2025-09-23,press_release_8-K_ex99.1,https://www.sec.gov/Archives/edgar/data/723125/000072312525000024/a2025q4ex991-pressrelease.htm,gross_margin_pct,guidance,FQ1-FY2026,non-GAAP,51.5,1.0,50.5,52.5,pct,Gross margin 50.5% ± 1.0% 51.5% ± 1.0%
2025,Q4,FQ4-FY2025,2025-08-28,MU,2025-09-23,press_release_8-K_ex99.1,https://www.sec.gov/Archives/edgar/data/723125/000072312525000024/a2025q4ex991-pressrelease.htm,diluted_eps,guidance,FQ1-FY2026,GAAP,3.56,0.15,3.41,3.71,USD,Diluted earnings per share $3.56 ± $0.15 $3.75 ± $0.15
2025,Q4,FQ4-FY2025,2025-08-28,MU,2025-09-23,press_release_8-K_ex99.1,https://www.sec.gov/Archives/edgar/data/723125/000072312525000024/a2025q4ex991-pressrelease.htm,diluted_eps,guidance,FQ1-FY2026,non-GAAP,3.75,0.15,3.6,3.9,USD,Diluted earnings per share $3.56 ± $0.15 $3.75 ± $0.15
2026,Q1,FQ1-FY2026,2025-11-27,MU,2025-12-17,press_release_8-K_ex99.1,https://www.sec.gov/Archives/edgar/data/723125/000072312525000044/a2026q1ex991-pressrelease.htm,revenue,guidance,FQ2-FY2026,GAAP,18700.0,400.0,18300.0,19100.0,USD mn,Revenue $18.70 billion ± $400 million
2026,Q1,FQ1-FY2026,2025-11-27,MU,2025-12-17,press_release_8-K_ex99.1,https://www.sec.gov/Archives/edgar/data/723125/000072312525000044/a2026q1ex991-pressrelease.htm,gross_margin_pct,guidance,FQ2-FY2026,GAAP,67.0,1.0,66.0,68.0,pct,Gross margin 67.0% ± 1.0% 68.0% ± 1.0%
2026,Q1,FQ1-FY2026,2025-11-27,MU,2025-12-17,press_release_8-K_ex99.1,https://www.sec.gov/Archives/edgar/data/723125/000072312525000044/a2026q1ex991-pressrelease.htm,gross_margin_pct,guidance,FQ2-FY2026,non-GAAP,68.0,1.0,67.0,69.0,pct,Gross margin 67.0% ± 1.0% 68.0% ± 1.0%
2026,Q1,FQ1-FY2026,2025-11-27,MU,2025-12-17,press_release_8-K_ex99.1,https://www.sec.gov/Archives/edgar/data/723125/000072312525000044/a2026q1ex991-pressrelease.htm,diluted_eps,guidance,FQ2-FY2026,GAAP,8.19,0.2,7.989999999999999,8.389999999999999,USD,Diluted earnings per share $8.19 ± $0.20 $8.42 ± $0.20
2026,Q1,FQ1-FY2026,2025-11-27,MU,2025-12-17,press_release_8-K_ex99.1,https://www.sec.gov/Archives/edgar/data/723125/000072312525000044/a2026q1ex991-pressrelease.htm,diluted_eps,guidance,FQ2-FY2026,non-GAAP,8.42,0.2,8.22,8.62,USD,Diluted earnings per share $8.19 ± $0.20 $8.42 ± $0.20
2026,Q2,FQ2-FY2026,2026-02-26,MU,2026-03-18,press_release_8-K_ex99.1,https://www.sec.gov/Archives/edgar/data/723125/000072312526000004/a2026q2ex991-pressrelease.htm,revenue,guidance,FQ3-FY2026,GAAP,33500.0,750.0,32750.0,34250.0,USD mn,Revenue $33.5 billion ± $750 million
2026,Q2,FQ2-FY2026,2026-02-26,MU,2026-03-18,press_release_8-K_ex99.1,https://www.sec.gov/Archives/edgar/data/723125/000072312526000004/a2026q2ex991-pressrelease.htm,gross_margin_pct,guidance,FQ3-FY2026,GAAP,81.0,,,,pct,Gross margin Approximately 81% Approximately 81%
2026,Q2,FQ2-FY2026,2026-02-26,MU,2026-03-18,press_release_8-K_ex99.1,https://www.sec.gov/Archives/edgar/data/723125/000072312526000004/a2026q2ex991-pressrelease.htm,gross_margin_pct,guidance,FQ3-FY2026,non-GAAP,81.0,,,,pct,Gross margin Approximately 81% Approximately 81%
2026,Q2,FQ2-FY2026,2026-02-26,MU,2026-03-18,press_release_8-K_ex99.1,https://www.sec.gov/Archives/edgar/data/723125/000072312526000004/a2026q2ex991-pressrelease.htm,diluted_eps,guidance,FQ3-FY2026,GAAP,18.9,0.4,18.5,19.299999999999997,USD,Diluted earnings per share $18.90 ± $0.40 $19.15 ± $0.40
2026,Q2,FQ2-FY2026,2026-02-26,MU,2026-03-18,press_release_8-K_ex99.1,https://www.sec.gov/Archives/edgar/data/723125/000072312526000004/a2026q2ex991-pressrelease.htm,diluted_eps,guidance,FQ3-FY2026,non-GAAP,19.15,0.4,18.75,19.549999999999997,USD,Diluted earnings per share $18.90 ± $0.40 $19.15 ± $0.40
2026,Q3,FQ3-FY2026,2026-05-28,MU,2026-06-24,press_release_8-K_ex99.1,https://www.sec.gov/Archives/edgar/data/723125/000072312526000013/a2026q3ex991-pressrelease.htm,revenue,guidance,FQ4-FY2026,GAAP,50000.0,1000.0,49000.0,51000.0,USD mn,Revenue $50.0 billion ± $1.0 billion
2026,Q3,FQ3-FY2026,2026-05-28,MU,2026-06-24,press_release_8-K_ex99.1,https://www.sec.gov/Archives/edgar/data/723125/000072312526000013/a2026q3ex991-pressrelease.htm,gross_margin_pct,guidance,FQ4-FY2026,GAAP,86.0,,,,pct,Gross margin Approximately 86% Approximately 86%
2026,Q3,FQ3-FY2026,2026-05-28,MU,2026-06-24,press_release_8-K_ex99.1,https://www.sec.gov/Archives/edgar/data/723125/000072312526000013/a2026q3ex991-pressrelease.htm,gross_margin_pct,guidance,FQ4-FY2026,non-GAAP,86.0,,,,pct,Gross margin Approximately 86% Approximately 86%
2026,Q3,FQ3-FY2026,2026-05-28,MU,2026-06-24,press_release_8-K_ex99.1,https://www.sec.gov/Archives/edgar/data/723125/000072312526000013/a2026q3ex991-pressrelease.htm,diluted_eps,guidance,FQ4-FY2026,GAAP,30.73,1.0,29.73,31.73,USD,Diluted earnings per share $30.73 ± $1.00 $31.00 ± $1.00
2026,Q3,FQ3-FY2026,2026-05-28,MU,2026-06-24,press_release_8-K_ex99.1,https://www.sec.gov/Archives/edgar/data/723125/000072312526000013/a2026q3ex991-pressrelease.htm,diluted_eps,guidance,FQ4-FY2026,non-GAAP,31.0,1.0,30.0,32.0,USD,Diluted earnings per share $30.73 ± $1.00 $31.00 ± $1.00
2026,Q4,FQ4-FY2026,2026-09-03,MU,2026-09-30,press_release_8-K_ex99.1,https://www.sec.gov/Archives/edgar/data/723125/000072312526000018/a2026q4ex991-pressrelease.htm,revenue,guidance,FQ1-FY2027,GAAP,61500.0,1500.0,60000.0,63000.0,USD mn,Revenue $61.5 billion ± $1.5 billion
2026,Q4,FQ4-FY2026,2026-09-03,MU,2026-09-30,press_release_8-K_ex99.1,https://www.sec.gov/Archives/edgar/data/723125/000072312526000018/a2026q4ex991-pressrelease.htm,gross_margin_pct,guidance,FQ1-FY2027,GAAP,85.95,,,,pct,Gross margin Approximately 85.95% Approximately 86.25%
2026,Q4,FQ4-FY2026,2026-09-03,MU,2026-09-30,press_release_8-K_ex99.1,https://www.sec.gov/Archives/edgar/data/723125/000072312526000018/a2026q4ex991-pressrelease.htm,gross_margin_pct,guidance,FQ1-FY2027,non-GAAP,86.25,,,,pct,Gross margin Approximately 85.95% Approximately 86.25%
2026,Q4,FQ4-FY2026,2026-09-03,MU,2026-09-30,press_release_8-K_ex99.1,https://www.sec.gov/Archives/edgar/data/723125/000072312526000018/a2026q4ex991-pressrelease.htm,diluted_eps,guidance,FQ1-FY2027,GAAP,37.84,1.0,36.84,38.84,USD,Diluted earnings per share $37.84 ± $1.00 $38.15 ± $1.00
2026,Q4,FQ4-FY2026,2026-09-03,MU,2026-09-30,press_release_8-K_ex99.1,https://www.sec.gov/Archives/edgar/data/723125/000072312526000018/a2026q4ex991-pressrelease.htm,diluted_eps,guidance,FQ1-FY2027,non-GAAP,38.15,1.0,37.15,39.15,USD,Diluted earnings per share $37.84 ± $1.00 $38.15 ± $1.00
