fiscal_year,fiscal_quarter,period,company,source_type,source_url,technology,metric,value,unit,statement,period_end
2019,Q1,FQ1-FY2019,MU,prepared_remarks,https://s25.q4cdn.com/621799436/files/doc_financials/2019/q1/Micron-Fiscal-Q1-2019-Earnings-Call-Prepared-Remarks.pdf,DRAM,revenue_qoq_pct,-9.0,pct,DRAM revenue increased 18 percent year-over-year and declined 9 percent from the prior quarter,
2019,Q1,FQ1-FY2019,MU,prepared_remarks,https://s25.q4cdn.com/621799436/files/doc_financials/2019/q1/Micron-Fiscal-Q1-2019-Earnings-Call-Prepared-Remarks.pdf,NAND,revenue_qoq_pct,-2.0,pct,NAND revenue increased 17 percent year-over-year and declined 2 percent quarter-over-quarter,
2019,Q1,FQ1-FY2019,MU,prepared_remarks,https://s25.q4cdn.com/621799436/files/doc_financials/2019/q1/Micron-Fiscal-Q1-2019-Earnings-Call-Prepared-Remarks.pdf,total,dio_days,,days,,
2019,Q2,FQ2-FY2019,MU,prepared_remarks,https://s25.q4cdn.com/621799436/files/doc_financials/2019/q2/FQ2-19-Earnings-Prepared-Remarks.pdf,DRAM,revenue_qoq_pct,-30.0,pct,DRAM revenue was down 28 percent year-over-year and 30 percent sequentially,
2019,Q2,FQ2-FY2019,MU,prepared_remarks,https://s25.q4cdn.com/621799436/files/doc_financials/2019/q2/FQ2-19-Earnings-Prepared-Remarks.pdf,NAND,revenue_qoq_pct,-18.0,pct,NAND revenue declined 2 percent year-over-year and 18 percent from the prior quarter,
2019,Q2,FQ2-FY2019,MU,prepared_remarks,https://s25.q4cdn.com/621799436/files/doc_financials/2019/q2/FQ2-19-Earnings-Prepared-Remarks.pdf,total,dio_days,134.0,days,reasing from $3.9 billion at the end of the fiscal first quarter. Our fiscal Q2 days of inventory were 134 days compared to 107 days in the fiscal,
2019,Q3,FQ3-FY2019,MU,prepared_remarks,https://s25.q4cdn.com/621799436/files/doc_financials/2019/q3/Micron-Fiscal-Q3-2019-Earnings-Call-Prepared-Remarks.pdf,DRAM,revenue,3.0,"USD bn (as stated, rounded)",DRAM revenue was approximately $3.0 billion,2019-05-30
2019,Q3,FQ3-FY2019,MU,prepared_remarks,https://s25.q4cdn.com/621799436/files/doc_financials/2019/q3/Micron-Fiscal-Q3-2019-Earnings-Call-Prepared-Remarks.pdf,DRAM,revenue_qoq_pct,-19.0,pct,DRAM revenue declined 45% year-over-year and 19 % sequentially,2019-05-30
2019,Q3,FQ3-FY2019,MU,prepared_remarks,https://s25.q4cdn.com/621799436/files/doc_financials/2019/q3/Micron-Fiscal-Q3-2019-Earnings-Call-Prepared-Remarks.pdf,NAND,revenue,1.5,"USD bn (as stated, rounded)",NAND revenue was approximately $1.5 billion,2019-05-30
2019,Q3,FQ3-FY2019,MU,prepared_remarks,https://s25.q4cdn.com/621799436/files/doc_financials/2019/q3/Micron-Fiscal-Q3-2019-Earnings-Call-Prepared-Remarks.pdf,NAND,revenue_qoq_pct,-18.0,pct,NAND revenue declined 25% relative to FQ3 2018 and declined 18% sequentially,2019-05-30
2019,Q3,FQ3-FY2019,MU,prepared_remarks,https://s25.q4cdn.com/621799436/files/doc_financials/2019/q3/Micron-Fiscal-Q3-2019-Earnings-Call-Prepared-Remarks.pdf,total,dio_days,151.0,days,"e quarter at $4.9 billion , increasing from $4.4 billion at the end of FQ2. FQ3 ended with 151 days of inventory outstanding, or 143 days using our aver",2019-05-30
2019,Q4,FQ4-FY2019,MU,prepared_remarks,https://s25.q4cdn.com/621799436/files/doc_financials/2019/q4/Micron-Fiscal-Q4-2019-Earnings-Call-Prepared-Remarks.pdf,DRAM,revenue,3.1,"USD bn (as stated, rounded)",DRAM revenue was $3.1 billion,
2019,Q4,FQ4-FY2019,MU,prepared_remarks,https://s25.q4cdn.com/621799436/files/doc_financials/2019/q4/Micron-Fiscal-Q4-2019-Earnings-Call-Prepared-Remarks.pdf,DRAM,revenue_qoq_pct,1.0,pct,DRAM revenue increased 1 % sequentially,
2019,Q4,FQ4-FY2019,MU,prepared_remarks,https://s25.q4cdn.com/621799436/files/doc_financials/2019/q4/Micron-Fiscal-Q4-2019-Earnings-Call-Prepared-Remarks.pdf,NAND,revenue,1.5,"USD bn (as stated, rounded)",NAND revenue was approximately $1.5 billion,
2019,Q4,FQ4-FY2019,MU,prepared_remarks,https://s25.q4cdn.com/621799436/files/doc_financials/2019/q4/Micron-Fiscal-Q4-2019-Earnings-Call-Prepared-Remarks.pdf,total,dio_days,131.0,days," flow to shareholders in the form of share repurchases in the future. INVENTORY Days of inventory was 131, down from 143 days in FQ3. Inventory e",
2020,Q1,FQ1-FY2020,MU,prepared_remarks,https://s25.q4cdn.com/621799436/files/doc_financials/2020/q1/Micron-Fiscal-Q1-2020-Earnings-Call-Prepared-Remarks.pdf,DRAM,revenue,3.5,"USD bn (as stated, rounded)",DRAM revenue was $3.5 billion,2019-11-28
2020,Q1,FQ1-FY2020,MU,prepared_remarks,https://s25.q4cdn.com/621799436/files/doc_financials/2020/q1/Micron-Fiscal-Q1-2020-Earnings-Call-Prepared-Remarks.pdf,DRAM,revenue_qoq_pct,2.0,pct,DRAM revenue increased 2% sequentially,2019-11-28
2020,Q1,FQ1-FY2020,MU,prepared_remarks,https://s25.q4cdn.com/621799436/files/doc_financials/2020/q1/Micron-Fiscal-Q1-2020-Earnings-Call-Prepared-Remarks.pdf,NAND,revenue,1.4,"USD bn (as stated, rounded)",NAND revenue was approximately $1.4 billion,2019-11-28
2020,Q1,FQ1-FY2020,MU,prepared_remarks,https://s25.q4cdn.com/621799436/files/doc_financials/2020/q1/Micron-Fiscal-Q1-2020-Earnings-Call-Prepared-Remarks.pdf,total,dio_days,121.0,days,"loying at least 50% of our annual free cash flow towards repurchases. INVENTORY Days of inventory was 121, down from 131 days in FQ4. Inventory e",2019-11-28
2020,Q2,FQ2-FY2020,MU,prepared_remarks,https://s25.q4cdn.com/621799436/files/doc_financials/2020/q2/Micron-Fiscal-Q2-2020-Earnings-Call-Prepared-Remarks.pdf,DRAM,revenue,3.1,"USD bn (as stated, rounded)",DRAM revenue was $3.1 billion,2020-02-27
2020,Q2,FQ2-FY2020,MU,prepared_remarks,https://s25.q4cdn.com/621799436/files/doc_financials/2020/q2/Micron-Fiscal-Q2-2020-Earnings-Call-Prepared-Remarks.pdf,NAND,revenue,1.5,"USD bn (as stated, rounded)",NAND revenue was approximately $1.5 billion,2020-02-27
2020,Q2,FQ2-FY2020,MU,prepared_remarks,https://s25.q4cdn.com/621799436/files/doc_financials/2020/q2/Micron-Fiscal-Q2-2020-Earnings-Call-Prepared-Remarks.pdf,total,dio_days,134.0,days,ing approximately 65% of our free cash flow. INVENTORY Ending FQ2 inventory was $5.2 billion or 134 days. The increase was expected and largely ,2020-02-27
2020,Q3,FQ3-FY2020,MU,prepared_remarks,https://s25.q4cdn.com/621799436/files/doc_financials/2020/q3/Micron-Q3-2020-Prepared-Remarks.pdf,DRAM,revenue,3.6,"USD bn (as stated, rounded)",DRAM revenue was $3.6 billion,2020-05-28
2020,Q3,FQ3-FY2020,MU,prepared_remarks,https://s25.q4cdn.com/621799436/files/doc_financials/2020/q3/Micron-Q3-2020-Prepared-Remarks.pdf,DRAM,revenue_qoq_pct,16.0,pct,DRAM revenue increased 16% sequentially,2020-05-28
2020,Q3,FQ3-FY2020,MU,prepared_remarks,https://s25.q4cdn.com/621799436/files/doc_financials/2020/q3/Micron-Q3-2020-Prepared-Remarks.pdf,NAND,revenue,1.7,"USD bn (as stated, rounded)",NAND revenue was approximately $1.7 billion,2020-05-28
2020,Q3,FQ3-FY2020,MU,prepared_remarks,https://s25.q4cdn.com/621799436/files/doc_financials/2020/q3/Micron-Q3-2020-Prepared-Remarks.pdf,NAND,revenue_qoq_pct,10.0,pct,NAND revenue increased 10% sequentially,2020-05-28
2020,Q3,FQ3-FY2020,MU,prepared_remarks,https://s25.q4cdn.com/621799436/files/doc_financials/2020/q3/Micron-Q3-2020-Prepared-Remarks.pdf,total,dio_days,131.0,days,"2020 Micron Technology, Inc. 9 June 29, 2020 INVENTORY Ending FQ3 inventory was $5.4 billion or 131 days versus 134 days last quarter. Our overa",2020-05-28
2020,Q4,FQ4-FY2020,MU,prepared_remarks,https://s25.q4cdn.com/621799436/files/doc_financials/2020/q4/Q4-2020-Prepared-Remarks.pdf,DRAM,revenue,4.4,"USD bn (as stated, rounded)",DRAM revenue was $4.4 billion,
2020,Q4,FQ4-FY2020,MU,prepared_remarks,https://s25.q4cdn.com/621799436/files/doc_financials/2020/q4/Q4-2020-Prepared-Remarks.pdf,DRAM,revenue_qoq_pct,22.0,pct,DRAM revenue increased 22% sequentially,
2020,Q4,FQ4-FY2020,MU,prepared_remarks,https://s25.q4cdn.com/621799436/files/doc_financials/2020/q4/Q4-2020-Prepared-Remarks.pdf,NAND,revenue,1.5,"USD bn (as stated, rounded)",NAND revenue was approximately $1.5 billion,
2020,Q4,FQ4-FY2020,MU,prepared_remarks,https://s25.q4cdn.com/621799436/files/doc_financials/2020/q4/Q4-2020-Prepared-Remarks.pdf,NAND,revenue_qoq_pct,-8.0,pct,NAND revenue declined 8% sequentially,
2020,Q4,FQ4-FY2020,MU,prepared_remarks,https://s25.q4cdn.com/621799436/files/doc_financials/2020/q4/Q4-2020-Prepared-Remarks.pdf,total,dio_days,135.0,days,ward reducing our fully diluted share count. INVENTORY Ending FQ4 inventory was $5.6 billion or 135 days versus 131 days last quarter. This is a,
2021,Q1,FQ1-FY2021,MU,prepared_remarks,https://s25.q4cdn.com/621799436/files/doc_financials/2021/q1/Q1-2021-Prepared-Remarks-Doc.pdf,DRAM,revenue,4.1,"USD bn (as stated, rounded)",DRAM revenue was $4.1 billion,
2021,Q1,FQ1-FY2021,MU,prepared_remarks,https://s25.q4cdn.com/621799436/files/doc_financials/2021/q1/Q1-2021-Prepared-Remarks-Doc.pdf,DRAM,revenue_qoq_pct,-7.0,pct,DRAM revenue decreased 7% sequentially,
2021,Q1,FQ1-FY2021,MU,prepared_remarks,https://s25.q4cdn.com/621799436/files/doc_financials/2021/q1/Q1-2021-Prepared-Remarks-Doc.pdf,NAND,revenue,1.6,"USD bn (as stated, rounded)",NAND revenue was approximately $1.6 billion,
2021,Q1,FQ1-FY2021,MU,prepared_remarks,https://s25.q4cdn.com/621799436/files/doc_financials/2021/q1/Q1-2021-Prepared-Remarks-Doc.pdf,NAND,revenue_qoq_pct,3.0,pct,NAND revenue increased 3% sequentially,
2021,Q1,FQ1-FY2021,MU,prepared_remarks,https://s25.q4cdn.com/621799436/files/doc_financials/2021/q1/Q1-2021-Prepared-Remarks-Doc.pdf,total,dio_days,125.0,days,Y We made a significant improvement on our days of inventory and ended FQ1 with $5.5 billion of inventory or 125 days versus 135 days last quarter. As we loo,
2021,Q2,FQ2-FY2021,MU,prepared_remarks,https://s25.q4cdn.com/621799436/files/doc_financials/2021/q2/Q2-2021-Prepared-Remarks.pdf,DRAM,revenue_qoq_pct,10.0,pct,DRAM revenue increased 10% sequentially,2021-03-04
2021,Q2,FQ2-FY2021,MU,prepared_remarks,https://s25.q4cdn.com/621799436/files/doc_financials/2021/q2/Q2-2021-Prepared-Remarks.pdf,NAND,revenue,1.7,"USD bn (as stated, rounded)",NAND revenue was approximately $1.7 billion,2021-03-04
2021,Q2,FQ2-FY2021,MU,prepared_remarks,https://s25.q4cdn.com/621799436/files/doc_financials/2021/q2/Q2-2021-Prepared-Remarks.pdf,NAND,revenue_qoq_pct,5.0,pct,NAND revenue increased 5% sequentially,2021-03-04
2021,Q2,FQ2-FY2021,MU,prepared_remarks,https://s25.q4cdn.com/621799436/files/doc_financials/2021/q2/Q2-2021-Prepared-Remarks.pdf,total,dio_days,99.0,days,"nual free cash flow to shareholders in FY21. INVENTORY Ending FQ2 inventory was $4.7 billion or 99 days, which reflects the inventory reporting",2021-03-04
2021,Q3,FQ3-FY2021,MU,prepared_remarks,https://s25.q4cdn.com/621799436/files/doc_financials/2021/q3/Micron-Q3_2021_Prepared_Remarks_Document.pdf,DRAM,revenue,5.4,"USD bn (as stated, rounded)",DRAM revenue was $5.4 billion,2021-06-03
2021,Q3,FQ3-FY2021,MU,prepared_remarks,https://s25.q4cdn.com/621799436/files/doc_financials/2021/q3/Micron-Q3_2021_Prepared_Remarks_Document.pdf,DRAM,revenue_qoq_pct,23.0,pct,DRAM revenue increased 23% sequentially,2021-06-03
2021,Q3,FQ3-FY2021,MU,prepared_remarks,https://s25.q4cdn.com/621799436/files/doc_financials/2021/q3/Micron-Q3_2021_Prepared_Remarks_Document.pdf,NAND,revenue,1.8,"USD bn (as stated, rounded)",NAND revenue was approximately $1.8 billion,2021-06-03
2021,Q3,FQ3-FY2021,MU,prepared_remarks,https://s25.q4cdn.com/621799436/files/doc_financials/2021/q3/Micron-Q3_2021_Prepared_Remarks_Document.pdf,NAND,revenue_qoq_pct,10.0,pct,NAND revenue increased 10% sequentially,2021-06-03
2021,Q3,FQ3-FY2021,MU,prepared_remarks,https://s25.q4cdn.com/621799436/files/doc_financials/2021/q3/Micron-Q3_2021_Prepared_Remarks_Document.pdf,total,dio_days,98.0,days,plan to continue repurchasing shares in FQ4. Inventory Ending FQ3 inventory was $4.5 billion or 98 days. We remain in a very lean inventory pos,2021-06-03
2021,Q4,FQ4-FY2021,MU,prepared_remarks,https://s25.q4cdn.com/621799436/files/doc_financials/2021/q4/Q4-2021-Prepared-Remarks.pdf,DRAM,revenue,6.1,"USD bn (as stated, rounded)",DRAM revenue was $6.1 billion,
2021,Q4,FQ4-FY2021,MU,prepared_remarks,https://s25.q4cdn.com/621799436/files/doc_financials/2021/q4/Q4-2021-Prepared-Remarks.pdf,DRAM,revenue_qoq_pct,12.0,pct,DRAM revenue increased 12% sequentially,
2021,Q4,FQ4-FY2021,MU,prepared_remarks,https://s25.q4cdn.com/621799436/files/doc_financials/2021/q4/Q4-2021-Prepared-Remarks.pdf,NAND,revenue,2.0,"USD bn (as stated, rounded)",NAND revenue was approximately $2 billion,
2021,Q4,FQ4-FY2021,MU,prepared_remarks,https://s25.q4cdn.com/621799436/files/doc_financials/2021/q4/Q4-2021-Prepared-Remarks.pdf,NAND,revenue_qoq_pct,9.0,pct,NAND revenue increased 9% sequentially,
2021,Q4,FQ4-FY2021,MU,prepared_remarks,https://s25.q4cdn.com/621799436/files/doc_financials/2021/q4/Q4-2021-Prepared-Remarks.pdf,total,dio_days,94.0,days,"r cash flow generation. Inventory Our ending FQ4 inventory was $4.5 billion and average days for the quarter were 94 days, below our normal range of 95 to 105 da",
2022,Q1,FQ1-FY2022,MU,prepared_remarks,https://s25.q4cdn.com/621799436/files/doc_financials/2022/q1/Q1-2022-Prepared-Remarks.pdf,DRAM,revenue,5.6,"USD bn (as stated, rounded)",DRAM revenue was $5.6 billion,
2022,Q1,FQ1-FY2022,MU,prepared_remarks,https://s25.q4cdn.com/621799436/files/doc_financials/2022/q1/Q1-2022-Prepared-Remarks.pdf,DRAM,revenue_qoq_pct,-8.0,pct,DRAM revenue declined 8% quarter over quarter,
2022,Q1,FQ1-FY2022,MU,prepared_remarks,https://s25.q4cdn.com/621799436/files/doc_financials/2022/q1/Q1-2022-Prepared-Remarks.pdf,NAND,revenue,1.9,"USD bn (as stated, rounded)",NAND revenue was approximately $1.9 billion,
2022,Q1,FQ1-FY2022,MU,prepared_remarks,https://s25.q4cdn.com/621799436/files/doc_financials/2022/q1/Q1-2022-Prepared-Remarks.pdf,NAND,revenue_qoq_pct,-5.0,pct,NAND revenue declined 5% quarter over quarter,
2022,Q1,FQ1-FY2022,MU,prepared_remarks,https://s25.q4cdn.com/621799436/files/doc_financials/2022/q1/Q1-2022-Prepared-Remarks.pdf,total,dio_days,103.0,days,"ts to intrinsic value. Inventory Our ending FQ1 inventory was $4.8 billion, and average days for the quarter were 103 days, within our normal target range of 95 t",
2022,Q2,FQ2-FY2022,MU,prepared_remarks,https://s25.q4cdn.com/621799436/files/doc_financials/2022/q2/Q2-2022-Prepared-Remarks.pdf,DRAM,revenue,5.7,"USD bn (as stated, rounded)",DRAM revenue was $5.7 billion,2022-03-03
2022,Q2,FQ2-FY2022,MU,prepared_remarks,https://s25.q4cdn.com/621799436/files/doc_financials/2022/q2/Q2-2022-Prepared-Remarks.pdf,DRAM,revenue_qoq_pct,2.0,pct,DRAM revenue increased 2% quarter over quarter,2022-03-03
2022,Q2,FQ2-FY2022,MU,prepared_remarks,https://s25.q4cdn.com/621799436/files/doc_financials/2022/q2/Q2-2022-Prepared-Remarks.pdf,NAND,revenue,2.0,"USD bn (as stated, rounded)",NAND revenue was $2 billion,2022-03-03
2022,Q2,FQ2-FY2022,MU,prepared_remarks,https://s25.q4cdn.com/621799436/files/doc_financials/2022/q2/Q2-2022-Prepared-Remarks.pdf,NAND,revenue_qoq_pct,4.0,pct,NAND revenue increased 4% quarter over quarter,2022-03-03
2022,Q2,FQ2-FY2022,MU,prepared_remarks,https://s25.q4cdn.com/621799436/files/doc_financials/2022/q2/Q2-2022-Prepared-Remarks.pdf,total,dio_days,113.0,days,"ord on April 11. Inventory Our ending fiscal Q2 inventory was $5.4 billion, and average days of inventory for the quarter were 113 days. Our fiscal Q2 DIO increased sequential",2022-03-03
2022,Q3,FQ3-FY2022,MU,prepared_remarks,https://s25.q4cdn.com/621799436/files/doc_financials/2022/q3/FQ3-22-Prepared-Remarks.pdf,DRAM,revenue,6.3,"USD bn (as stated, rounded)",DRAM revenue was $6.3 billion,2022-06-02
2022,Q3,FQ3-FY2022,MU,prepared_remarks,https://s25.q4cdn.com/621799436/files/doc_financials/2022/q3/FQ3-22-Prepared-Remarks.pdf,DRAM,revenue_qoq_pct,10.0,pct,DRAM revenue increased 10% sequentially,2022-06-02
2022,Q3,FQ3-FY2022,MU,prepared_remarks,https://s25.q4cdn.com/621799436/files/doc_financials/2022/q3/FQ3-22-Prepared-Remarks.pdf,NAND,revenue,2.3,"USD bn (as stated, rounded)",NAND revenue was $2.3 billion,2022-06-02
2022,Q3,FQ3-FY2022,MU,prepared_remarks,https://s25.q4cdn.com/621799436/files/doc_financials/2022/q3/FQ3-22-Prepared-Remarks.pdf,NAND,revenue_qoq_pct,17.0,pct,NAND revenue increased 17% sequentially,2022-06-02
2022,Q3,FQ3-FY2022,MU,prepared_remarks,https://s25.q4cdn.com/621799436/files/doc_financials/2022/q3/FQ3-22-Prepared-Remarks.pdf,total,dio_days,109.0,days,"cord on July 11. Inventory Our ending fiscal Q3 inventory was $5.6 billion, and average days of inventory for the quarter were down to 109 days from 113 days last quarter. Total Cash/",2022-06-02
2022,Q4,FQ4-FY2022,MU,prepared_remarks,https://s25.q4cdn.com/621799436/files/doc_financials/2022/q4/Q4-2022-Prepared-Remarks.pdf,DRAM,revenue,4.8,"USD bn (as stated, rounded)",DRAM revenue was $4.8 billion,2022-09-01
2022,Q4,FQ4-FY2022,MU,prepared_remarks,https://s25.q4cdn.com/621799436/files/doc_financials/2022/q4/Q4-2022-Prepared-Remarks.pdf,DRAM,revenue_qoq_pct,-23.0,pct,DRAM revenue declined 23% sequentially,2022-09-01
2022,Q4,FQ4-FY2022,MU,prepared_remarks,https://s25.q4cdn.com/621799436/files/doc_financials/2022/q4/Q4-2022-Prepared-Remarks.pdf,NAND,revenue,1.7,"USD bn (as stated, rounded)",NAND revenue was $1.7 billion,2022-09-01
2022,Q4,FQ4-FY2022,MU,prepared_remarks,https://s25.q4cdn.com/621799436/files/doc_financials/2022/q4/Q4-2022-Prepared-Remarks.pdf,NAND,revenue_qoq_pct,-26.0,pct,NAND revenue declined 26% sequentially,2022-09-01
2022,Q4,FQ4-FY2022,MU,prepared_remarks,https://s25.q4cdn.com/621799436/files/doc_financials/2022/q4/Q4-2022-Prepared-Remarks.pdf,total,dio_days,139.0,days,"s and dividends. Inventory Our ending fiscal Q4 inventory was $6.7 billion, and average days of inventory for the quarter was 139 days, reflecting weaker market conditions du",2022-09-01
2023,Q1,FQ1-FY2023,MU,prepared_remarks,https://s25.q4cdn.com/621799436/files/doc_financials/2023/q1/Q1-FY23-Prepared-Remarks.pdf,DRAM,revenue,2.8,"USD bn (as stated, rounded)",DRAM revenue was $2.8 billion,2022-12-01
2023,Q1,FQ1-FY2023,MU,prepared_remarks,https://s25.q4cdn.com/621799436/files/doc_financials/2023/q1/Q1-FY23-Prepared-Remarks.pdf,DRAM,revenue_qoq_pct,-41.0,pct,DRAM revenue declined 41% sequentially,2022-12-01
2023,Q1,FQ1-FY2023,MU,prepared_remarks,https://s25.q4cdn.com/621799436/files/doc_financials/2023/q1/Q1-FY23-Prepared-Remarks.pdf,NAND,revenue,1.1,"USD bn (as stated, rounded)",NAND revenue was $1.1 billion,2022-12-01
2023,Q1,FQ1-FY2023,MU,prepared_remarks,https://s25.q4cdn.com/621799436/files/doc_financials/2023/q1/Q1-FY23-Prepared-Remarks.pdf,NAND,revenue_qoq_pct,-35.0,pct,NAND revenue declined 35% sequentially,2022-12-01
2023,Q1,FQ1-FY2023,MU,prepared_remarks,https://s25.q4cdn.com/621799436/files/doc_financials/2023/q1/Q1-FY23-Prepared-Remarks.pdf,total,dio_days,214.0,days,"price of $49.57. Inventory Our ending fiscal Q1 inventory was $8.4 billion, and average DIO for the quarter was 214 days. The rapid decline in bit shipments in ",2022-12-01
2023,Q2,FQ2-FY2023,MU,prepared_remarks,https://s25.q4cdn.com/621799436/files/doc_financials/2023/q2/Q2-FY23-Prepared-Remarks.pdf,DRAM,revenue,2.7,"USD bn (as stated, rounded)",DRAM revenue was $2.7 billion,2023-03-02
2023,Q2,FQ2-FY2023,MU,prepared_remarks,https://s25.q4cdn.com/621799436/files/doc_financials/2023/q2/Q2-FY23-Prepared-Remarks.pdf,DRAM,revenue_qoq_pct,-4.0,pct,DRAM revenue declined 4% sequentially,2023-03-02
2023,Q2,FQ2-FY2023,MU,prepared_remarks,https://s25.q4cdn.com/621799436/files/doc_financials/2023/q2/Q2-FY23-Prepared-Remarks.pdf,NAND,revenue,0.885,"USD bn (as stated, rounded)",NAND revenue was $885 million,2023-03-02
2023,Q2,FQ2-FY2023,MU,prepared_remarks,https://s25.q4cdn.com/621799436/files/doc_financials/2023/q2/Q2-FY23-Prepared-Remarks.pdf,NAND,revenue_qoq_pct,-20.0,pct,NAND revenue declined 20% sequentially,2023-03-02
2023,Q2,FQ2-FY2023,MU,prepared_remarks,https://s25.q4cdn.com/621799436/files/doc_financials/2023/q2/Q2-FY23-Prepared-Remarks.pdf,total,dio_days,153.0,days,"ntory was $8.1 billion and reflects the impact of the $1.4 billion write -down. Average days of inventory for the quarter was 153 days and excluding write-downs, 235 days. In",2023-03-02
2023,Q3,FQ3-FY2023,MU,prepared_remarks,https://s25.q4cdn.com/621799436/files/doc_financials/2023/q3/Q3-FY23-Prepared-Remarks.pdf,DRAM,revenue,2.7,"USD bn (as stated, rounded)",DRAM revenue was $2.7 billion,2023-06-01
2023,Q3,FQ3-FY2023,MU,prepared_remarks,https://s25.q4cdn.com/621799436/files/doc_financials/2023/q3/Q3-FY23-Prepared-Remarks.pdf,DRAM,revenue_qoq_pct,-2.0,pct,DRAM revenue declined 2% sequentially,2023-06-01
2023,Q3,FQ3-FY2023,MU,prepared_remarks,https://s25.q4cdn.com/621799436/files/doc_financials/2023/q3/Q3-FY23-Prepared-Remarks.pdf,NAND,revenue,1.0,"USD bn (as stated, rounded)",NAND revenue was $1 billion,2023-06-01
2023,Q3,FQ3-FY2023,MU,prepared_remarks,https://s25.q4cdn.com/621799436/files/doc_financials/2023/q3/Q3-FY23-Prepared-Remarks.pdf,NAND,revenue_qoq_pct,14.0,pct,NAND revenue increased 14% sequentially,2023-06-01
2023,Q3,FQ3-FY2023,MU,prepared_remarks,https://s25.q4cdn.com/621799436/files/doc_financials/2023/q3/Q3-FY23-Prepared-Remarks.pdf,total,dio_days,168.0,days,"n Technology, Inc. 9 June 28, 2023 Inventory Our fiscal Q3 ending inventory was $8.2 billion or 168 days. Due to increases in process steps and ",2023-06-01
2023,Q4,FQ4-FY2023,MU,prepared_remarks,https://s25.q4cdn.com/621799436/files/doc_financials/2023/q4/Q4-FY23-Prepared-Remarks.pdf,DRAM,revenue,2.8,"USD bn (as stated, rounded)",DRAM revenue was $2.8 billion,2023-08-31
2023,Q4,FQ4-FY2023,MU,prepared_remarks,https://s25.q4cdn.com/621799436/files/doc_financials/2023/q4/Q4-FY23-Prepared-Remarks.pdf,DRAM,revenue_qoq_pct,3.0,pct,DRAM revenue increased 3% sequentially,2023-08-31
2023,Q4,FQ4-FY2023,MU,prepared_remarks,https://s25.q4cdn.com/621799436/files/doc_financials/2023/q4/Q4-FY23-Prepared-Remarks.pdf,NAND,revenue,1.2,"USD bn (as stated, rounded)",NAND revenue was $1.2 billion,2023-08-31
2023,Q4,FQ4-FY2023,MU,prepared_remarks,https://s25.q4cdn.com/621799436/files/doc_financials/2023/q4/Q4-FY23-Prepared-Remarks.pdf,NAND,revenue_qoq_pct,19.0,pct,NAND revenue increased 19% sequentially,2023-08-31
2023,Q4,FQ4-FY2023,MU,prepared_remarks,https://s25.q4cdn.com/621799436/files/doc_financials/2023/q4/Q4-FY23-Prepared-Remarks.pdf,total,dio_days,170.0,days,"ative $758 million in the quarter. Inventory Our fiscal Q4 ending inventory was $8.4 billion or 170 days. As mentioned last quarte r, we are hol",2023-08-31
2024,Q1,FQ1-FY2024,MU,prepared_remarks,https://s25.q4cdn.com/621799436/files/doc_financials/2024/q1/Q1-FY24-Prepared-Remarks.pdf,DRAM,revenue,3.4,"USD bn (as stated, rounded)",DRAM revenue was $3.4 billion,2023-11-30
2024,Q1,FQ1-FY2024,MU,prepared_remarks,https://s25.q4cdn.com/621799436/files/doc_financials/2024/q1/Q1-FY24-Prepared-Remarks.pdf,DRAM,revenue_qoq_pct,24.0,pct,DRAM revenue increased 24% sequentially,2023-11-30
2024,Q1,FQ1-FY2024,MU,prepared_remarks,https://s25.q4cdn.com/621799436/files/doc_financials/2024/q1/Q1-FY24-Prepared-Remarks.pdf,NAND,revenue,1.2,"USD bn (as stated, rounded)",NAND revenue was $1.2 billion,2023-11-30
2024,Q1,FQ1-FY2024,MU,prepared_remarks,https://s25.q4cdn.com/621799436/files/doc_financials/2024/q1/Q1-FY24-Prepared-Remarks.pdf,NAND,revenue_qoq_pct,2.0,pct,NAND revenue increased 2% sequentially,2023-11-30
2024,Q1,FQ1-FY2024,MU,prepared_remarks,https://s25.q4cdn.com/621799436/files/doc_financials/2024/q1/Q1-FY24-Prepared-Remarks.pdf,total,dio_days,159.0,days,"ative $333 million in the quarter. Inventory Our fiscal Q1 ending inventory was $8.3 billion or 159 days, down from 170 days in the prior quarte",2023-11-30
2024,Q2,FQ2-FY2024,MU,prepared_remarks,https://s25.q4cdn.com/621799436/files/doc_financials/2024/q2/FY24-Q2-Prepared-Remarks.pdf,DRAM,revenue,4.2,"USD bn (as stated, rounded)",DRAM revenue was approximately $4.2 billion,2024-02-29
2024,Q2,FQ2-FY2024,MU,prepared_remarks,https://s25.q4cdn.com/621799436/files/doc_financials/2024/q2/FY24-Q2-Prepared-Remarks.pdf,DRAM,revenue_qoq_pct,21.0,pct,DRAM revenue increased 21% sequentially,2024-02-29
2024,Q2,FQ2-FY2024,MU,prepared_remarks,https://s25.q4cdn.com/621799436/files/doc_financials/2024/q2/FY24-Q2-Prepared-Remarks.pdf,NAND,revenue,1.6,"USD bn (as stated, rounded)",NAND revenue was approximately $1.6 billion,2024-02-29
2024,Q2,FQ2-FY2024,MU,prepared_remarks,https://s25.q4cdn.com/621799436/files/doc_financials/2024/q2/FY24-Q2-Prepared-Remarks.pdf,NAND,revenue_qoq_pct,27.0,pct,NAND revenue increased 27% sequentially,2024-02-29
2024,Q2,FQ2-FY2024,MU,prepared_remarks,https://s25.q4cdn.com/621799436/files/doc_financials/2024/q2/FY24-Q2-Prepared-Remarks.pdf,total,dio_days,160.0,days,"free cash flow was near breakeven. Inventory Our fiscal Q2 ending inventory was $8.4 billion or 160 days, roughly in line with the prior quarter",2024-02-29
2024,Q3,FQ3-FY2024,MU,prepared_remarks,https://s25.q4cdn.com/621799436/files/doc_financials/2024/q3/FY24-Q3-Prepared-Remarks-FINAL.pdf,DRAM,revenue,4.7,"USD bn (as stated, rounded)",DRAM revenue was approximately $4.7 billion,2024-05-30
2024,Q3,FQ3-FY2024,MU,prepared_remarks,https://s25.q4cdn.com/621799436/files/doc_financials/2024/q3/FY24-Q3-Prepared-Remarks-FINAL.pdf,DRAM,revenue_qoq_pct,13.0,pct,DRAM revenue increased 13% sequentially,2024-05-30
2024,Q3,FQ3-FY2024,MU,prepared_remarks,https://s25.q4cdn.com/621799436/files/doc_financials/2024/q3/FY24-Q3-Prepared-Remarks-FINAL.pdf,NAND,revenue,2.1,"USD bn (as stated, rounded)",NAND revenue was approximately $2.1 billion,2024-05-30
2024,Q3,FQ3-FY2024,MU,prepared_remarks,https://s25.q4cdn.com/621799436/files/doc_financials/2024/q3/FY24-Q3-Prepared-Remarks-FINAL.pdf,NAND,revenue_qoq_pct,32.0,pct,NAND revenue increased 32% sequentially,2024-05-30
2024,Q3,FQ3-FY2024,MU,prepared_remarks,https://s25.q4cdn.com/621799436/files/doc_financials/2024/q3/FY24-Q3-Prepared-Remarks-FINAL.pdf,total,dio_days,155.0,days,"ron Technology, Inc. June 26, 2024 Inventory Our fiscal Q3 ending inventory was $8.5 billion or 155 days, a decline of five days from the prior ",2024-05-30
2024,Q4,FQ4-FY2024,MU,prepared_remarks,https://s25.q4cdn.com/621799436/files/doc_financials/2024/q4/FY24-Q4-Prepared-Remarks-3.pdf,DRAM,revenue,5.3,"USD bn (as stated, rounded)",DRAM revenue was $5.3 billion,2024-08-29
2024,Q4,FQ4-FY2024,MU,prepared_remarks,https://s25.q4cdn.com/621799436/files/doc_financials/2024/q4/FY24-Q4-Prepared-Remarks-3.pdf,DRAM,revenue_qoq_pct,14.0,pct,"Sequentially, DRAM revenue increased 14%",2024-08-29
2024,Q4,FQ4-FY2024,MU,prepared_remarks,https://s25.q4cdn.com/621799436/files/doc_financials/2024/q4/FY24-Q4-Prepared-Remarks-3.pdf,NAND,revenue,2.4,"USD bn (as stated, rounded)",NAND revenue was $2.4 billion,2024-08-29
2024,Q4,FQ4-FY2024,MU,prepared_remarks,https://s25.q4cdn.com/621799436/files/doc_financials/2024/q4/FY24-Q4-Prepared-Remarks-3.pdf,NAND,revenue_qoq_pct,15.0,pct,NAND revenue increased 15% sequentially,2024-08-29
2024,Q4,FQ4-FY2024,MU,prepared_remarks,https://s25.q4cdn.com/621799436/files/doc_financials/2024/q4/FY24-Q4-Prepared-Remarks-3.pdf,total,dio_days,158.0,days,"ge price of $93.07 per share. Inventory Micron’s fiscal Q4 ending inventory was $8.9 billion or 158 days, up 3 days from the prior quarter. Micr",2024-08-29
2025,Q1,FQ1-FY2025,MU,prepared_remarks,https://s25.q4cdn.com/621799436/files/doc_financials/2025/q1/FY25-Q1-Prepared-Remarks.pdf,DRAM,revenue,6.4,"USD bn (as stated, rounded)",DRAM revenue was $6.4 billion,2024-11-28
2025,Q1,FQ1-FY2025,MU,prepared_remarks,https://s25.q4cdn.com/621799436/files/doc_financials/2025/q1/FY25-Q1-Prepared-Remarks.pdf,DRAM,revenue_qoq_pct,20.0,pct,"Sequentially, DRAM revenue increased 20%",2024-11-28
2025,Q1,FQ1-FY2025,MU,prepared_remarks,https://s25.q4cdn.com/621799436/files/doc_financials/2025/q1/FY25-Q1-Prepared-Remarks.pdf,NAND,revenue,2.2,"USD bn (as stated, rounded)",NAND revenue was $2.2 billion,2024-11-28
2025,Q1,FQ1-FY2025,MU,prepared_remarks,https://s25.q4cdn.com/621799436/files/doc_financials/2025/q1/FY25-Q1-Prepared-Remarks.pdf,NAND,revenue_qoq_pct,-5.0,pct,"Sequentially, NAND revenue decreased 5%",2024-11-28
2025,Q1,FQ1-FY2025,MU,prepared_remarks,https://s25.q4cdn.com/621799436/files/doc_financials/2025/q1/FY25-Q1-Prepared-Remarks.pdf,total,dio_days,149.0,days,"ron Technology, Inc. Dec. 18, 2024 Inventory Our fiscal Q1 ending inventory was $8.7 billion or 149 days, a decline of nine days from the prior ",2024-11-28
2025,Q2,FQ2-FY2025,MU,prepared_remarks,https://s25.q4cdn.com/621799436/files/doc_financials/2025/q2/Micron_FY25_Q2_Prepared_Remarks_2-1.pdf,DRAM,revenue,6.1,"USD bn (as stated, rounded)",DRAM revenue was $6.1 billion,2025-02-27
2025,Q2,FQ2-FY2025,MU,prepared_remarks,https://s25.q4cdn.com/621799436/files/doc_financials/2025/q2/Micron_FY25_Q2_Prepared_Remarks_2-1.pdf,DRAM,revenue_qoq_pct,-4.0,pct,"Sequentially, DRAM revenue decreased 4%",2025-02-27
2025,Q2,FQ2-FY2025,MU,prepared_remarks,https://s25.q4cdn.com/621799436/files/doc_financials/2025/q2/Micron_FY25_Q2_Prepared_Remarks_2-1.pdf,NAND,revenue,1.9,"USD bn (as stated, rounded)",NAND revenue was $1.9 billion,2025-02-27
2025,Q2,FQ2-FY2025,MU,prepared_remarks,https://s25.q4cdn.com/621799436/files/doc_financials/2025/q2/Micron_FY25_Q2_Prepared_Remarks_2-1.pdf,NAND,revenue_qoq_pct,-17.0,pct,"Sequentially, NAND revenue decreased 17%",2025-02-27
2025,Q2,FQ2-FY2025,MU,prepared_remarks,https://s25.q4cdn.com/621799436/files/doc_financials/2025/q2/Micron_FY25_Q2_Prepared_Remarks_2-1.pdf,total,dio_days,158.0,days,"on Technology, Inc. March 20, 2025 Inventory Our fiscal Q2 ending inventory was $9.0 billion or 158 days, up as communicated previously, and an ",2025-02-27
2025,Q3,FQ3-FY2025,MU,prepared_remarks,https://s25.q4cdn.com/621799436/files/doc_financials/2025/q3/Micron_FY25_Q3_Prepared_Remarks.pdf,DRAM,revenue,7.1,"USD bn (as stated, rounded)",DRAM revenue was $7.1 billion,2025-05-29
2025,Q3,FQ3-FY2025,MU,prepared_remarks,https://s25.q4cdn.com/621799436/files/doc_financials/2025/q3/Micron_FY25_Q3_Prepared_Remarks.pdf,DRAM,revenue_qoq_pct,15.0,pct,"Sequentially, DRAM revenue increased 15%",2025-05-29
2025,Q3,FQ3-FY2025,MU,prepared_remarks,https://s25.q4cdn.com/621799436/files/doc_financials/2025/q3/Micron_FY25_Q3_Prepared_Remarks.pdf,NAND,revenue,2.2,"USD bn (as stated, rounded)",NAND revenue was $2.2 billion,2025-05-29
2025,Q3,FQ3-FY2025,MU,prepared_remarks,https://s25.q4cdn.com/621799436/files/doc_financials/2025/q3/Micron_FY25_Q3_Prepared_Remarks.pdf,NAND,revenue_qoq_pct,16.0,pct,"Sequentially, NAND revenue increased 16%",2025-05-29
2025,Q3,FQ3-FY2025,MU,prepared_remarks,https://s25.q4cdn.com/621799436/files/doc_financials/2025/q3/Micron_FY25_Q3_Prepared_Remarks.pdf,total,dio_days,139.0,days,"uarterly amount in over six years. Inventory Ending inventory for fiscal Q3 was $8.7 billion, or 139 days. Inventory was down $280 million sequen",2025-05-29
2025,Q4,FQ4-FY2025,MU,prepared_remarks,https://s25.q4cdn.com/621799436/files/doc_financials/2025/q4/Q4-2025-Prepared-Remarks-1.pdf,DRAM,revenue,9.0,"USD bn (as stated, rounded)",DRAM revenue was a record $9.0 billion,2025-08-28
2025,Q4,FQ4-FY2025,MU,prepared_remarks,https://s25.q4cdn.com/621799436/files/doc_financials/2025/q4/Q4-2025-Prepared-Remarks-1.pdf,DRAM,revenue_qoq_pct,27.0,pct,"Sequentially, DRAM revenue increased 27%",2025-08-28
2025,Q4,FQ4-FY2025,MU,prepared_remarks,https://s25.q4cdn.com/621799436/files/doc_financials/2025/q4/Q4-2025-Prepared-Remarks-1.pdf,NAND,revenue,2.3,"USD bn (as stated, rounded)",NAND revenue was $2.3 billion,2025-08-28
2025,Q4,FQ4-FY2025,MU,prepared_remarks,https://s25.q4cdn.com/621799436/files/doc_financials/2025/q4/Q4-2025-Prepared-Remarks-1.pdf,NAND,revenue_qoq_pct,5.0,pct,"Sequentially, NAND revenue increased 5%",2025-08-28
2025,Q4,FQ4-FY2025,MU,prepared_remarks,https://s25.q4cdn.com/621799436/files/doc_financials/2025/q4/Q4-2025-Prepared-Remarks-1.pdf,total,dio_days,124.0,days,"flow, representing 10% of revenue. Inventory Ending inventory for fiscal Q4 was $8.4 billion, or 124 days. Inventory was down $372 million sequen",2025-08-28
2026,Q1,FQ1-FY2026,MU,prepared_remarks,https://s25.q4cdn.com/621799436/files/doc_financials/2026/q1/Micron_Q1-2026-Prepared-Remarks.pdf,DRAM,revenue,10.8,"USD bn (as stated, rounded)",DRAM revenue was a record $10.8 billion,2025-11-27
2026,Q1,FQ1-FY2026,MU,prepared_remarks,https://s25.q4cdn.com/621799436/files/doc_financials/2026/q1/Micron_Q1-2026-Prepared-Remarks.pdf,DRAM,revenue_qoq_pct,20.0,pct,"Sequentially, DRAM revenue increased 20%",2025-11-27
2026,Q1,FQ1-FY2026,MU,prepared_remarks,https://s25.q4cdn.com/621799436/files/doc_financials/2026/q1/Micron_Q1-2026-Prepared-Remarks.pdf,NAND,revenue,2.7,"USD bn (as stated, rounded)",NAND revenue was a record $2.7 billion,2025-11-27
2026,Q1,FQ1-FY2026,MU,prepared_remarks,https://s25.q4cdn.com/621799436/files/doc_financials/2026/q1/Micron_Q1-2026-Prepared-Remarks.pdf,NAND,revenue_qoq_pct,22.0,pct,"Sequentially, NAND revenue increased 22%",2025-11-27
2026,Q1,FQ1-FY2026,MU,prepared_remarks,https://s25.q4cdn.com/621799436/files/doc_financials/2026/q1/Micron_Q1-2026-Prepared-Remarks.pdf,total,dio_days,126.0,days," inventory for fiscal Q1 was $8.2 billion, down $150 million sequentially, with days of inventory at 126. DRAM inventory days remain tight and b",2025-11-27
2026,Q2,FQ2-FY2026,MU,prepared_remarks,https://s25.q4cdn.com/621799436/files/doc_financials/2026/q2/Q2-2026-Prepared-Remarks.pdf,DRAM,revenue,18.8,"USD bn (as stated, rounded)",DRAM revenue was a record $18.8 billion,2026-02-26
2026,Q2,FQ2-FY2026,MU,prepared_remarks,https://s25.q4cdn.com/621799436/files/doc_financials/2026/q2/Q2-2026-Prepared-Remarks.pdf,DRAM,revenue_qoq_pct,74.0,pct,"Sequentially, DRAM revenue increased 74%",2026-02-26
2026,Q2,FQ2-FY2026,MU,prepared_remarks,https://s25.q4cdn.com/621799436/files/doc_financials/2026/q2/Q2-2026-Prepared-Remarks.pdf,NAND,revenue,5.0,"USD bn (as stated, rounded)",NAND revenue was a record $5.0 billion,2026-02-26
2026,Q2,FQ2-FY2026,MU,prepared_remarks,https://s25.q4cdn.com/621799436/files/doc_financials/2026/q2/Q2-2026-Prepared-Remarks.pdf,NAND,revenue_qoq_pct,82.0,pct,"Sequentially, NAND revenue increased 82%",2026-02-26
2026,Q2,FQ2-FY2026,MU,prepared_remarks,https://s25.q4cdn.com/621799436/files/doc_financials/2026/q2/Q2-2026-Prepared-Remarks.pdf,total,dio_days,123.0,days,"ding inventory for fiscal Q2 was $8.3 billion, up $62 million sequentially with days of inventory at 123. DRAM inventory days remain especially ",2026-02-26
2026,Q3,FQ3-FY2026,MU,prepared_remarks,https://s25.q4cdn.com/621799436/files/doc_financials/2026/q3/Q3-FY26-Prepared-Remarks.pdf,DRAM,revenue,31.3,"USD bn (as stated, rounded)",DRAM revenue was a record $31.3 billion,2026-05-28
2026,Q3,FQ3-FY2026,MU,prepared_remarks,https://s25.q4cdn.com/621799436/files/doc_financials/2026/q3/Q3-FY26-Prepared-Remarks.pdf,DRAM,revenue_qoq_pct,67.0,pct,"Sequentially, DRAM revenue increased 67%",2026-05-28
2026,Q3,FQ3-FY2026,MU,prepared_remarks,https://s25.q4cdn.com/621799436/files/doc_financials/2026/q3/Q3-FY26-Prepared-Remarks.pdf,NAND,revenue,9.9,"USD bn (as stated, rounded)",NAND revenue was a record $9.9 billion,2026-05-28
2026,Q3,FQ3-FY2026,MU,prepared_remarks,https://s25.q4cdn.com/621799436/files/doc_financials/2026/q3/Q3-FY26-Prepared-Remarks.pdf,NAND,revenue_qoq_pct,99.0,pct,"Sequentially, NAND revenue increased 99%",2026-05-28
2026,Q3,FQ3-FY2026,MU,prepared_remarks,https://s25.q4cdn.com/621799436/files/doc_financials/2026/q3/Q3-FY26-Prepared-Remarks.pdf,total,dio_days,120.0,days,"or the company. Inventory Ending inventory for fiscal Q3 was $8.6 billion, with days of inventory at 120. DRAM inventories are very tight and be",2026-05-28
2026,Q4,FQ4-FY2026,MU,prepared_remarks,https://s25.q4cdn.com/621799436/files/doc_financials/2026/q4/Q4-FY26-Prepared-Remarks.pdf,DRAM,revenue,39.8,"USD bn (as stated, rounded)",DRAM revenue was a record $39.8 billion,2026-09-03
2026,Q4,FQ4-FY2026,MU,prepared_remarks,https://s25.q4cdn.com/621799436/files/doc_financials/2026/q4/Q4-FY26-Prepared-Remarks.pdf,DRAM,revenue_qoq_pct,27.0,pct,"Sequentially, DRAM revenue increased 27%",2026-09-03
2026,Q4,FQ4-FY2026,MU,prepared_remarks,https://s25.q4cdn.com/621799436/files/doc_financials/2026/q4/Q4-FY26-Prepared-Remarks.pdf,NAND,revenue,14.1,"USD bn (as stated, rounded)",NAND revenue was a record $14.1 billion,2026-09-03
2026,Q4,FQ4-FY2026,MU,prepared_remarks,https://s25.q4cdn.com/621799436/files/doc_financials/2026/q4/Q4-FY26-Prepared-Remarks.pdf,NAND,revenue_qoq_pct,42.0,pct,"Sequentially, NAND revenue increased 42%",2026-09-03
2026,Q4,FQ4-FY2026,MU,prepared_remarks,https://s25.q4cdn.com/621799436/files/doc_financials/2026/q4/Q4-FY26-Prepared-Remarks.pdf,total,dio_days,129.0,days,"$12.3 billion. Inventory Ending inventory for fiscal Q4 was $10.4 billion, with days of inventory (DIO) at 129, an increase of nine days sequentially.",2026-09-03
