period,reporter,partner,flow,hs_code,hs_description,metric,value,unit,net_weight_kg,hs_classification,source_url
2023-04,Republic of Korea,World,export,847330,Parts and accessories of computers (HS 8471); includes memory modules,export_value_fob,341604332.0,USD,326929.515,H6,https://comtradeapi.un.org/public/v1/preview/C/M/HS?reporterCode=410&period=202304&partnerCode=0&flowCode=X&cmdCode=847330
2023-05,Republic of Korea,World,export,847330,Parts and accessories of computers (HS 8471); includes memory modules,export_value_fob,426528324.0,USD,272541.659,H6,https://comtradeapi.un.org/public/v1/preview/C/M/HS?reporterCode=410&period=202305&partnerCode=0&flowCode=X&cmdCode=847330
2023-06,Republic of Korea,World,export,847330,Parts and accessories of computers (HS 8471); includes memory modules,export_value_fob,765307927.0,USD,446433.686,H6,https://comtradeapi.un.org/public/v1/preview/C/M/HS?reporterCode=410&period=202306&partnerCode=0&flowCode=X&cmdCode=847330
2023-07,Republic of Korea,World,export,847330,Parts and accessories of computers (HS 8471); includes memory modules,export_value_fob,587974898.0,USD,444356.589,H6,https://comtradeapi.un.org/public/v1/preview/C/M/HS?reporterCode=410&period=202307&partnerCode=0&flowCode=X&cmdCode=847330
2023-08,Republic of Korea,World,export,847330,Parts and accessories of computers (HS 8471); includes memory modules,export_value_fob,562083366.0,USD,258475.936,H6,https://comtradeapi.un.org/public/v1/preview/C/M/HS?reporterCode=410&period=202308&partnerCode=0&flowCode=X&cmdCode=847330
2023-09,Republic of Korea,World,export,847330,Parts and accessories of computers (HS 8471); includes memory modules,export_value_fob,1202829177.0,USD,493604.152,H6,https://comtradeapi.un.org/public/v1/preview/C/M/HS?reporterCode=410&period=202309&partnerCode=0&flowCode=X&cmdCode=847330
2023-10,Republic of Korea,World,export,847330,Parts and accessories of computers (HS 8471); includes memory modules,export_value_fob,799894642.0,USD,280344.415,H6,https://comtradeapi.un.org/public/v1/preview/C/M/HS?reporterCode=410&period=202310&partnerCode=0&flowCode=X&cmdCode=847330
2023-11,Republic of Korea,World,export,847330,Parts and accessories of computers (HS 8471); includes memory modules,export_value_fob,1033256068.0,USD,384967.884,H6,https://comtradeapi.un.org/public/v1/preview/C/M/HS?reporterCode=410&period=202311&partnerCode=0&flowCode=X&cmdCode=847330
2023-12,Republic of Korea,World,export,847330,Parts and accessories of computers (HS 8471); includes memory modules,export_value_fob,1716548872.0,USD,418155.136,H6,https://comtradeapi.un.org/public/v1/preview/C/M/HS?reporterCode=410&period=202312&partnerCode=0&flowCode=X&cmdCode=847330
2024-01,Republic of Korea,World,export,847330,Parts and accessories of computers (HS 8471); includes memory modules,export_value_fob,796524235.0,USD,265685.893,H6,https://comtradeapi.un.org/public/v1/preview/C/M/HS?reporterCode=410&period=202401&partnerCode=0&flowCode=X&cmdCode=847330
2024-02,Republic of Korea,World,export,847330,Parts and accessories of computers (HS 8471); includes memory modules,export_value_fob,933444842.0,USD,284720.458,H6,https://comtradeapi.un.org/public/v1/preview/C/M/HS?reporterCode=410&period=202402&partnerCode=0&flowCode=X&cmdCode=847330
2024-03,Republic of Korea,World,export,847330,Parts and accessories of computers (HS 8471); includes memory modules,export_value_fob,1719385829.0,USD,423566.787,H6,https://comtradeapi.un.org/public/v1/preview/C/M/HS?reporterCode=410&period=202403&partnerCode=0&flowCode=X&cmdCode=847330
2024-04,Republic of Korea,World,export,847330,Parts and accessories of computers (HS 8471); includes memory modules,export_value_fob,964988426.0,USD,386156.954,H6,https://comtradeapi.un.org/public/v1/preview/C/M/HS?reporterCode=410&period=202404&partnerCode=0&flowCode=X&cmdCode=847330
2024-05,Republic of Korea,World,export,847330,Parts and accessories of computers (HS 8471); includes memory modules,export_value_fob,1187439367.0,USD,385067.71,H6,https://comtradeapi.un.org/public/v1/preview/C/M/HS?reporterCode=410&period=202405&partnerCode=0&flowCode=X&cmdCode=847330
2024-06,Republic of Korea,World,export,847330,Parts and accessories of computers (HS 8471); includes memory modules,export_value_fob,1810825076.0,USD,381465.179,H6,https://comtradeapi.un.org/public/v1/preview/C/M/HS?reporterCode=410&period=202406&partnerCode=0&flowCode=X&cmdCode=847330
2024-07,Republic of Korea,World,export,847330,Parts and accessories of computers (HS 8471); includes memory modules,export_value_fob,1037474876.0,USD,409380.038,H6,https://comtradeapi.un.org/public/v1/preview/C/M/HS?reporterCode=410&period=202407&partnerCode=0&flowCode=X&cmdCode=847330
2024-08,Republic of Korea,World,export,847330,Parts and accessories of computers (HS 8471); includes memory modules,export_value_fob,1298670328.0,USD,361500.568,H6,https://comtradeapi.un.org/public/v1/preview/C/M/HS?reporterCode=410&period=202408&partnerCode=0&flowCode=X&cmdCode=847330
2024-09,Republic of Korea,World,export,847330,Parts and accessories of computers (HS 8471); includes memory modules,export_value_fob,1827262531.0,USD,404707.733,H6,https://comtradeapi.un.org/public/v1/preview/C/M/HS?reporterCode=410&period=202409&partnerCode=0&flowCode=X&cmdCode=847330
2024-10,Republic of Korea,World,export,847330,Parts and accessories of computers (HS 8471); includes memory modules,export_value_fob,1210787888.0,USD,300699.794,H6,https://comtradeapi.un.org/public/v1/preview/C/M/HS?reporterCode=410&period=202410&partnerCode=0&flowCode=X&cmdCode=847330
2024-11,Republic of Korea,World,export,847330,Parts and accessories of computers (HS 8471); includes memory modules,export_value_fob,1575113489.0,USD,412993.576,H6,https://comtradeapi.un.org/public/v1/preview/C/M/HS?reporterCode=410&period=202411&partnerCode=0&flowCode=X&cmdCode=847330
2024-12,Republic of Korea,World,export,847330,Parts and accessories of computers (HS 8471); includes memory modules,export_value_fob,2408917461.0,USD,442672.527,H6,https://comtradeapi.un.org/public/v1/preview/C/M/HS?reporterCode=410&period=202412&partnerCode=0&flowCode=X&cmdCode=847330
2025-01,Republic of Korea,World,export,847330,Parts and accessories of computers (HS 8471); includes memory modules,export_value_fob,1459231534.0,USD,284578.235,H6,https://comtradeapi.un.org/public/v1/preview/C/M/HS?reporterCode=410&period=202501&partnerCode=0&flowCode=X&cmdCode=847330
2025-02,Republic of Korea,World,export,847330,Parts and accessories of computers (HS 8471); includes memory modules,export_value_fob,1123803687.0,USD,304225.758,H6,https://comtradeapi.un.org/public/v1/preview/C/M/HS?reporterCode=410&period=202502&partnerCode=0&flowCode=X&cmdCode=847330
2025-03,Republic of Korea,World,export,847330,Parts and accessories of computers (HS 8471); includes memory modules,export_value_fob,2165365840.0,USD,472388.915,H6,https://comtradeapi.un.org/public/v1/preview/C/M/HS?reporterCode=410&period=202503&partnerCode=0&flowCode=X&cmdCode=847330
2025-04,Republic of Korea,World,export,847330,Parts and accessories of computers (HS 8471); includes memory modules,export_value_fob,1414896357.0,USD,376186.013,H6,https://comtradeapi.un.org/public/v1/preview/C/M/HS?reporterCode=410&period=202504&partnerCode=0&flowCode=X&cmdCode=847330
2025-05,Republic of Korea,World,export,847330,Parts and accessories of computers (HS 8471); includes memory modules,export_value_fob,1746661779.0,USD,480043.163,H6,https://comtradeapi.un.org/public/v1/preview/C/M/HS?reporterCode=410&period=202505&partnerCode=0&flowCode=X&cmdCode=847330
2025-06,Republic of Korea,World,export,847330,Parts and accessories of computers (HS 8471); includes memory modules,export_value_fob,2246453265.0,USD,433007.885,H6,https://comtradeapi.un.org/public/v1/preview/C/M/HS?reporterCode=410&period=202506&partnerCode=0&flowCode=X&cmdCode=847330
2025-07,Republic of Korea,World,export,847330,Parts and accessories of computers (HS 8471); includes memory modules,export_value_fob,1948988534.0,USD,403912.999,H6,https://comtradeapi.un.org/public/v1/preview/C/M/HS?reporterCode=410&period=202507&partnerCode=0&flowCode=X&cmdCode=847330
2025-08,Republic of Korea,World,export,847330,Parts and accessories of computers (HS 8471); includes memory modules,export_value_fob,2028369565.0,USD,491308.802,H6,https://comtradeapi.un.org/public/v1/preview/C/M/HS?reporterCode=410&period=202508&partnerCode=0&flowCode=X&cmdCode=847330
2025-09,Republic of Korea,World,export,847330,Parts and accessories of computers (HS 8471); includes memory modules,export_value_fob,2496268045.0,USD,479380.914,H6,https://comtradeapi.un.org/public/v1/preview/C/M/HS?reporterCode=410&period=202509&partnerCode=0&flowCode=X&cmdCode=847330
2025-10,Republic of Korea,World,export,847330,Parts and accessories of computers (HS 8471); includes memory modules,export_value_fob,2037963920.0,USD,366901.882,H6,https://comtradeapi.un.org/public/v1/preview/C/M/HS?reporterCode=410&period=202510&partnerCode=0&flowCode=X&cmdCode=847330
2025-11,Republic of Korea,World,export,847330,Parts and accessories of computers (HS 8471); includes memory modules,export_value_fob,2667386251.0,USD,363453.664,H6,https://comtradeapi.un.org/public/v1/preview/C/M/HS?reporterCode=410&period=202511&partnerCode=0&flowCode=X&cmdCode=847330
2025-12,Republic of Korea,World,export,847330,Parts and accessories of computers (HS 8471); includes memory modules,export_value_fob,3555200845.0,USD,452861.061,H6,https://comtradeapi.un.org/public/v1/preview/C/M/HS?reporterCode=410&period=202512&partnerCode=0&flowCode=X&cmdCode=847330
2023-04,Republic of Korea,World,export,852351,Semiconductor media: solid-state non-volatile storage devices (SSD/flash cards),export_value_fob,288853268.0,USD,159114.166,H6,https://comtradeapi.un.org/public/v1/preview/C/M/HS?reporterCode=410&period=202304&partnerCode=0&flowCode=X&cmdCode=852351
2023-05,Republic of Korea,World,export,852351,Semiconductor media: solid-state non-volatile storage devices (SSD/flash cards),export_value_fob,528339012.0,USD,223282.595,H6,https://comtradeapi.un.org/public/v1/preview/C/M/HS?reporterCode=410&period=202305&partnerCode=0&flowCode=X&cmdCode=852351
2023-06,Republic of Korea,World,export,852351,Semiconductor media: solid-state non-volatile storage devices (SSD/flash cards),export_value_fob,529626357.0,USD,234654.1,H6,https://comtradeapi.un.org/public/v1/preview/C/M/HS?reporterCode=410&period=202306&partnerCode=0&flowCode=X&cmdCode=852351
2023-07,Republic of Korea,World,export,852351,Semiconductor media: solid-state non-volatile storage devices (SSD/flash cards),export_value_fob,527576830.0,USD,231463.808,H6,https://comtradeapi.un.org/public/v1/preview/C/M/HS?reporterCode=410&period=202307&partnerCode=0&flowCode=X&cmdCode=852351
2023-08,Republic of Korea,World,export,852351,Semiconductor media: solid-state non-volatile storage devices (SSD/flash cards),export_value_fob,356373767.0,USD,143501.098,H6,https://comtradeapi.un.org/public/v1/preview/C/M/HS?reporterCode=410&period=202308&partnerCode=0&flowCode=X&cmdCode=852351
2023-09,Republic of Korea,World,export,852351,Semiconductor media: solid-state non-volatile storage devices (SSD/flash cards),export_value_fob,462178818.0,USD,210462.781,H6,https://comtradeapi.un.org/public/v1/preview/C/M/HS?reporterCode=410&period=202309&partnerCode=0&flowCode=X&cmdCode=852351
2023-10,Republic of Korea,World,export,852351,Semiconductor media: solid-state non-volatile storage devices (SSD/flash cards),export_value_fob,423537972.0,USD,181433.236,H6,https://comtradeapi.un.org/public/v1/preview/C/M/HS?reporterCode=410&period=202310&partnerCode=0&flowCode=X&cmdCode=852351
2023-11,Republic of Korea,World,export,852351,Semiconductor media: solid-state non-volatile storage devices (SSD/flash cards),export_value_fob,391433737.0,USD,151000.971,H6,https://comtradeapi.un.org/public/v1/preview/C/M/HS?reporterCode=410&period=202311&partnerCode=0&flowCode=X&cmdCode=852351
2023-12,Republic of Korea,World,export,852351,Semiconductor media: solid-state non-volatile storage devices (SSD/flash cards),export_value_fob,485780337.0,USD,193512.403,H6,https://comtradeapi.un.org/public/v1/preview/C/M/HS?reporterCode=410&period=202312&partnerCode=0&flowCode=X&cmdCode=852351
2024-01,Republic of Korea,World,export,852351,Semiconductor media: solid-state non-volatile storage devices (SSD/flash cards),export_value_fob,501798372.0,USD,157522.088,H6,https://comtradeapi.un.org/public/v1/preview/C/M/HS?reporterCode=410&period=202401&partnerCode=0&flowCode=X&cmdCode=852351
2024-02,Republic of Korea,World,export,852351,Semiconductor media: solid-state non-volatile storage devices (SSD/flash cards),export_value_fob,447193036.0,USD,137301.017,H6,https://comtradeapi.un.org/public/v1/preview/C/M/HS?reporterCode=410&period=202402&partnerCode=0&flowCode=X&cmdCode=852351
2024-03,Republic of Korea,World,export,852351,Semiconductor media: solid-state non-volatile storage devices (SSD/flash cards),export_value_fob,694805231.0,USD,185944.398,H6,https://comtradeapi.un.org/public/v1/preview/C/M/HS?reporterCode=410&period=202403&partnerCode=0&flowCode=X&cmdCode=852351
2024-04,Republic of Korea,World,export,852351,Semiconductor media: solid-state non-volatile storage devices (SSD/flash cards),export_value_fob,597886050.0,USD,161798.716,H6,https://comtradeapi.un.org/public/v1/preview/C/M/HS?reporterCode=410&period=202404&partnerCode=0&flowCode=X&cmdCode=852351
2024-05,Republic of Korea,World,export,852351,Semiconductor media: solid-state non-volatile storage devices (SSD/flash cards),export_value_fob,848226860.0,USD,192148.161,H6,https://comtradeapi.un.org/public/v1/preview/C/M/HS?reporterCode=410&period=202405&partnerCode=0&flowCode=X&cmdCode=852351
2024-06,Republic of Korea,World,export,852351,Semiconductor media: solid-state non-volatile storage devices (SSD/flash cards),export_value_fob,963185272.0,USD,189866.129,H6,https://comtradeapi.un.org/public/v1/preview/C/M/HS?reporterCode=410&period=202406&partnerCode=0&flowCode=X&cmdCode=852351
2024-07,Republic of Korea,World,export,852351,Semiconductor media: solid-state non-volatile storage devices (SSD/flash cards),export_value_fob,969262346.0,USD,158555.026,H6,https://comtradeapi.un.org/public/v1/preview/C/M/HS?reporterCode=410&period=202407&partnerCode=0&flowCode=X&cmdCode=852351
2024-08,Republic of Korea,World,export,852351,Semiconductor media: solid-state non-volatile storage devices (SSD/flash cards),export_value_fob,1247568689.0,USD,189238.729,H6,https://comtradeapi.un.org/public/v1/preview/C/M/HS?reporterCode=410&period=202408&partnerCode=0&flowCode=X&cmdCode=852351
2024-09,Republic of Korea,World,export,852351,Semiconductor media: solid-state non-volatile storage devices (SSD/flash cards),export_value_fob,1243449676.0,USD,201905.186,H6,https://comtradeapi.un.org/public/v1/preview/C/M/HS?reporterCode=410&period=202409&partnerCode=0&flowCode=X&cmdCode=852351
2024-10,Republic of Korea,World,export,852351,Semiconductor media: solid-state non-volatile storage devices (SSD/flash cards),export_value_fob,710586199.0,USD,139252.878,H6,https://comtradeapi.un.org/public/v1/preview/C/M/HS?reporterCode=410&period=202410&partnerCode=0&flowCode=X&cmdCode=852351
2024-11,Republic of Korea,World,export,852351,Semiconductor media: solid-state non-volatile storage devices (SSD/flash cards),export_value_fob,1148394262.0,USD,189404.139,H6,https://comtradeapi.un.org/public/v1/preview/C/M/HS?reporterCode=410&period=202411&partnerCode=0&flowCode=X&cmdCode=852351
2024-12,Republic of Korea,World,export,852351,Semiconductor media: solid-state non-volatile storage devices (SSD/flash cards),export_value_fob,1254068309.0,USD,215341.332,H6,https://comtradeapi.un.org/public/v1/preview/C/M/HS?reporterCode=410&period=202412&partnerCode=0&flowCode=X&cmdCode=852351
2025-01,Republic of Korea,World,export,852351,Semiconductor media: solid-state non-volatile storage devices (SSD/flash cards),export_value_fob,640156549.0,USD,144646.124,H6,https://comtradeapi.un.org/public/v1/preview/C/M/HS?reporterCode=410&period=202501&partnerCode=0&flowCode=X&cmdCode=852351
2025-02,Republic of Korea,World,export,852351,Semiconductor media: solid-state non-volatile storage devices (SSD/flash cards),export_value_fob,622803738.0,USD,133970.434,H6,https://comtradeapi.un.org/public/v1/preview/C/M/HS?reporterCode=410&period=202502&partnerCode=0&flowCode=X&cmdCode=852351
2025-03,Republic of Korea,World,export,852351,Semiconductor media: solid-state non-volatile storage devices (SSD/flash cards),export_value_fob,1001625423.0,USD,198384.762,H6,https://comtradeapi.un.org/public/v1/preview/C/M/HS?reporterCode=410&period=202503&partnerCode=0&flowCode=X&cmdCode=852351
2025-04,Republic of Korea,World,export,852351,Semiconductor media: solid-state non-volatile storage devices (SSD/flash cards),export_value_fob,472586413.0,USD,114091.099,H6,https://comtradeapi.un.org/public/v1/preview/C/M/HS?reporterCode=410&period=202504&partnerCode=0&flowCode=X&cmdCode=852351
2025-05,Republic of Korea,World,export,852351,Semiconductor media: solid-state non-volatile storage devices (SSD/flash cards),export_value_fob,906046786.0,USD,185466.468,H6,https://comtradeapi.un.org/public/v1/preview/C/M/HS?reporterCode=410&period=202505&partnerCode=0&flowCode=X&cmdCode=852351
2025-06,Republic of Korea,World,export,852351,Semiconductor media: solid-state non-volatile storage devices (SSD/flash cards),export_value_fob,1133937470.0,USD,219752.985,H6,https://comtradeapi.un.org/public/v1/preview/C/M/HS?reporterCode=410&period=202506&partnerCode=0&flowCode=X&cmdCode=852351
2025-07,Republic of Korea,World,export,852351,Semiconductor media: solid-state non-volatile storage devices (SSD/flash cards),export_value_fob,751929364.0,USD,183961.458,H6,https://comtradeapi.un.org/public/v1/preview/C/M/HS?reporterCode=410&period=202507&partnerCode=0&flowCode=X&cmdCode=852351
2025-08,Republic of Korea,World,export,852351,Semiconductor media: solid-state non-volatile storage devices (SSD/flash cards),export_value_fob,1031464319.0,USD,235400.741,H6,https://comtradeapi.un.org/public/v1/preview/C/M/HS?reporterCode=410&period=202508&partnerCode=0&flowCode=X&cmdCode=852351
2025-09,Republic of Korea,World,export,852351,Semiconductor media: solid-state non-volatile storage devices (SSD/flash cards),export_value_fob,1069137104.0,USD,264205.606,H6,https://comtradeapi.un.org/public/v1/preview/C/M/HS?reporterCode=410&period=202509&partnerCode=0&flowCode=X&cmdCode=852351
2025-10,Republic of Korea,World,export,852351,Semiconductor media: solid-state non-volatile storage devices (SSD/flash cards),export_value_fob,823518815.0,USD,194641.418,H6,https://comtradeapi.un.org/public/v1/preview/C/M/HS?reporterCode=410&period=202510&partnerCode=0&flowCode=X&cmdCode=852351
2025-11,Republic of Korea,World,export,852351,Semiconductor media: solid-state non-volatile storage devices (SSD/flash cards),export_value_fob,1203534878.0,USD,228410.587,H6,https://comtradeapi.un.org/public/v1/preview/C/M/HS?reporterCode=410&period=202511&partnerCode=0&flowCode=X&cmdCode=852351
2025-12,Republic of Korea,World,export,852351,Semiconductor media: solid-state non-volatile storage devices (SSD/flash cards),export_value_fob,1796519448.0,USD,266223.715,H6,https://comtradeapi.un.org/public/v1/preview/C/M/HS?reporterCode=410&period=202512&partnerCode=0&flowCode=X&cmdCode=852351
2023-04,Republic of Korea,World,export,8542,Electronic integrated circuits (all),export_value_fob,5762709034.0,USD,1449101.356,H6,https://comtradeapi.un.org/public/v1/preview/C/M/HS?reporterCode=410&period=202304&partnerCode=0&flowCode=X&cmdCode=8542
2023-05,Republic of Korea,World,export,8542,Electronic integrated circuits (all),export_value_fob,6687921008.0,USD,1524923.492,H6,https://comtradeapi.un.org/public/v1/preview/C/M/HS?reporterCode=410&period=202305&partnerCode=0&flowCode=X&cmdCode=8542
2023-06,Republic of Korea,World,export,8542,Electronic integrated circuits (all),export_value_fob,7832258127.0,USD,1560219.648,H6,https://comtradeapi.un.org/public/v1/preview/C/M/HS?reporterCode=410&period=202306&partnerCode=0&flowCode=X&cmdCode=8542
2023-07,Republic of Korea,World,export,8542,Electronic integrated circuits (all),export_value_fob,6543938291.0,USD,1423657.574,H6,https://comtradeapi.un.org/public/v1/preview/C/M/HS?reporterCode=410&period=202307&partnerCode=0&flowCode=X&cmdCode=8542
2023-08,Republic of Korea,World,export,8542,Electronic integrated circuits (all),export_value_fob,7712698895.0,USD,1577142.94,H6,https://comtradeapi.un.org/public/v1/preview/C/M/HS?reporterCode=410&period=202308&partnerCode=0&flowCode=X&cmdCode=8542
2023-09,Republic of Korea,World,export,8542,Electronic integrated circuits (all),export_value_fob,8438818525.0,USD,1565445.585,H6,https://comtradeapi.un.org/public/v1/preview/C/M/HS?reporterCode=410&period=202309&partnerCode=0&flowCode=X&cmdCode=8542
2023-10,Republic of Korea,World,export,8542,Electronic integrated circuits (all),export_value_fob,7829558077.0,USD,1501735.441,H6,https://comtradeapi.un.org/public/v1/preview/C/M/HS?reporterCode=410&period=202310&partnerCode=0&flowCode=X&cmdCode=8542
2023-11,Republic of Korea,World,export,8542,Electronic integrated circuits (all),export_value_fob,8163008110.0,USD,1504293.765,H6,https://comtradeapi.un.org/public/v1/preview/C/M/HS?reporterCode=410&period=202311&partnerCode=0&flowCode=X&cmdCode=8542
2023-12,Republic of Korea,World,export,8542,Electronic integrated circuits (all),export_value_fob,9004381772.0,USD,1449636.763,H6,https://comtradeapi.un.org/public/v1/preview/C/M/HS?reporterCode=410&period=202312&partnerCode=0&flowCode=X&cmdCode=8542
2024-01,Republic of Korea,World,export,8542,Electronic integrated circuits (all),export_value_fob,8203888690.0,USD,1473218.878,H6,https://comtradeapi.un.org/public/v1/preview/C/M/HS?reporterCode=410&period=202401&partnerCode=0&flowCode=X&cmdCode=8542
2024-02,Republic of Korea,World,export,8542,Electronic integrated circuits (all),export_value_fob,8619440764.0,USD,1397640.877,H6,https://comtradeapi.un.org/public/v1/preview/C/M/HS?reporterCode=410&period=202402&partnerCode=0&flowCode=X&cmdCode=8542
2024-03,Republic of Korea,World,export,8542,Electronic integrated circuits (all),export_value_fob,9582279389.0,USD,1464995.768,H6,https://comtradeapi.un.org/public/v1/preview/C/M/HS?reporterCode=410&period=202403&partnerCode=0&flowCode=X&cmdCode=8542
2024-04,Republic of Korea,World,export,8542,Electronic integrated circuits (all),export_value_fob,8623164692.0,USD,1456148.007,H6,https://comtradeapi.un.org/public/v1/preview/C/M/HS?reporterCode=410&period=202404&partnerCode=0&flowCode=X&cmdCode=8542
2024-05,Republic of Korea,World,export,8542,Electronic integrated circuits (all),export_value_fob,9814340738.0,USD,1502439.375,H6,https://comtradeapi.un.org/public/v1/preview/C/M/HS?reporterCode=410&period=202405&partnerCode=0&flowCode=X&cmdCode=8542
2024-06,Republic of Korea,World,export,8542,Electronic integrated circuits (all),export_value_fob,11217510055.0,USD,1507944.139,H6,https://comtradeapi.un.org/public/v1/preview/C/M/HS?reporterCode=410&period=202406&partnerCode=0&flowCode=X&cmdCode=8542
2024-07,Republic of Korea,World,export,8542,Electronic integrated circuits (all),export_value_fob,9734763828.0,USD,1509053.881,H6,https://comtradeapi.un.org/public/v1/preview/C/M/HS?reporterCode=410&period=202407&partnerCode=0&flowCode=X&cmdCode=8542
2024-08,Republic of Korea,World,export,8542,Electronic integrated circuits (all),export_value_fob,10133553200.0,USD,1500848.894,H6,https://comtradeapi.un.org/public/v1/preview/C/M/HS?reporterCode=410&period=202408&partnerCode=0&flowCode=X&cmdCode=8542
2024-09,Republic of Korea,World,export,8542,Electronic integrated circuits (all),export_value_fob,11327044992.0,USD,1533376.345,H6,https://comtradeapi.un.org/public/v1/preview/C/M/HS?reporterCode=410&period=202409&partnerCode=0&flowCode=X&cmdCode=8542
2024-10,Republic of Korea,World,export,8542,Electronic integrated circuits (all),export_value_fob,10837726804.0,USD,1495472.496,H6,https://comtradeapi.un.org/public/v1/preview/C/M/HS?reporterCode=410&period=202410&partnerCode=0&flowCode=X&cmdCode=8542
2024-11,Republic of Korea,World,export,8542,Electronic integrated circuits (all),export_value_fob,10423527651.0,USD,1509648.244,H6,https://comtradeapi.un.org/public/v1/preview/C/M/HS?reporterCode=410&period=202411&partnerCode=0&flowCode=X&cmdCode=8542
2024-12,Republic of Korea,World,export,8542,Electronic integrated circuits (all),export_value_fob,11672044281.0,USD,1492979.938,H6,https://comtradeapi.un.org/public/v1/preview/C/M/HS?reporterCode=410&period=202412&partnerCode=0&flowCode=X&cmdCode=8542
2025-01,Republic of Korea,World,export,8542,Electronic integrated circuits (all),export_value_fob,8268989656.0,USD,1365873.896,H6,https://comtradeapi.un.org/public/v1/preview/C/M/HS?reporterCode=410&period=202501&partnerCode=0&flowCode=X&cmdCode=8542
2025-02,Republic of Korea,World,export,8542,Electronic integrated circuits (all),export_value_fob,8112391734.0,USD,1383521.248,H6,https://comtradeapi.un.org/public/v1/preview/C/M/HS?reporterCode=410&period=202502&partnerCode=0&flowCode=X&cmdCode=8542
2025-03,Republic of Korea,World,export,8542,Electronic integrated circuits (all),export_value_fob,10455177574.0,USD,1569010.399,H6,https://comtradeapi.un.org/public/v1/preview/C/M/HS?reporterCode=410&period=202503&partnerCode=0&flowCode=X&cmdCode=8542
2025-04,Republic of Korea,World,export,8542,Electronic integrated circuits (all),export_value_fob,9775948355.0,USD,1590022.166,H6,https://comtradeapi.un.org/public/v1/preview/C/M/HS?reporterCode=410&period=202504&partnerCode=0&flowCode=X&cmdCode=8542
2025-05,Republic of Korea,World,export,8542,Electronic integrated circuits (all),export_value_fob,11574556621.0,USD,,H6,https://comtradeapi.un.org/public/v1/preview/C/M/HS?reporterCode=410&period=202505&partnerCode=0&flowCode=X&cmdCode=8542
2025-06,Republic of Korea,World,export,8542,Electronic integrated circuits (all),export_value_fob,12255310096.0,USD,1605434.561,H6,https://comtradeapi.un.org/public/v1/preview/C/M/HS?reporterCode=410&period=202506&partnerCode=0&flowCode=X&cmdCode=8542
2025-07,Republic of Korea,World,export,8542,Electronic integrated circuits (all),export_value_fob,12288713721.0,USD,1699752.195,H6,https://comtradeapi.un.org/public/v1/preview/C/M/HS?reporterCode=410&period=202507&partnerCode=0&flowCode=X&cmdCode=8542
2025-08,Republic of Korea,World,export,8542,Electronic integrated circuits (all),export_value_fob,12615814759.0,USD,1653472.875,H6,https://comtradeapi.un.org/public/v1/preview/C/M/HS?reporterCode=410&period=202508&partnerCode=0&flowCode=X&cmdCode=8542
2025-09,Republic of Korea,World,export,8542,Electronic integrated circuits (all),export_value_fob,13623717419.0,USD,1765395.932,H6,https://comtradeapi.un.org/public/v1/preview/C/M/HS?reporterCode=410&period=202509&partnerCode=0&flowCode=X&cmdCode=8542
2025-10,Republic of Korea,World,export,8542,Electronic integrated circuits (all),export_value_fob,13175851662.0,USD,1592106.375,H6,https://comtradeapi.un.org/public/v1/preview/C/M/HS?reporterCode=410&period=202510&partnerCode=0&flowCode=X&cmdCode=8542
2025-11,Republic of Korea,World,export,8542,Electronic integrated circuits (all),export_value_fob,13954468154.0,USD,1532418.643,H6,https://comtradeapi.un.org/public/v1/preview/C/M/HS?reporterCode=410&period=202511&partnerCode=0&flowCode=X&cmdCode=8542
2025-12,Republic of Korea,World,export,8542,Electronic integrated circuits (all),export_value_fob,16726109703.0,USD,1645440.588,H6,https://comtradeapi.un.org/public/v1/preview/C/M/HS?reporterCode=410&period=202512&partnerCode=0&flowCode=X&cmdCode=8542
2023-04,Republic of Korea,World,export,854232,Electronic integrated circuits: memories,export_value_fob,2620417180.0,USD,276219.987,H6,https://comtradeapi.un.org/public/v1/preview/C/M/HS?reporterCode=410&period=202304&partnerCode=0&flowCode=X&cmdCode=854232
2023-05,Republic of Korea,World,export,854232,Electronic integrated circuits: memories,export_value_fob,3024480517.0,USD,300405.366,H6,https://comtradeapi.un.org/public/v1/preview/C/M/HS?reporterCode=410&period=202305&partnerCode=0&flowCode=X&cmdCode=854232
2023-06,Republic of Korea,World,export,854232,Electronic integrated circuits: memories,export_value_fob,4033803890.0,USD,383410.598,H6,https://comtradeapi.un.org/public/v1/preview/C/M/HS?reporterCode=410&period=202306&partnerCode=0&flowCode=X&cmdCode=854232
2023-07,Republic of Korea,World,export,854232,Electronic integrated circuits: memories,export_value_fob,3052040144.0,USD,266968.523,H6,https://comtradeapi.un.org/public/v1/preview/C/M/HS?reporterCode=410&period=202307&partnerCode=0&flowCode=X&cmdCode=854232
2023-08,Republic of Korea,World,export,854232,Electronic integrated circuits: memories,export_value_fob,3727057608.0,USD,314906.283,H6,https://comtradeapi.un.org/public/v1/preview/C/M/HS?reporterCode=410&period=202308&partnerCode=0&flowCode=X&cmdCode=854232
2023-09,Republic of Korea,World,export,854232,Electronic integrated circuits: memories,export_value_fob,4265429548.0,USD,366612.731,H6,https://comtradeapi.un.org/public/v1/preview/C/M/HS?reporterCode=410&period=202309&partnerCode=0&flowCode=X&cmdCode=854232
2023-10,Republic of Korea,World,export,854232,Electronic integrated circuits: memories,export_value_fob,3750564910.0,USD,277325.766,H6,https://comtradeapi.un.org/public/v1/preview/C/M/HS?reporterCode=410&period=202310&partnerCode=0&flowCode=X&cmdCode=854232
2023-11,Republic of Korea,World,export,854232,Electronic integrated circuits: memories,export_value_fob,4260883659.0,USD,303477.122,H6,https://comtradeapi.un.org/public/v1/preview/C/M/HS?reporterCode=410&period=202311&partnerCode=0&flowCode=X&cmdCode=854232
2023-12,Republic of Korea,World,export,854232,Electronic integrated circuits: memories,export_value_fob,5314815425.0,USD,370973.857,H6,https://comtradeapi.un.org/public/v1/preview/C/M/HS?reporterCode=410&period=202312&partnerCode=0&flowCode=X&cmdCode=854232
2024-01,Republic of Korea,World,export,854232,Electronic integrated circuits: memories,export_value_fob,4537021212.0,USD,276427.333,H6,https://comtradeapi.un.org/public/v1/preview/C/M/HS?reporterCode=410&period=202401&partnerCode=0&flowCode=X&cmdCode=854232
2024-02,Republic of Korea,World,export,854232,Electronic integrated circuits: memories,export_value_fob,5176639915.0,USD,270423.146,H6,https://comtradeapi.un.org/public/v1/preview/C/M/HS?reporterCode=410&period=202402&partnerCode=0&flowCode=X&cmdCode=854232
2024-03,Republic of Korea,World,export,854232,Electronic integrated circuits: memories,export_value_fob,5765592551.0,USD,272815.283,H6,https://comtradeapi.un.org/public/v1/preview/C/M/HS?reporterCode=410&period=202403&partnerCode=0&flowCode=X&cmdCode=854232
2024-04,Republic of Korea,World,export,854232,Electronic integrated circuits: memories,export_value_fob,4896711483.0,USD,253535.829,H6,https://comtradeapi.un.org/public/v1/preview/C/M/HS?reporterCode=410&period=202404&partnerCode=0&flowCode=X&cmdCode=854232
2024-05,Republic of Korea,World,export,854232,Electronic integrated circuits: memories,export_value_fob,5714466095.0,USD,258459.816,H6,https://comtradeapi.un.org/public/v1/preview/C/M/HS?reporterCode=410&period=202405&partnerCode=0&flowCode=X&cmdCode=854232
2024-06,Republic of Korea,World,export,854232,Electronic integrated circuits: memories,export_value_fob,7055050042.0,USD,324632.742,H6,https://comtradeapi.un.org/public/v1/preview/C/M/HS?reporterCode=410&period=202406&partnerCode=0&flowCode=X&cmdCode=854232
2024-07,Republic of Korea,World,export,854232,Electronic integrated circuits: memories,export_value_fob,5804491763.0,USD,253091.252,H6,https://comtradeapi.un.org/public/v1/preview/C/M/HS?reporterCode=410&period=202407&partnerCode=0&flowCode=X&cmdCode=854232
2024-08,Republic of Korea,World,export,854232,Electronic integrated circuits: memories,export_value_fob,6034933835.0,USD,250655.338,H6,https://comtradeapi.un.org/public/v1/preview/C/M/HS?reporterCode=410&period=202408&partnerCode=0&flowCode=X&cmdCode=854232
2024-09,Republic of Korea,World,export,854232,Electronic integrated circuits: memories,export_value_fob,6926348924.0,USD,290953.83,H6,https://comtradeapi.un.org/public/v1/preview/C/M/HS?reporterCode=410&period=202409&partnerCode=0&flowCode=X&cmdCode=854232
2024-10,Republic of Korea,World,export,854232,Electronic integrated circuits: memories,export_value_fob,6220656370.0,USD,212501.008,H6,https://comtradeapi.un.org/public/v1/preview/C/M/HS?reporterCode=410&period=202410&partnerCode=0&flowCode=X&cmdCode=854232
2024-11,Republic of Korea,World,export,854232,Electronic integrated circuits: memories,export_value_fob,6443621669.0,USD,257840.548,H6,https://comtradeapi.un.org/public/v1/preview/C/M/HS?reporterCode=410&period=202411&partnerCode=0&flowCode=X&cmdCode=854232
2024-12,Republic of Korea,World,export,854232,Electronic integrated circuits: memories,export_value_fob,7444169908.0,USD,285750.746,H6,https://comtradeapi.un.org/public/v1/preview/C/M/HS?reporterCode=410&period=202412&partnerCode=0&flowCode=X&cmdCode=854232
2025-01,Republic of Korea,World,export,854232,Electronic integrated circuits: memories,export_value_fob,4765687489.0,USD,229220.703,H6,https://comtradeapi.un.org/public/v1/preview/C/M/HS?reporterCode=410&period=202501&partnerCode=0&flowCode=X&cmdCode=854232
2025-02,Republic of Korea,World,export,854232,Electronic integrated circuits: memories,export_value_fob,4725936715.0,USD,253709.291,H6,https://comtradeapi.un.org/public/v1/preview/C/M/HS?reporterCode=410&period=202502&partnerCode=0&flowCode=X&cmdCode=854232
2025-03,Republic of Korea,World,export,854232,Electronic integrated circuits: memories,export_value_fob,6694283585.0,USD,333624.26,H6,https://comtradeapi.un.org/public/v1/preview/C/M/HS?reporterCode=410&period=202503&partnerCode=0&flowCode=X&cmdCode=854232
2025-04,Republic of Korea,World,export,854232,Electronic integrated circuits: memories,export_value_fob,5761054144.0,USD,282829.59,H6,https://comtradeapi.un.org/public/v1/preview/C/M/HS?reporterCode=410&period=202504&partnerCode=0&flowCode=X&cmdCode=854232
2025-05,Republic of Korea,World,export,854232,Electronic integrated circuits: memories,export_value_fob,7337463885.0,USD,341367.165,H6,https://comtradeapi.un.org/public/v1/preview/C/M/HS?reporterCode=410&period=202505&partnerCode=0&flowCode=X&cmdCode=854232
2025-06,Republic of Korea,World,export,854232,Electronic integrated circuits: memories,export_value_fob,8230251105.0,USD,378325.938,H6,https://comtradeapi.un.org/public/v1/preview/C/M/HS?reporterCode=410&period=202506&partnerCode=0&flowCode=X&cmdCode=854232
2025-07,Republic of Korea,World,export,854232,Electronic integrated circuits: memories,export_value_fob,7560781209.0,USD,331548.717,H6,https://comtradeapi.un.org/public/v1/preview/C/M/HS?reporterCode=410&period=202507&partnerCode=0&flowCode=X&cmdCode=854232
2025-08,Republic of Korea,World,export,854232,Electronic integrated circuits: memories,export_value_fob,8504645011.0,USD,325039.776,H6,https://comtradeapi.un.org/public/v1/preview/C/M/HS?reporterCode=410&period=202508&partnerCode=0&flowCode=X&cmdCode=854232
2025-09,Republic of Korea,World,export,854232,Electronic integrated circuits: memories,export_value_fob,9345974750.0,USD,369663.285,H6,https://comtradeapi.un.org/public/v1/preview/C/M/HS?reporterCode=410&period=202509&partnerCode=0&flowCode=X&cmdCode=854232
2025-10,Republic of Korea,World,export,854232,Electronic integrated circuits: memories,export_value_fob,8886616348.0,USD,310323.09,H6,https://comtradeapi.un.org/public/v1/preview/C/M/HS?reporterCode=410&period=202510&partnerCode=0&flowCode=X&cmdCode=854232
2025-11,Republic of Korea,World,export,854232,Electronic integrated circuits: memories,export_value_fob,10163661372.0,USD,306191.703,H6,https://comtradeapi.un.org/public/v1/preview/C/M/HS?reporterCode=410&period=202511&partnerCode=0&flowCode=X&cmdCode=854232
2025-12,Republic of Korea,World,export,854232,Electronic integrated circuits: memories,export_value_fob,12636909750.0,USD,359384.343,H6,https://comtradeapi.un.org/public/v1/preview/C/M/HS?reporterCode=410&period=202512&partnerCode=0&flowCode=X&cmdCode=854232
